{
  "configVersion": 1,
  "timestamp": 1584797839753,
  "index": "/index.html",
  "assetGroups": [
    {
      "name": "app",
      "installMode": "prefetch",
      "updateMode": "prefetch",
      "urls": [
        "/1.2f75ebc8016a5516b1af.js",
        "/2.3424030bda5be1816b90.js",
        "/7.e70e0da5720cdd3cc09a.js",
        "/8.29d8963fd3be5fd2cd41.js",
        "/9.cdf04e5a542b3c17bcb5.js",
        "/es2015-polyfills.e84ddf00a48e68ca6ebd.js",
        "/favicon.ico",
        "/index.html",
        "/main.7cf6ee7eb714db4fbd5a.js",
        "/polyfills.11b44398b075dad4d051.js",
        "/runtime.0580e26b90c51c3d2a58.js",
        "/scripts.d166cef3882d735b5181.js",
        "/styles.0d8dfdd71beb8f6a8f61.css"
      ],
      "patterns": []
    },
    {
      "name": "assets",
      "installMode": "lazy",
      "updateMode": "prefetch",
      "urls": [
        "/assets/Mask Group 1.svg",
        "/assets/add prod.svg",
        "/assets/add-image.svg",
        "/assets/addprod.svg",
        "/assets/files/parners.xlsx",
        "/assets/files/products_samplefile.xlsx",
        "/assets/icons/icon-128x128.png",
        "/assets/icons/icon-144x144.png",
        "/assets/icons/icon-152x152.png",
        "/assets/icons/icon-192x192.png",
        "/assets/icons/icon-384x384.png",
        "/assets/icons/icon-512x512.png",
        "/assets/icons/icon-72x72.png",
        "/assets/icons/icon-96x96.png",
        "/assets/images/Easy To Follow Store Setup..svg",
        "/assets/images/Group 114.svg",
        "/assets/images/Group 624.png",
        "/assets/images/Group.svg",
        "/assets/images/Image 1.svg",
        "/assets/images/Image 2.svg",
        "/assets/images/Image 3.svg",
        "/assets/images/Manage Your Block Chain Like A Pro..svg",
        "/assets/images/Sign Up For A Free 60 Days Trial..svg",
        "/assets/images/account/account-bg.PNG",
        "/assets/images/account/account-bg.svg",
        "/assets/images/actions/Group 13.jpg",
        "/assets/images/actions/Group 15.jpg",
        "/assets/images/actions/Image 53.png",
        "/assets/images/actions/N S.jpg",
        "/assets/images/actions/Path 208.svg",
        "/assets/images/actions/addproduct.svg",
        "/assets/images/actions/attributes.svg",
        "/assets/images/actions/brands.svg",
        "/assets/images/actions/cart.png",
        "/assets/images/actions/clients.svg",
        "/assets/images/actions/companyaddress.svg",
        "/assets/images/actions/cutomer-1.svg",
        "/assets/images/actions/cutomer.svg",
        "/assets/images/actions/edit.png",
        "/assets/images/actions/edit.svg",
        "/assets/images/actions/inventory.svg",
        "/assets/images/actions/listproducts.svg",
        "/assets/images/actions/logo-and-colors.svg",
        "/assets/images/actions/maintenance.svg",
        "/assets/images/actions/more-btn.svg",
        "/assets/images/actions/permission.svg",
        "/assets/images/actions/puchaseorder.svg",
        "/assets/images/actions/reports.svg",
        "/assets/images/actions/role.svg",
        "/assets/images/actions/save-money.svg",
        "/assets/images/actions/sell.svg",
        "/assets/images/actions/shop-details.svg",
        "/assets/images/actions/shop.svg",
        "/assets/images/actions/staff.svg",
        "/assets/images/actions/suplier.svg",
        "/assets/images/actions/user.svg",
        "/assets/images/actions/white-companyaddress.svg",
        "/assets/images/actions/white-logo-and-colors.svg",
        "/assets/images/actions/white-save-money.svg",
        "/assets/images/arrowup.svg",
        "/assets/images/backgrndimg.png",
        "/assets/images/backgroundhome.svg",
        "/assets/images/backgroundmobilehome.svg",
        "/assets/images/backlogimg.svg",
        "/assets/images/backlogimg2.PNG",
        "/assets/images/ballon.svg",
        "/assets/images/bg.svg",
        "/assets/images/chain-mobile.png",
        "/assets/images/chain-mobile.svg",
        "/assets/images/close-mobilemenu.svg",
        "/assets/images/cutomer.svg",
        "/assets/images/doube-half-cirlcle-bg.svg",
        "/assets/images/email-filled-closed-envelope.svg",
        "/assets/images/error.svg",
        "/assets/images/figerprint.svg",
        "/assets/images/ham.svg",
        "/assets/images/home-solid.svg",
        "/assets/images/home/bag.svg",
        "/assets/images/home/blue-tick.svg",
        "/assets/images/home/cart.svg",
        "/assets/images/home/chart.svg",
        "/assets/images/home/frames/Frame-1-m.png",
        "/assets/images/home/frames/Frame-1.png",
        "/assets/images/home/frames/Frame-2-m.png",
        "/assets/images/home/frames/Frame-2.png",
        "/assets/images/home/frames/Frame-3-m.png",
        "/assets/images/home/frames/Frame-3.png",
        "/assets/images/home/frames/Frame-4-m.png",
        "/assets/images/home/frames/Frame-4.png",
        "/assets/images/home/frames/Frame-5-m.png",
        "/assets/images/home/frames/Frame-5.png",
        "/assets/images/home/frames/Frame-6-m.png",
        "/assets/images/home/frames/Frame-6.png",
        "/assets/images/home/gray-x.svg",
        "/assets/images/home/pricing-banner.png",
        "/assets/images/home/pricing-banner.svg",
        "/assets/images/home/send-white.svg",
        "/assets/images/home/silder/one.png",
        "/assets/images/home/silder/three.png",
        "/assets/images/home/silder/two.png",
        "/assets/images/home/white-tick.svg",
        "/assets/images/home/work-banner.svg",
        "/assets/images/home/works-banner-mobile.svg",
        "/assets/images/housemobile.svg",
        "/assets/images/icons/date.svg",
        "/assets/images/icons/logo-white.png",
        "/assets/images/icons/portal.png",
        "/assets/images/icons/portal.svg",
        "/assets/images/import-export/catergory.svg",
        "/assets/images/import-export/created.svg",
        "/assets/images/import-export/edited.svg",
        "/assets/images/inventory-logo.png",
        "/assets/images/inventory-logo.svg",
        "/assets/images/inventory-trolley.svg",
        "/assets/images/left-arrow.svg",
        "/assets/images/logo-full-bg.png",
        "/assets/images/logo-full-bg.svg",
        "/assets/images/logo-mobile.svg",
        "/assets/images/logo.svg",
        "/assets/images/maintenance.svg",
        "/assets/images/mobile-sign-backgrnd.svg",
        "/assets/images/myshops.svg",
        "/assets/images/nano-technology.svg",
        "/assets/images/navigation/Frame-1.png",
        "/assets/images/navigation/Frame-1.svg",
        "/assets/images/navigation/Group 400.svg",
        "/assets/images/navigation/back-arrow.svg",
        "/assets/images/navigation/back.png",
        "/assets/images/navigation/back.svg",
        "/assets/images/navigation/dashboard.svg",
        "/assets/images/navigation/products.svg",
        "/assets/images/navigation/profile.svg",
        "/assets/images/navigation/sell.svg",
        "/assets/images/navigation/settings.svg",
        "/assets/images/navigation/sign-out.png",
        "/assets/images/navigation/sign-out.svg",
        "/assets/images/order/Group 796.svg",
        "/assets/images/order/user-no-customer.svg",
        "/assets/images/order/user.svg",
        "/assets/images/order/white-companyaddress.svg",
        "/assets/images/order/white-save-money.svg",
        "/assets/images/paid.svg",
        "/assets/images/pending.svg",
        "/assets/images/placeholder.png",
        "/assets/images/price-tag.svg",
        "/assets/images/purchase.svg",
        "/assets/images/rocket.svg",
        "/assets/images/selling.svg",
        "/assets/images/send.svg",
        "/assets/images/settings-white.svg",
        "/assets/images/sign-in-alt-solid.svg",
        "/assets/images/sign-in-background.svg",
        "/assets/images/sign-in-img.svg",
        "/assets/images/sign-mobile-img.svg",
        "/assets/images/sign-up-img.svg",
        "/assets/images/start-line.svg",
        "/assets/images/startup.svg",
        "/assets/images/stat-stock-and-hand.svg",
        "/assets/images/stat-store.svg",
        "/assets/images/stat-users.svg",
        "/assets/images/state-orders.svg",
        "/assets/images/store-mobile.png",
        "/assets/images/store-mobile.svg",
        "/assets/images/success.png",
        "/assets/images/success.svg",
        "/assets/images/tag-solid.svg",
        "/assets/images/trolley-S1Mjb37PH.svg",
        "/assets/images/undraw_Hello_qnas.png",
        "/assets/images/undraw_business_shop_qw5t.svg",
        "/assets/images/user.svg",
        "/assets/images/veli.svg",
        "/assets/images/vision.svg",
        "/assets/images/warn.svg",
        "/assets/images/what-people-say.svg",
        "/assets/images/white-icon.png",
        "/assets/mobilehome.svg",
        "/assets/nav/back-arrow.svg",
        "/assets/ndu.jpg",
        "/assets/ndu2.jpg",
        "/assets/placeholders/no-brands.svg",
        "/assets/placeholders/no-categories.svg",
        "/assets/placeholders/no-items.svg",
        "/assets/placeholders/no-partner.svg",
        "/assets/placeholders/no-products.svg",
        "/assets/placeholders/no-sales.svg",
        "/assets/placeholders/no-staff.svg",
        "/assets/placeholders/no-stores.svg",
        "/assets/placeholders/picture.svg",
        "/assets/placeholders/shopheader.jpg",
        "/assets/selectbrand.svg",
        "/assets/shop/shop.png",
        "/assets/sign-in-background.svg",
        "/assets/styles/_base.scss",
        "/assets/styles/_grid.scss",
        "/assets/styles/_keyframes.scss",
        "/assets/styles/_variables.scss",
        "/assets/styles/components/_account.scss",
        "/assets/styles/components/_card-sell.scss",
        "/assets/styles/components/_card-shop.scss",
        "/assets/styles/components/_cards.scss",
        "/assets/styles/components/_filters.scss",
        "/assets/styles/components/_forms-prod-congig-import.scss",
        "/assets/styles/components/_items.scss",
        "/assets/styles/components/_main-content.scss",
        "/assets/styles/components/_not-found.scss",
        "/assets/styles/components/_products.scss",
        "/assets/styles/components/_profile.scss",
        "/assets/styles/components/_small-cards.scss",
        "/assets/styles/components/inputs/_inputs.scss",
        "/assets/user-blue-normal.svg",
        "/assets/user-blue.svg",
        "/assets/user.jpg",
        "/assets/user.svg",
        "/assets/user2.svg",
        "/color.c7a33805ffda0d32bd2a.png",
        "/hue.0614c27197fc3ce572e1.png",
        "/line.567f57385ea3dde2c9ae.gif",
        "/loading.8732a6660b528fadfaeb.gif",
        "/open-sans-v15-latin-300.177cc92d2e8027712a8c.ttf",
        "/open-sans-v15-latin-300.27ef0b062b2e221df16f.svg",
        "/open-sans-v15-latin-300.521d17bc9f3526c690e8.woff",
        "/open-sans-v15-latin-300.60c866748ff15f5b347f.woff2",
        "/open-sans-v15-latin-300.76b56857ebbae3a5a689.eot",
        "/open-sans-v15-latin-700.148a6749baa5f658a451.eot",
        "/open-sans-v15-latin-700.2e00b2635b51ba336b4b.svg",
        "/open-sans-v15-latin-700.623e3205570002af47fc.woff",
        "/open-sans-v15-latin-700.7e08cc656863d52bcb5c.ttf",
        "/open-sans-v15-latin-700.d08c09f2f169f4a6edbc.woff2",
        "/open-sans-v15-latin-regular.7aab4c13671282c90669.svg",
        "/open-sans-v15-latin-regular.9dce7f01715340861bdb.eot",
        "/open-sans-v15-latin-regular.bf2d0783515b7d75c35b.woff",
        "/open-sans-v15-latin-regular.c045b73d86803686f4cd.ttf",
        "/open-sans-v15-latin-regular.cffb686d7d2f4682df83.woff2",
        "/password-meter.d59e6dc2616c53ce8e77.png",
        "/pricing-banner.63c837326efad06ce73d.svg",
        "/primeicons.2d2afb2719a1ee903e57.eot",
        "/primeicons.66ee0deb739ca71f0ecd.woff",
        "/primeicons.df0140f8e79ecfeffaf8.ttf",
        "/primeicons.e5e0e94474d5fd92e7e8.svg",
        "/work-banner.963afd243c3d9ea77fba.svg",
        "/works-banner-mobile.154403c62848b4ff469f.svg"
      ],
      "patterns": []
    }
  ],
  "dataGroups": [],
  "hashTable": {
    "/1.2f75ebc8016a5516b1af.js": "62b51ca7c495852cd1f7f1cd428e6147f117b354",
    "/2.3424030bda5be1816b90.js": "60cc49721e1764be3647ffe0eb02b7a47023b4c7",
    "/7.e70e0da5720cdd3cc09a.js": "f2851b1ad1d6935e803b33d56176a311d5e8a4ff",
    "/8.29d8963fd3be5fd2cd41.js": "356863e0585f9cefa3977f77d6b5dcba634898bd",
    "/9.cdf04e5a542b3c17bcb5.js": "b775bc9d74a363fe2de60688a58eb18f224f0a7c",
    "/assets/Mask Group 1.svg": "2dafd151e1289f8a7cfaec421b417589c71d5996",
    "/assets/add prod.svg": "dc9711129de01653564ad948c1656973a34002e8",
    "/assets/add-image.svg": "bb897b1f539308c8c6181e3195b2e20933edd6b1",
    "/assets/addprod.svg": "96eb64b3bd52ec03bf922737d37a489c877689d6",
    "/assets/files/parners.xlsx": "b993828b611e70a3beeb6f18d70fe64f1e8bbb43",
    "/assets/files/products_samplefile.xlsx": "c7a324c3eb59e4a460e548519b549aaa2fc6f211",
    "/assets/icons/icon-128x128.png": "a20aa496277fc93440b9cdf0607664cd12f29b43",
    "/assets/icons/icon-144x144.png": "5378a2f89dda99e95ccf7362eee90b813b06391e",
    "/assets/icons/icon-152x152.png": "c0e359c8585aad6d48b9d819ffc755f8a454c0f1",
    "/assets/icons/icon-192x192.png": "3a340d911cce73647d6f9a20085bf259f8355eb3",
    "/assets/icons/icon-384x384.png": "cb599e5902eae2c9adbf08842b0992a86ac9fb80",
    "/assets/icons/icon-512x512.png": "f68e86222a52259795718c3bfb16b1033946a6d6",
    "/assets/icons/icon-72x72.png": "1697e02e69e8746aa398d29c297c73e22380b27e",
    "/assets/icons/icon-96x96.png": "063ed84872637e36ab55aa6b1b84ef77f960f074",
    "/assets/images/Easy To Follow Store Setup..svg": "3efd83ebd392b520e4b9e80cd1a94833e0bdca0b",
    "/assets/images/Group 114.svg": "b829f570f12326ab09cdf7538b03a6d13fe638f0",
    "/assets/images/Group 624.png": "06323cf204d7bc19227d0ce431f94cb32e284e80",
    "/assets/images/Group.svg": "7fef577f24aea3de475fd88a1155468381941b49",
    "/assets/images/Image 1.svg": "ac0bee94907a0399a74a63bfb068a26427a73e97",
    "/assets/images/Image 2.svg": "e7920c2b571d86da00f0374232e5e1631a1690cc",
    "/assets/images/Image 3.svg": "0ebc89e0a76c783387f5a6e6e9db87a37037d6a6",
    "/assets/images/Manage Your Block Chain Like A Pro..svg": "f743b5249062b2c56bf74be4d5ad456982cd0e42",
    "/assets/images/Sign Up For A Free 60 Days Trial..svg": "29524a5e2bbf846c1536be926a72f03b60bb788f",
    "/assets/images/account/account-bg.PNG": "e49e3ec87b782b265e0a6070ad6c0be1973a97fb",
    "/assets/images/account/account-bg.svg": "6fe85796bc4888f9cd2628cd855a13d580755e63",
    "/assets/images/actions/Group 13.jpg": "29b5425ff03539aa076e78c567723986523a4869",
    "/assets/images/actions/Group 15.jpg": "30c92f958dc9e946a2f51680038e5f03d560c735",
    "/assets/images/actions/Image 53.png": "78e8505bdfd1f5e62564ad3150e516ed4a4f704d",
    "/assets/images/actions/N S.jpg": "9ed92697ca319f98809929fadf382c20c7931b44",
    "/assets/images/actions/Path 208.svg": "5b7b6dc02d425dc9203b06784245c5a63131effc",
    "/assets/images/actions/addproduct.svg": "7f93958b41e222d3eb6ee52c4cc0d4cc84deedbe",
    "/assets/images/actions/attributes.svg": "6bfc5becab23727d27bff2defa4b5c85c6e3178e",
    "/assets/images/actions/brands.svg": "0f4c174f782a18da3bd43f274c86b3beb2efd75a",
    "/assets/images/actions/cart.png": "330bf210a46dd40ce1a9b30fc02f70cfadf684da",
    "/assets/images/actions/clients.svg": "b552ca6151478cd8d3a6f3722bec7ca2f6b0d267",
    "/assets/images/actions/companyaddress.svg": "57e128b0768509783bd0cc1d9e6a3ab09adaf81a",
    "/assets/images/actions/cutomer-1.svg": "06b140eb1b5a304b46f098e8b7eee51878e525b2",
    "/assets/images/actions/cutomer.svg": "54dd034a2c04d71160dc7d42db222798ea3fc333",
    "/assets/images/actions/edit.png": "0a37f97c448196e5f874c936a4d1b7acc06005f3",
    "/assets/images/actions/edit.svg": "79b89479623e3f24582007f3eba003a3b4b06646",
    "/assets/images/actions/inventory.svg": "252bc5ea81b5139de804530e52182af252364e8f",
    "/assets/images/actions/listproducts.svg": "6f8333329c649b3d004eca0f3f61049ee2e5c65f",
    "/assets/images/actions/logo-and-colors.svg": "e108dc87160dab6157008d462368817b8df56d80",
    "/assets/images/actions/maintenance.svg": "0fad94bd6a1322afaadb3ffccf026b40bfda6dc1",
    "/assets/images/actions/more-btn.svg": "2fa08cda25f896216e70536f387678a6dbe69fce",
    "/assets/images/actions/permission.svg": "8659f6faf4baa592dafdb1e2953a0b56764e6186",
    "/assets/images/actions/puchaseorder.svg": "ac3d134284fe24c95bc8285a1e05d4d0bfba4b56",
    "/assets/images/actions/reports.svg": "7fb71d84a707f1f5455eb26c63eea09b44dbac48",
    "/assets/images/actions/role.svg": "b5c0a60a8b7762a70efecfeea48be6828c01340e",
    "/assets/images/actions/save-money.svg": "4f865d4743cfcf9abae3d2261b4afd5046b2a677",
    "/assets/images/actions/sell.svg": "f09872b769f0d19fc93f06a5a5b85d73ee18c776",
    "/assets/images/actions/shop-details.svg": "8de40803dd23de83dfcbc4e0b2bb214e3b58b642",
    "/assets/images/actions/shop.svg": "60abac52cb9bceeedfae3488d08c404c6d06a283",
    "/assets/images/actions/staff.svg": "8be8cac0039c67a3c80c359139891e653d9a7d0c",
    "/assets/images/actions/suplier.svg": "24ff31a4edca2da84ca806d9b24d0f7e86a05121",
    "/assets/images/actions/user.svg": "e60c746f74cc233821dead4d59515aa7d2e06e20",
    "/assets/images/actions/white-companyaddress.svg": "009b256b16b32067a2a121c3fd7b35b0acb0af90",
    "/assets/images/actions/white-logo-and-colors.svg": "dc7ecc1ef55b5b6999fd3582fdab5cd0cec98870",
    "/assets/images/actions/white-save-money.svg": "ef61b6df3f1ccb86cb74092af03c8c721b5b8350",
    "/assets/images/arrowup.svg": "6b86bc57d93ba1c52c36d165c6d0b7e22f8e126b",
    "/assets/images/backgrndimg.png": "a00615bab0f4da3246a2c452fe675c4327875128",
    "/assets/images/backgroundhome.svg": "30c9ab0e0e3aae2fed85dd7a9909fff2e794f4de",
    "/assets/images/backgroundmobilehome.svg": "bdf32ead87508c4263af0d7ea54de6d8717946f9",
    "/assets/images/backlogimg.svg": "595027c01ddedb113b30ced76770c218e8c3d079",
    "/assets/images/backlogimg2.PNG": "be68f1167fea1160b1115444b69f7303fa6bb378",
    "/assets/images/ballon.svg": "4f64858421f4a362cbb33bde9329628d282a3287",
    "/assets/images/bg.svg": "113128c675400b46b35e86d46ee3d6438b1dca58",
    "/assets/images/chain-mobile.png": "d67ad60631f3c7722f0fd107ddfcfbf0368e76f5",
    "/assets/images/chain-mobile.svg": "d9f76ca5277cb75713ba3a61aeb2ad83dc6e0e66",
    "/assets/images/close-mobilemenu.svg": "7ad20c0b97c5824e636ac807d6fc64db683857ed",
    "/assets/images/cutomer.svg": "940753945bc3abef9c36b48f9628e7c899f9295c",
    "/assets/images/doube-half-cirlcle-bg.svg": "dd1ba3f371af77ee64604baa48f2f336dba275a1",
    "/assets/images/email-filled-closed-envelope.svg": "befd84550aac4e8b590758d76f6e2dafa6c821c0",
    "/assets/images/error.svg": "258cfadcd1288da12633794ba2f5a867dfe4961f",
    "/assets/images/figerprint.svg": "77b41572c58560edaada2caf32eb6d17c6c268c1",
    "/assets/images/ham.svg": "d84470771be423ff2b7adfef351f2b9d12cbcc3f",
    "/assets/images/home-solid.svg": "521aaaa4eafa81bf7b0d6e9638f21c23983a7f0f",
    "/assets/images/home/bag.svg": "e731f8652ffc0045bd4e7e45971f7f3b87c1ded9",
    "/assets/images/home/blue-tick.svg": "b79c70ddc0d9d7d514f1c234af56c808814478d6",
    "/assets/images/home/cart.svg": "42fd32c50710d7fc71b1e7e5dc751266af2f8c58",
    "/assets/images/home/chart.svg": "383c1a03e93879f7276a9e72496792d565d6dd6e",
    "/assets/images/home/frames/Frame-1-m.png": "4b1654899873783f31ee92cb189ab445d31bf7c4",
    "/assets/images/home/frames/Frame-1.png": "26c2787654389efa1438b87ef16ad94d2d7ea0e3",
    "/assets/images/home/frames/Frame-2-m.png": "270e8e93663b0dfd4c532b8c19fbdc32f71bede5",
    "/assets/images/home/frames/Frame-2.png": "9bcd8fc75df2a0fe8a01c8ee86c7de538d340030",
    "/assets/images/home/frames/Frame-3-m.png": "fd5e8735b7b8a42fdef52f76a85e2445027516ba",
    "/assets/images/home/frames/Frame-3.png": "6c35b8deac3c05625f255ecaf8322aecec482125",
    "/assets/images/home/frames/Frame-4-m.png": "d0cde56ebccc5cfc611fbae8239ea7a8f3f096a1",
    "/assets/images/home/frames/Frame-4.png": "52b5fb34cb383681d4e6a4286a502ad5cff05d8d",
    "/assets/images/home/frames/Frame-5-m.png": "f736706dfa44998123fd73ccae93751294c19a69",
    "/assets/images/home/frames/Frame-5.png": "a6d1ca8c461f1bf6c9df5a624b49e99d1af078d5",
    "/assets/images/home/frames/Frame-6-m.png": "82aaaa800e428e3893153063d4859b4b2fbf0190",
    "/assets/images/home/frames/Frame-6.png": "4536045e6a0003053637072a83f03cc30a9d1bbc",
    "/assets/images/home/gray-x.svg": "60678392d3411d056aab197c67fd71efbaabd7c0",
    "/assets/images/home/pricing-banner.png": "8621d859eb79992e2ff0c515324821d5cbecb650",
    "/assets/images/home/pricing-banner.svg": "24091eaff80831bb6124bafd04771b88bfed4b4a",
    "/assets/images/home/send-white.svg": "339fbf7c5fa997930871c60eec02ea6d9570f2ae",
    "/assets/images/home/silder/one.png": "29d10b6ddab0a32f557a31b08f871de1c9534321",
    "/assets/images/home/silder/three.png": "57af63472855b83c5e9dbbd18a8baf5cb4d9548a",
    "/assets/images/home/silder/two.png": "c44ffed98ba4c3c723ee6a40477c651c2cf5b14f",
    "/assets/images/home/white-tick.svg": "4df71e70158d321f5a01de6da185fb05da8cee87",
    "/assets/images/home/work-banner.svg": "e5bec49665399ec6678f54d437e02e28813ea7e9",
    "/assets/images/home/works-banner-mobile.svg": "21d6cdced6ec80b9ae267c949f0752356c5d5f43",
    "/assets/images/housemobile.svg": "7ec53b98b75e9940673d4c41edde9402d1764396",
    "/assets/images/icons/date.svg": "c05f0bdfcf30939b8304d615806f314cb73abeb9",
    "/assets/images/icons/logo-white.png": "420d01268969f781559d529471e04cd55f03e348",
    "/assets/images/icons/portal.png": "be21969337f3bb57da5239ae4790a397b31a5179",
    "/assets/images/icons/portal.svg": "cd2980823f909f94cf09f138bbe73b0cf51f7839",
    "/assets/images/import-export/catergory.svg": "21c53884b6157cdeb4f8bff42a8c17d9519aa26c",
    "/assets/images/import-export/created.svg": "c6cfbd789ede67baeb319ba772c04a9d09766f98",
    "/assets/images/import-export/edited.svg": "742044ffdbf75eb8b6c38d0eab3bc6f33a8f235b",
    "/assets/images/inventory-logo.png": "18a0ff35abf438d0bf1a99ad2c256a8febb3d096",
    "/assets/images/inventory-logo.svg": "b7611754976155bd5038355f648a4c509df8dd73",
    "/assets/images/inventory-trolley.svg": "1078f6212f36ed49d5e1972cfc171379fa4352a5",
    "/assets/images/left-arrow.svg": "7df63799cb6ff638106471c76c4b5acfb6fdae16",
    "/assets/images/logo-full-bg.png": "515ca7b00288da72b06d7c920e784f396be30a67",
    "/assets/images/logo-full-bg.svg": "71b6274ba85351e512dd502ba15052c2910aedc3",
    "/assets/images/logo-mobile.svg": "f9cab36c791cf7e345968bf624e60beed39cdec3",
    "/assets/images/logo.svg": "a8d30eaf6a3081be6c65cedba97c173564276439",
    "/assets/images/maintenance.svg": "0fad94bd6a1322afaadb3ffccf026b40bfda6dc1",
    "/assets/images/mobile-sign-backgrnd.svg": "478a6cc5a2343e21daa061c91f0fa71339cc1dd2",
    "/assets/images/myshops.svg": "98a09a0fe5858d2036a1baad7873985cd796be3f",
    "/assets/images/nano-technology.svg": "2a57f484c9cb88a7b140f296413895af79126303",
    "/assets/images/navigation/Frame-1.png": "a0be2deb27e86d22d7a97f0338e9465fa9d4c438",
    "/assets/images/navigation/Frame-1.svg": "317001fe405c68962825faddb99c82a11163f743",
    "/assets/images/navigation/Group 400.svg": "1c4a7cda235e2c0e4a202d15b41ccead0b890086",
    "/assets/images/navigation/back-arrow.svg": "b0144a4ccdc817f33c2aee9b149c28fa081b2170",
    "/assets/images/navigation/back.png": "66c1968296f9d0213ae56d172a84ab145c178926",
    "/assets/images/navigation/back.svg": "2e0a644421fc2ebb0a1cd16290fea9064d9e2ef7",
    "/assets/images/navigation/dashboard.svg": "a1a4deeeaad345480a0825c6f85ccc36e2f58d78",
    "/assets/images/navigation/products.svg": "ff1fc573a5b8959f2623d3b197480be36d7756c8",
    "/assets/images/navigation/profile.svg": "9c564c7baa273bb1cb39a47e3b2b4cfe539c2f7c",
    "/assets/images/navigation/sell.svg": "6a8d66c7874c00d13d4b486117ace910773aefc6",
    "/assets/images/navigation/settings.svg": "70caa020f0a5498687b39de1fa7d8ddeeca662d7",
    "/assets/images/navigation/sign-out.png": "673f54652c488ea8213acf4b8fbd726c9eb9fbfb",
    "/assets/images/navigation/sign-out.svg": "4e7a0191d65164650b1c8a95f39f53bcd5efde3a",
    "/assets/images/order/Group 796.svg": "6c74ac9774ef22d3206f546e1c281b52cb1b3058",
    "/assets/images/order/user-no-customer.svg": "d30f0848736efc87a5da48224e17765cc3cd0d15",
    "/assets/images/order/user.svg": "db2ee0decc72806898d4f267778e7aa7b5aeda3d",
    "/assets/images/order/white-companyaddress.svg": "1e2c4b868e057840e471c0e1926b7d6500f24032",
    "/assets/images/order/white-save-money.svg": "ef61b6df3f1ccb86cb74092af03c8c721b5b8350",
    "/assets/images/paid.svg": "cb2390a189cf1f783b0d655246d185f5c3d3d5e8",
    "/assets/images/pending.svg": "7d6b40c6491b225f93792ec4de6c720fdd31d07e",
    "/assets/images/placeholder.png": "9c0b1b11282afa53aa883bfc0d22d6c74752ac3c",
    "/assets/images/price-tag.svg": "0f4c174f782a18da3bd43f274c86b3beb2efd75a",
    "/assets/images/purchase.svg": "2b957519cc347added597e4f68eb465189ac0c08",
    "/assets/images/rocket.svg": "082533b7e5c62a34ac5896316823461a705f9d75",
    "/assets/images/selling.svg": "4c3dd907f6b5e5470f102adbb8c77e61661e31ab",
    "/assets/images/send.svg": "1c280347c6c9d61d3b21cbbc6c8a5865bd3c788b",
    "/assets/images/settings-white.svg": "f8e20de777c01783402f07325e58408e34b9a353",
    "/assets/images/sign-in-alt-solid.svg": "42e63cffb7aa956328bbf89b1d48350ca1bd20bd",
    "/assets/images/sign-in-background.svg": "89beb5cb1128d15d4d9fe982e343f32456819a8e",
    "/assets/images/sign-in-img.svg": "5b7384b03820b1ca9ff1d0ec2be25c59b61ac426",
    "/assets/images/sign-mobile-img.svg": "cf233dd6bf75cd173c816e15bd64d72f9a91847a",
    "/assets/images/sign-up-img.svg": "07a2db31b8402a2b75119413a6d77bbf172410ee",
    "/assets/images/start-line.svg": "be8f67d18d8902c91d345774e0a8b4debc520c84",
    "/assets/images/startup.svg": "3eeef1d15fa64e82f038e16958149d5751f67c87",
    "/assets/images/stat-stock-and-hand.svg": "c994f20ce71860591216b26a6ef1cc51ed1563ed",
    "/assets/images/stat-store.svg": "c413dcad50c139f0c45725075a17714b4f9ed281",
    "/assets/images/stat-users.svg": "08e4349380076c4f64ae1584d555e67f46ea2f0b",
    "/assets/images/state-orders.svg": "3cf9bc4c609ff051a5b041a24b84660359022346",
    "/assets/images/store-mobile.png": "5927e2b7c07134a932ee9d48b3f5d8661f37de62",
    "/assets/images/store-mobile.svg": "803c169b05be0232422a7bbd9b63a3261232c002",
    "/assets/images/success.png": "460777b52f93f70f126d23b0fdf82bb8febaa7b3",
    "/assets/images/success.svg": "7c9bf3430aa29c9da8286707e28923baae9183f5",
    "/assets/images/tag-solid.svg": "a1a04f9a79b9f75a665ab3b8389979871e0f26e0",
    "/assets/images/trolley-S1Mjb37PH.svg": "200747197de27af18b6f9b15783720af67d3fef6",
    "/assets/images/undraw_Hello_qnas.png": "afe452b8985cecf19f9270deb19f87fe10a9cec2",
    "/assets/images/undraw_business_shop_qw5t.svg": "004d24e2382984141479f86f0b9be6ecfc29dd4d",
    "/assets/images/user.svg": "e60c746f74cc233821dead4d59515aa7d2e06e20",
    "/assets/images/veli.svg": "1653991a8ec65f1f6f77e687cbe8c9ea90b4ac19",
    "/assets/images/vision.svg": "f911255f7fe0e925b45767c921d5880b2781c159",
    "/assets/images/warn.svg": "e71b63712a184f0d1cccaf7eb8aa967e45ebc01c",
    "/assets/images/what-people-say.svg": "c14dd45320cadf32d4409a39a77e93ffb77c1309",
    "/assets/images/white-icon.png": "a82605388d199408244ff97941c00ff964aa7239",
    "/assets/mobilehome.svg": "9f4f3b65c0cd63926cc68e71b9195bcd9054c00d",
    "/assets/nav/back-arrow.svg": "131cdd7c283e77fef3eb42e9433acbbddfce0ba0",
    "/assets/ndu.jpg": "4d34cc071f0011bffeb4ac20f7213c3955c0d589",
    "/assets/ndu2.jpg": "61f127a7baf49a34217b5e1980f377e15ee0ec1f",
    "/assets/placeholders/no-brands.svg": "818654cdd2f0e9449c2c1e3e2f82176c00ec9014",
    "/assets/placeholders/no-categories.svg": "726ede9168ddb0ef424ee5ab823a36a6aabfb6d9",
    "/assets/placeholders/no-items.svg": "88aeef67eed505aea268da6349dfa340e9a01cfb",
    "/assets/placeholders/no-partner.svg": "aaab65161c0ef67286df3306b8a99c80d0ce9c8d",
    "/assets/placeholders/no-products.svg": "fe8aa5d79bf5d6e365c0ab94064a487eaa2c847a",
    "/assets/placeholders/no-sales.svg": "18038e7bf55f2e59eb128cee1d253ce8f7a6a737",
    "/assets/placeholders/no-staff.svg": "555dc34337db319ef9535b2e2c82dd3ce3252afb",
    "/assets/placeholders/no-stores.svg": "2be44ed9954eda2e78ffd6ff1e286eb6c8e98371",
    "/assets/placeholders/picture.svg": "651835acc9f4294f047aef2aa2fd4b2f0b8432e8",
    "/assets/placeholders/shopheader.jpg": "6c0ba4e3b1068a42b8b9c59d25deac181aa6683f",
    "/assets/selectbrand.svg": "5c39a43898aa284c5c033ae7084e03cd825cac6c",
    "/assets/shop/shop.png": "9283e36fb2966f84b18dcd473765938eb8c678e8",
    "/assets/sign-in-background.svg": "89beb5cb1128d15d4d9fe982e343f32456819a8e",
    "/assets/styles/_base.scss": "e99a8b59a59746dfcaafeec48b1a68a271fe3004",
    "/assets/styles/_grid.scss": "21dc9d9c554878a4ad24ddcced5b97646cc52482",
    "/assets/styles/_keyframes.scss": "62809e398d3ec0caa157f10b8f77231deb58170a",
    "/assets/styles/_variables.scss": "1ec72d5272febdc6e076665399e06651e5875a12",
    "/assets/styles/components/_account.scss": "32dc4f44743ab8efe662136e6187c644143bdba2",
    "/assets/styles/components/_card-sell.scss": "fec2482af89eb9cd9e86fb1d3c3b9b6a67041e9e",
    "/assets/styles/components/_card-shop.scss": "8b866ca5527406625751af0d7381b120c45c0f42",
    "/assets/styles/components/_cards.scss": "db19183a7c12f2519f2f03b5caa1b50f59e9eb5f",
    "/assets/styles/components/_filters.scss": "fd6b70de521eb9dd92fd4d4c47e8c9bdd845eccb",
    "/assets/styles/components/_forms-prod-congig-import.scss": "fc237c65cebbac6a7e14d0fb48a5ea8f6bddac3d",
    "/assets/styles/components/_items.scss": "ee13a9c1c8b5c5dff3a38e6ea4c0cc91ede78c2b",
    "/assets/styles/components/_main-content.scss": "b37b1fe248db55c87b64f0e91de184b812e2803a",
    "/assets/styles/components/_not-found.scss": "386bf3e3eb6736784e1b6275ab05aa40cfe1ef33",
    "/assets/styles/components/_products.scss": "e3909cbe8fb73b60cd346e2a29577fd2048edcd1",
    "/assets/styles/components/_profile.scss": "da39a3ee5e6b4b0d3255bfef95601890afd80709",
    "/assets/styles/components/_small-cards.scss": "a2c07a1f9990afc7437a9e770e89454235dc17f6",
    "/assets/styles/components/inputs/_inputs.scss": "f41fd9473b5cff7a189d26d7b6316105a28d7e04",
    "/assets/user-blue-normal.svg": "fe0398d804c0b5a7f01e84fb2f3cc50936cb1483",
    "/assets/user-blue.svg": "a9178b60d3fd8eaca56e239520c68e3095ca5ad0",
    "/assets/user.jpg": "0ee13e7efb15c6af29866b4f55a24f5e76521af1",
    "/assets/user.svg": "3c5d9b6b9c21f731bd079e4ccb1512504aec835d",
    "/assets/user2.svg": "2594f2a8f1a2ed117a9548fd5a3192e89752c8f9",
    "/color.c7a33805ffda0d32bd2a.png": "ff4c4bcb2207891b292f544edb4da9d2df5d45cf",
    "/es2015-polyfills.e84ddf00a48e68ca6ebd.js": "cdf697b2572e142c4fb0bedfc1c7fb62b188019c",
    "/favicon.ico": "d6bf4fa7fd1d15c8cea95bae4d4dd4b0a449df4f",
    "/hue.0614c27197fc3ce572e1.png": "f81ae627637a684614aa726e206c73ce099a01fd",
    "/index.html": "a41cd1acd306c3c995ff11ceb400c8bb3c97551c",
    "/line.567f57385ea3dde2c9ae.gif": "a2af20bd160ca9cfc2c85527663ff7429267519a",
    "/loading.8732a6660b528fadfaeb.gif": "72998a116936156dc7cace0606dab499fe4f3ce8",
    "/main.7cf6ee7eb714db4fbd5a.js": "4b8e88ef2626a5353f51a52a59cd40b20937325b",
    "/open-sans-v15-latin-300.177cc92d2e8027712a8c.ttf": "861b3593521709d9fa8a8efb6f40817dd7fa9337",
    "/open-sans-v15-latin-300.27ef0b062b2e221df16f.svg": "1183c2939f6cad1ac69dc16d4a0b943d546e4b2e",
    "/open-sans-v15-latin-300.521d17bc9f3526c690e8.woff": "0c74bab4a4ebdafe080c8a35bd61d38f1b692358",
    "/open-sans-v15-latin-300.60c866748ff15f5b347f.woff2": "34f486906decb7c8cf7a02d4758add9a2408c7a5",
    "/open-sans-v15-latin-300.76b56857ebbae3a5a689.eot": "7ee41fc56711a91b386b72d60d42feb9b4148f50",
    "/open-sans-v15-latin-700.148a6749baa5f658a451.eot": "29ac62f8162f60358348d8f80b191736885fdc12",
    "/open-sans-v15-latin-700.2e00b2635b51ba336b4b.svg": "8338e3159cc9c5ff55cac72674afb7e90118ff19",
    "/open-sans-v15-latin-700.623e3205570002af47fc.woff": "b5f79d1934da79c8a4ba381092dad82ffb0582cb",
    "/open-sans-v15-latin-700.7e08cc656863d52bcb5c.ttf": "f6e1c78441d4ca2ef589ce79e48d3dbf9dca9a0d",
    "/open-sans-v15-latin-700.d08c09f2f169f4a6edbc.woff2": "5a6a45d6f98752b11ccb7c4f0f6fd7faf18ad1a7",
    "/open-sans-v15-latin-regular.7aab4c13671282c90669.svg": "4ca4e88a77a4d81138206a10793507cde43e31a8",
    "/open-sans-v15-latin-regular.9dce7f01715340861bdb.eot": "8bfad53d1b3c94c9e13bdd7c0b6c7d605396d7b4",
    "/open-sans-v15-latin-regular.bf2d0783515b7d75c35b.woff": "0e92462e402c15295366d912a7b8be303d0257d8",
    "/open-sans-v15-latin-regular.c045b73d86803686f4cd.ttf": "92d652578c531e2c3d9db4622584f6a1ab2c225a",
    "/open-sans-v15-latin-regular.cffb686d7d2f4682df83.woff2": "2c07a9656f1e38da408f20f1cf11581a15cbd7a2",
    "/password-meter.d59e6dc2616c53ce8e77.png": "e0e101bd2a1cbda41398b48a4ab1792d89cb7334",
    "/polyfills.11b44398b075dad4d051.js": "a3759abdfbcbeaede792edea4b10574b8f022a43",
    "/pricing-banner.63c837326efad06ce73d.svg": "24091eaff80831bb6124bafd04771b88bfed4b4a",
    "/primeicons.2d2afb2719a1ee903e57.eot": "3a564ee7b180527eeba74f3dccfa6f779fcc48ab",
    "/primeicons.66ee0deb739ca71f0ecd.woff": "c4b44a9b0bc025f62101936b37de1977cd25e3fd",
    "/primeicons.df0140f8e79ecfeffaf8.ttf": "5695d34fc4ebc0bbd2fcb0babe238c3023638a7d",
    "/primeicons.e5e0e94474d5fd92e7e8.svg": "98255677416ed656903e9190e976c00fb2ac862d",
    "/runtime.0580e26b90c51c3d2a58.js": "b05ed45c99944504dc12089ba2773e29a42d7a72",
    "/scripts.d166cef3882d735b5181.js": "c5e3a1ea016b428c3a3b7ef9b6ce8cdf447fd35c",
    "/styles.0d8dfdd71beb8f6a8f61.css": "c327c2b7b090dbb042e7280ef4f5887af47c157c",
    "/work-banner.963afd243c3d9ea77fba.svg": "e5bec49665399ec6678f54d437e02e28813ea7e9",
    "/works-banner-mobile.154403c62848b4ff469f.svg": "21d6cdced6ec80b9ae267c949f0752356c5d5f43"
  },
  "navigationUrls": [
    {
      "positive": true,
      "regex": "^\\/.*$"
    },
    {
      "positive": false,
      "regex": "^\\/(?:.+\\/)?[^/]*\\.[^/]*$"
    },
    {
      "positive": false,
      "regex": "^\\/(?:.+\\/)?[^/]*__[^/]*$"
    },
    {
      "positive": false,
      "regex": "^\\/(?:.+\\/)?[^/]*__[^/]*\\/.*$"
    }
  ]
}