-- phpMyAdmin SQL Dump
-- version 4.9.1
-- https://www.phpmyadmin.net/
--
-- Host: 127.0.0.1
-- Generation Time: Mar 14, 2020 at 09:50 AM
-- Server version: 10.4.8-MariaDB
-- PHP Version: 7.3.11

SET SQL_MODE = "NO_AUTO_VALUE_ON_ZERO";
SET AUTOCOMMIT = 0;
START TRANSACTION;
SET time_zone = "+00:00";


/*!40101 SET @OLD_CHARACTER_SET_CLIENT=@@CHARACTER_SET_CLIENT */;
/*!40101 SET @OLD_CHARACTER_SET_RESULTS=@@CHARACTER_SET_RESULTS */;
/*!40101 SET @OLD_COLLATION_CONNECTION=@@COLLATION_CONNECTION */;
/*!40101 SET NAMES utf8mb4 */;

--
-- Database: `inventoryiodb`
--

-- --------------------------------------------------------

--
-- Table structure for table `attribute`
--

CREATE TABLE `attribute` (
  `AttributeId` varchar(225) NOT NULL,
  `Name` varchar(100) NOT NULL,
  `AttributeType` varchar(20) DEFAULT 'text',
  `CompanyId` varchar(225) NOT NULL,
  `ProductId` varchar(225) NOT NULL,
  `Shop` int(1) DEFAULT NULL,
  `CreateDate` datetime NOT NULL DEFAULT current_timestamp(),
  `CreateUserId` varchar(225) NOT NULL,
  `ModifyDate` datetime NOT NULL DEFAULT current_timestamp(),
  `ModifyUserId` varchar(225) NOT NULL,
  `StatusId` int(11) NOT NULL
) ENGINE=InnoDB DEFAULT CHARSET=latin1;

--
-- Dumping data for table `attribute`
--

INSERT INTO `attribute` (`AttributeId`, `Name`, `AttributeType`, `CompanyId`, `ProductId`, `Shop`, `CreateDate`, `CreateUserId`, `ModifyDate`, `ModifyUserId`, `StatusId`) VALUES
('dsadsad', 'dsadsad', 'text', 'dsadsad', 'dsadsad', 0, '2020-02-28 13:57:50', 'dsadsad', '2020-02-28 13:57:50', 'dsadsad', 1),
('dsadsad', 'dsadsad', 'text', 'dsadsad', 'dsadsad', 0, '2020-02-28 13:58:20', 'dsadsad', '2020-02-28 13:58:20', 'dsadsad', 1),
('25e7e69c-5a22-11ea-be53-48f17f8d4d88', 'dsadsad', 'text', 'dsadsad', 'dsadsad', 0, '2020-02-28 14:02:09', 'dsadsad', '2020-02-28 14:02:09', 'dsadsad', 0),
('66153a1c-5a22-11ea-be53-48f17f8d4d88', 'dsadsad', 'text', 'dsadsad', 'dsadsad', 0, '2020-02-28 14:03:57', 'dsadsad', '2020-02-28 14:03:57', 'dsadsad', 0),
('607dca70-5a23-11ea-be53-48f17f8d4d88', 'aaaaa', 'text', 'dsadsad', 'dsadsad', 0, '2020-02-28 14:10:57', 'dsadsad', '2020-02-28 14:10:57', 'dsadsad', 0),
('b498f28b-5a23-11ea-be53-48f17f8d4d88', 'aaaaa22', 'text', 'dsadsad', 'dsadsad', 0, '2020-02-28 14:13:18', 'dsadsad', '2020-02-28 14:13:18', 'dsadsad', 0),
('c13dd109-5a23-11ea-be53-48f17f8d4d88', 'aaaaa22', 'text', 'dsadsad', 'dsadsad', 0, '2020-02-28 14:13:39', 'dsadsad', '2020-02-28 14:13:39', 'dsadsad', 0),
('64fcc086-5a24-11ea-be53-48f17f8d4d88', 'aaaaa22', 'text', 'dsadsad', 'dsadsad', 2147483647, '2020-02-28 14:18:14', 'dsadsad', '2020-02-28 14:18:14', 'dsadsad', 0),
('6658b3cc-5a24-11ea-be53-48f17f8d4d88', 'aaaaa22', 'text', 'dsadsad', 'dsadsad', 2147483647, '2020-02-28 14:18:16', 'dsadsad', '2020-02-28 14:18:16', 'dsadsad', 0),
('39fddc98-5a25-11ea-be53-48f17f8d4d88', 'aaaaa22', 'text', 'dsadsad', 'dsadsad', 2147483647, '2020-02-28 14:24:11', '0', '2020-02-28 14:24:11', 'dsadsad', 0),
('3aea59ee-5a25-11ea-be53-48f17f8d4d88', 'aaaaa22', 'text', 'dsadsad', 'dsadsad', 2147483647, '2020-02-28 14:24:12', '0', '2020-02-28 14:24:12', 'dsadsad', 0),
('5d0b856d-5a25-11ea-be53-48f17f8d4d88', 'aaaaa22', 'text', 'dsadsad', 'dsadsad', 2147483647, '2020-02-28 14:25:10', '0', '2020-02-28 14:25:10', 'dsadsad', 0),
('97f0fe28-5a25-11ea-be53-48f17f8d4d88', 'dsadsad', 'text', 'dsadsad', '2147483647', 0, '2020-02-28 14:26:49', 'dsadsad', '2020-02-28 14:26:49', 'dsadsad', 1),
('a383c5c0-5a25-11ea-be53-48f17f8d4d88', 'dsadsad', 'text', 'dsadsad', '2147483647', 0, '2020-02-28 14:27:08', 'dsadsad', '2020-02-28 14:27:08', 'dsadsad', 1),
('d0b7ed86-5a25-11ea-be53-48f17f8d4d88', 'SIZE', 'text', 'ns', '123', 0, '2020-02-28 14:28:24', 'dsadsad', '2020-02-28 14:28:24', 'dsadsad', 1),
('e2b9a08f-5a2a-11ea-be53-48f17f8d4d88', 'SIZE', 'text', 'ns', '123', 0, '2020-02-28 15:04:42', 'dsadsad', '2020-02-28 15:04:42', 'dsadsad', 1),
('fcf2ea4f-5c60-11ea-9169-48f17f8d4d88', 'COLOR', 'text', 'ns', '123', 0, '2020-03-02 10:37:01', 'dsadsad', '2020-03-02 10:37:01', 'dsadsad', 1),
('0e4fc568-5c63-11ea-9169-48f17f8d4d88', 'COLOR', 'select', 'ns', '123', 0, '2020-03-02 10:51:49', 'dsadsad', '2020-03-02 10:51:49', 'dsadsad', 1),
('68275694-5dd6-11ea-a211-48f17f8d4d88', 'Color', 'text', '94c5b3cf-d170-11e9-b97c-48f17f8d4d88', '68267aba-5dd6-11ea-a211-48f17f8d4d88', 1, '2020-03-04 07:10:03', '81de5b36-d170-11e9-b97c-48f17f8d4d88', '2020-03-04 07:10:03', '81de5b36-d170-11e9-b97c-48f17f8d4d88', 1),
('8ad9ffdb-5dd6-11ea-a211-48f17f8d4d88', 'Color', 'text', '94c5b3cf-d170-11e9-b97c-48f17f8d4d88', '8ad875e2-5dd6-11ea-a211-48f17f8d4d88', 1, '2020-03-04 07:11:01', '81de5b36-d170-11e9-b97c-48f17f8d4d88', '2020-03-04 07:11:01', '81de5b36-d170-11e9-b97c-48f17f8d4d88', 1),
('c0a47e25-5dd6-11ea-a211-48f17f8d4d88', 'Color', 'text', '94c5b3cf-d170-11e9-b97c-48f17f8d4d88', 'c0a2c7e7-5dd6-11ea-a211-48f17f8d4d88', 1, '2020-03-04 07:12:32', '81de5b36-d170-11e9-b97c-48f17f8d4d88', '2020-03-04 07:12:32', '81de5b36-d170-11e9-b97c-48f17f8d4d88', 1),
('38a04575-5dd7-11ea-a211-48f17f8d4d88', 'Color', 'text', '94c5b3cf-d170-11e9-b97c-48f17f8d4d88', '389e2535-5dd7-11ea-a211-48f17f8d4d88', 1, '2020-03-04 07:15:53', '81de5b36-d170-11e9-b97c-48f17f8d4d88', '2020-03-04 07:15:53', '81de5b36-d170-11e9-b97c-48f17f8d4d88', 1),
('76bbf818-5dd8-11ea-a211-48f17f8d4d88', 'Size', 'text', '94c5b3cf-d170-11e9-b97c-48f17f8d4d88', '76baeac2-5dd8-11ea-a211-48f17f8d4d88', 1, '2020-03-04 07:24:47', '81de5b36-d170-11e9-b97c-48f17f8d4d88', '2020-03-04 07:24:47', '81de5b36-d170-11e9-b97c-48f17f8d4d88', 1),
('5192edb6-5ddc-11ea-a211-48f17f8d4d88', 'Size', 'text', '94c5b3cf-d170-11e9-b97c-48f17f8d4d88', '51915956-5ddc-11ea-a211-48f17f8d4d88', 1, '2020-03-04 07:52:22', '81de5b36-d170-11e9-b97c-48f17f8d4d88', '2020-03-04 07:52:22', '81de5b36-d170-11e9-b97c-48f17f8d4d88', 1),
('10f2eb99-5dde-11ea-b68c-48f17f8d4d88', 'Size', 'text', '94c5b3cf-d170-11e9-b97c-48f17f8d4d88', '10f18237-5dde-11ea-b68c-48f17f8d4d88', 1, '2020-03-04 08:04:53', '81de5b36-d170-11e9-b97c-48f17f8d4d88', '2020-03-04 08:04:53', '81de5b36-d170-11e9-b97c-48f17f8d4d88', 1),
('10f449ec-5dde-11ea-b68c-48f17f8d4d88', 'Color', 'text', '94c5b3cf-d170-11e9-b97c-48f17f8d4d88', '10f18237-5dde-11ea-b68c-48f17f8d4d88', 1, '2020-03-04 08:04:53', '81de5b36-d170-11e9-b97c-48f17f8d4d88', '2020-03-04 08:04:53', '81de5b36-d170-11e9-b97c-48f17f8d4d88', 1);

-- --------------------------------------------------------

--
-- Table structure for table `attribute_item`
--

CREATE TABLE `attribute_item` (
  `Id` int(11) NOT NULL,
  `AttributeId` varchar(225) NOT NULL,
  `AttributeValue` varchar(200) NOT NULL,
  `AttributePrice` decimal(10,0) DEFAULT NULL,
  `AttributeQuantity` decimal(10,0) DEFAULT 0,
  `CreateDate` datetime NOT NULL DEFAULT current_timestamp(),
  `CreateUserId` varchar(225) NOT NULL,
  `ModifyDate` datetime NOT NULL DEFAULT current_timestamp(),
  `ModifyUserId` varchar(225) NOT NULL,
  `StatusId` int(11) NOT NULL
) ENGINE=InnoDB DEFAULT CHARSET=latin1;

--
-- Dumping data for table `attribute_item`
--

INSERT INTO `attribute_item` (`Id`, `AttributeId`, `AttributeValue`, `AttributePrice`, `AttributeQuantity`, `CreateDate`, `CreateUserId`, `ModifyDate`, `ModifyUserId`, `StatusId`) VALUES
(1, 'dsadsad', 'dsadsad', NULL, '0', '2020-02-28 13:58:20', 'dsadsad', '2020-02-28 13:58:20', 'dsadsad', 1),
(2, '25e7e69c-5a22-11ea-be53-48f17f8d4d88', 'dsadsad', NULL, '0', '2020-02-28 14:02:09', 'dsadsad', '2020-02-28 14:02:09', 'dsadsad', 1),
(3, '66153a1c-5a22-11ea-be53-48f17f8d4d88', 'dsadsad', NULL, '0', '2020-02-28 14:03:57', 'dsadsad', '2020-02-28 14:03:57', 'dsadsad', 1),
(4, '607dca70-5a23-11ea-be53-48f17f8d4d88', 'dsadsad', NULL, '0', '2020-02-28 14:10:57', 'dsadsad', '2020-02-28 14:10:57', 'dsadsad', 1),
(5, '607dca70-5a23-11ea-be53-48f17f8d4d88', 'dsadsad', NULL, '0', '2020-02-28 14:10:57', 'dsadsad', '2020-02-28 14:10:57', 'dsadsad', 1),
(6, 'b498f28b-5a23-11ea-be53-48f17f8d4d88', '1111', NULL, '0', '2020-02-28 14:13:18', 'dsadsad', '2020-02-28 14:13:18', 'dsadsad', 1),
(7, 'b498f28b-5a23-11ea-be53-48f17f8d4d88', '33333', NULL, '0', '2020-02-28 14:13:18', 'dsadsad', '2020-02-28 14:13:18', 'dsadsad', 1),
(8, 'c13dd109-5a23-11ea-be53-48f17f8d4d88', '1111', NULL, '0', '2020-02-28 14:13:39', 'dsadsad', '2020-02-28 14:13:39', 'dsadsad', 1),
(9, 'c13dd109-5a23-11ea-be53-48f17f8d4d88', '33333', NULL, '0', '2020-02-28 14:13:39', 'dsadsad', '2020-02-28 14:13:39', 'dsadsad', 1),
(10, '64fcc086-5a24-11ea-be53-48f17f8d4d88', '113211', NULL, '0', '2020-02-28 14:18:14', 'dsadsad', '2020-02-28 14:18:14', 'dsadsad', 1),
(11, '64fcc086-5a24-11ea-be53-48f17f8d4d88', '3343333', NULL, '0', '2020-02-28 14:18:14', 'dsa3dsad', '2020-02-28 14:18:14', 'dsadsad', 1),
(12, '6658b3cc-5a24-11ea-be53-48f17f8d4d88', '113211', NULL, '0', '2020-02-28 14:18:16', 'dsadsad', '2020-02-28 14:18:16', 'dsadsad', 1),
(13, '6658b3cc-5a24-11ea-be53-48f17f8d4d88', '3343333', NULL, '0', '2020-02-28 14:18:16', 'dsa3dsad', '2020-02-28 14:18:16', 'dsadsad', 1),
(14, '39fddc98-5a25-11ea-be53-48f17f8d4d88', '113211', NULL, '0', '2020-02-28 14:24:11', 'dsadsad', '2020-02-28 14:24:11', 'dsadsad', 1),
(15, '39fddc98-5a25-11ea-be53-48f17f8d4d88', '3343333', NULL, '0', '2020-02-28 14:24:11', 'dsa3dsad', '2020-02-28 14:24:11', 'dsadsad', 1),
(16, '3aea59ee-5a25-11ea-be53-48f17f8d4d88', '113211', NULL, '0', '2020-02-28 14:24:13', 'dsadsad', '2020-02-28 14:24:13', 'dsadsad', 1),
(17, '3aea59ee-5a25-11ea-be53-48f17f8d4d88', '3343333', NULL, '0', '2020-02-28 14:24:13', 'dsa3dsad', '2020-02-28 14:24:13', 'dsadsad', 1),
(18, '5d0b856d-5a25-11ea-be53-48f17f8d4d88', '113211', NULL, '0', '2020-02-28 14:25:10', 'dsadsad', '2020-02-28 14:25:10', 'dsadsad', 1),
(19, '5d0b856d-5a25-11ea-be53-48f17f8d4d88', '3343333', NULL, '0', '2020-02-28 14:25:10', 'dsa3dsad', '2020-02-28 14:25:10', 'dsadsad', 1),
(20, '97f0fe28-5a25-11ea-be53-48f17f8d4d88', '113211', NULL, '0', '2020-02-28 14:26:49', 'dsadsad', '2020-02-28 14:26:49', 'dsadsad', 1),
(21, '97f0fe28-5a25-11ea-be53-48f17f8d4d88', '3343333', NULL, '0', '2020-02-28 14:26:49', 'dsa3dsad', '2020-02-28 14:26:49', 'dsadsad', 1),
(22, 'a383c5c0-5a25-11ea-be53-48f17f8d4d88', '113211', NULL, '0', '2020-02-28 14:27:08', 'dsadsad', '2020-02-28 14:27:08', 'dsadsad', 1),
(23, 'a383c5c0-5a25-11ea-be53-48f17f8d4d88', '3343333', NULL, '0', '2020-02-28 14:27:08', 'dsa3dsad', '2020-02-28 14:27:08', 'dsadsad', 1),
(24, 'd0b7ed86-5a25-11ea-be53-48f17f8d4d88', '10', NULL, '0', '2020-02-28 14:28:24', 'postman', '2020-02-28 14:28:24', 'postman', 1),
(25, 'd0b7ed86-5a25-11ea-be53-48f17f8d4d88', '5', NULL, '0', '2020-02-28 14:28:24', 'postman', '2020-02-28 14:28:24', 'postman', 1),
(26, 'd0b7ed86-5a25-11ea-be53-48f17f8d4d88', '3', NULL, '0', '2020-02-28 14:28:24', 'postman', '2020-02-28 14:28:24', 'postman', 1),
(27, 'e2b9a08f-5a2a-11ea-be53-48f17f8d4d88', '10', NULL, '0', '2020-02-28 15:04:42', 'postman', '2020-02-28 15:04:42', 'postman', 1),
(28, 'e2b9a08f-5a2a-11ea-be53-48f17f8d4d88', '5', NULL, '0', '2020-02-28 15:04:42', 'postman', '2020-02-28 15:04:42', 'postman', 1),
(29, 'e2b9a08f-5a2a-11ea-be53-48f17f8d4d88', '3', NULL, '0', '2020-02-28 15:04:42', 'postman', '2020-02-28 15:04:42', 'postman', 1),
(30, 'fcf2ea4f-5c60-11ea-9169-48f17f8d4d88', 'Blue color', NULL, '0', '2020-03-02 10:37:01', 'postman', '2020-03-02 10:37:01', 'postman', 1),
(31, 'fcf2ea4f-5c60-11ea-9169-48f17f8d4d88', 'Red color', NULL, '0', '2020-03-02 10:37:01', 'postman', '2020-03-02 10:37:01', 'postman', 1),
(32, 'fcf2ea4f-5c60-11ea-9169-48f17f8d4d88', 'green color', NULL, '0', '2020-03-02 10:37:01', 'postman', '2020-03-02 10:37:01', 'postman', 1),
(33, '0e4fc568-5c63-11ea-9169-48f17f8d4d88', 'Blue color', NULL, '0', '2020-03-02 10:51:49', 'postman', '2020-03-02 10:51:49', 'postman', 1),
(34, '0e4fc568-5c63-11ea-9169-48f17f8d4d88', 'Red color', NULL, '0', '2020-03-02 10:51:49', 'postman', '2020-03-02 10:51:49', 'postman', 1),
(35, '0e4fc568-5c63-11ea-9169-48f17f8d4d88', 'green color', NULL, '0', '2020-03-02 10:51:49', 'postman', '2020-03-02 10:51:49', 'postman', 1),
(36, 'c0a47e25-5dd6-11ea-a211-48f17f8d4d88', 'White', NULL, '0', '2020-03-04 07:12:32', '81de5b36-d170-11e9-b97c-48f17f8d4d88', '2020-03-04 07:12:32', '81de5b36-d170-11e9-b97c-48f17f8d4d88', 1),
(37, 'c0a47e25-5dd6-11ea-a211-48f17f8d4d88', 'Green', NULL, '0', '2020-03-04 07:12:32', '81de5b36-d170-11e9-b97c-48f17f8d4d88', '2020-03-04 07:12:32', '81de5b36-d170-11e9-b97c-48f17f8d4d88', 1),
(38, 'c0a47e25-5dd6-11ea-a211-48f17f8d4d88', 'Black', NULL, '0', '2020-03-04 07:12:32', '81de5b36-d170-11e9-b97c-48f17f8d4d88', '2020-03-04 07:12:32', '81de5b36-d170-11e9-b97c-48f17f8d4d88', 1),
(39, '38a04575-5dd7-11ea-a211-48f17f8d4d88', 'White', NULL, '0', '2020-03-04 07:15:53', '81de5b36-d170-11e9-b97c-48f17f8d4d88', '2020-03-04 07:15:53', '81de5b36-d170-11e9-b97c-48f17f8d4d88', 1),
(40, '38a04575-5dd7-11ea-a211-48f17f8d4d88', 'Green', NULL, '0', '2020-03-04 07:15:53', '81de5b36-d170-11e9-b97c-48f17f8d4d88', '2020-03-04 07:15:53', '81de5b36-d170-11e9-b97c-48f17f8d4d88', 1),
(41, '38a04575-5dd7-11ea-a211-48f17f8d4d88', 'Black', NULL, '0', '2020-03-04 07:15:53', '81de5b36-d170-11e9-b97c-48f17f8d4d88', '2020-03-04 07:15:53', '81de5b36-d170-11e9-b97c-48f17f8d4d88', 1),
(42, '76bbf818-5dd8-11ea-a211-48f17f8d4d88', '14', NULL, '0', '2020-03-04 07:24:47', '81de5b36-d170-11e9-b97c-48f17f8d4d88', '2020-03-04 07:24:47', '81de5b36-d170-11e9-b97c-48f17f8d4d88', 1),
(43, '76bbf818-5dd8-11ea-a211-48f17f8d4d88', '15', NULL, '0', '2020-03-04 07:24:47', '81de5b36-d170-11e9-b97c-48f17f8d4d88', '2020-03-04 07:24:47', '81de5b36-d170-11e9-b97c-48f17f8d4d88', 1),
(44, '76bbf818-5dd8-11ea-a211-48f17f8d4d88', '16', NULL, '0', '2020-03-04 07:24:47', '81de5b36-d170-11e9-b97c-48f17f8d4d88', '2020-03-04 07:24:47', '81de5b36-d170-11e9-b97c-48f17f8d4d88', 1),
(45, '76bbf818-5dd8-11ea-a211-48f17f8d4d88', '17', NULL, '0', '2020-03-04 07:24:47', '81de5b36-d170-11e9-b97c-48f17f8d4d88', '2020-03-04 07:24:47', '81de5b36-d170-11e9-b97c-48f17f8d4d88', 1),
(46, '76bbf818-5dd8-11ea-a211-48f17f8d4d88', '18', NULL, '0', '2020-03-04 07:24:47', '81de5b36-d170-11e9-b97c-48f17f8d4d88', '2020-03-04 07:24:47', '81de5b36-d170-11e9-b97c-48f17f8d4d88', 1),
(47, '5192edb6-5ddc-11ea-a211-48f17f8d4d88', 's', NULL, '0', '2020-03-04 07:52:22', '81de5b36-d170-11e9-b97c-48f17f8d4d88', '2020-03-04 07:52:22', '81de5b36-d170-11e9-b97c-48f17f8d4d88', 1),
(48, '5192edb6-5ddc-11ea-a211-48f17f8d4d88', 'm', NULL, '0', '2020-03-04 07:52:22', '81de5b36-d170-11e9-b97c-48f17f8d4d88', '2020-03-04 07:52:22', '81de5b36-d170-11e9-b97c-48f17f8d4d88', 1),
(49, '5192edb6-5ddc-11ea-a211-48f17f8d4d88', 'l', NULL, '0', '2020-03-04 07:52:22', '81de5b36-d170-11e9-b97c-48f17f8d4d88', '2020-03-04 07:52:22', '81de5b36-d170-11e9-b97c-48f17f8d4d88', 1),
(50, '10f2eb99-5dde-11ea-b68c-48f17f8d4d88', 'S', NULL, '0', '2020-03-04 08:04:53', '81de5b36-d170-11e9-b97c-48f17f8d4d88', '2020-03-04 08:04:53', '81de5b36-d170-11e9-b97c-48f17f8d4d88', 1),
(51, '10f2eb99-5dde-11ea-b68c-48f17f8d4d88', 'L', NULL, '0', '2020-03-04 08:04:53', '81de5b36-d170-11e9-b97c-48f17f8d4d88', '2020-03-04 08:04:53', '81de5b36-d170-11e9-b97c-48f17f8d4d88', 1),
(52, '10f2eb99-5dde-11ea-b68c-48f17f8d4d88', 'M', NULL, '0', '2020-03-04 08:04:53', '81de5b36-d170-11e9-b97c-48f17f8d4d88', '2020-03-04 08:04:53', '81de5b36-d170-11e9-b97c-48f17f8d4d88', 1),
(53, '10f2eb99-5dde-11ea-b68c-48f17f8d4d88', 'XL', NULL, '0', '2020-03-04 08:04:53', '81de5b36-d170-11e9-b97c-48f17f8d4d88', '2020-03-04 08:04:53', '81de5b36-d170-11e9-b97c-48f17f8d4d88', 1),
(54, '10f449ec-5dde-11ea-b68c-48f17f8d4d88', 'Yellow', NULL, '0', '2020-03-04 08:04:53', '81de5b36-d170-11e9-b97c-48f17f8d4d88', '2020-03-04 08:04:53', '81de5b36-d170-11e9-b97c-48f17f8d4d88', 1),
(55, '10f449ec-5dde-11ea-b68c-48f17f8d4d88', 'Red', NULL, '0', '2020-03-04 08:04:53', '81de5b36-d170-11e9-b97c-48f17f8d4d88', '2020-03-04 08:04:53', '81de5b36-d170-11e9-b97c-48f17f8d4d88', 1),
(56, '10f449ec-5dde-11ea-b68c-48f17f8d4d88', 'Black', NULL, '0', '2020-03-04 08:04:53', '81de5b36-d170-11e9-b97c-48f17f8d4d88', '2020-03-04 08:04:53', '81de5b36-d170-11e9-b97c-48f17f8d4d88', 1);

-- --------------------------------------------------------

--
-- Table structure for table `brand`
--

CREATE TABLE `brand` (
  `BrandId` varchar(225) NOT NULL,
  `CompanyId` varchar(225) NOT NULL,
  `Name` varchar(100) NOT NULL,
  `CreateDate` datetime NOT NULL DEFAULT current_timestamp(),
  `CreateUserId` varchar(225) NOT NULL,
  `ModifyDate` datetime NOT NULL DEFAULT current_timestamp(),
  `ModifyUserId` varchar(225) NOT NULL,
  `StatusId` int(11) NOT NULL
) ENGINE=InnoDB DEFAULT CHARSET=latin1;

--
-- Dumping data for table `brand`
--

INSERT INTO `brand` (`BrandId`, `CompanyId`, `Name`, `CreateDate`, `CreateUserId`, `ModifyDate`, `ModifyUserId`, `StatusId`) VALUES
('0aafe88d-e600-11e9-bc5d-0050569fd205', '23b82588-e370-11e9-bc5d-0050569fd205', 'Tests 2', '2019-10-03 19:05:46', 'c57c153d-e36e-11e9-bc5d-0050569fd205', '2019-10-03 19:05:46', 'c57c153d-e36e-11e9-bc5d-0050569fd205', 1),
('10664ace-e5bd-11e9-bc5d-0050569fd205', '9b8ea912-e518-11e9-bc5d-0050569fd205', 'Green lander ', '2019-10-03 11:06:19', '41f977a7-e518-11e9-bc5d-0050569fd205', '2019-10-03 11:06:19', '41f977a7-e518-11e9-bc5d-0050569fd205', 1),
('124ac938-e130-11e9-9302-48f17f8d4d88', '94c5b3cf-d170-11e9-b97c-48f17f8d4d88', 'w', '2019-09-27 16:06:59', '81de5b36-d170-11e9-b97c-48f17f8d4d88', '2019-09-27 16:06:59', '81de5b36-d170-11e9-b97c-48f17f8d4d88', 1),
('1aaf2cd9-e600-11e9-bc5d-0050569fd205', '23b82588-e370-11e9-bc5d-0050569fd205', 'Test 5', '2019-10-03 19:06:13', 'c57c153d-e36e-11e9-bc5d-0050569fd205', '2019-10-03 19:06:13', 'c57c153d-e36e-11e9-bc5d-0050569fd205', 1),
('2150e082-e49d-11e9-bc5d-0050569fd205', '23b82588-e370-11e9-bc5d-0050569fd205', 'test', '2019-10-02 00:45:13', 'c57c153d-e36e-11e9-bc5d-0050569fd205', '2019-10-02 00:45:13', 'c57c153d-e36e-11e9-bc5d-0050569fd205', 1),
('22460081-d40e-11e9-9f95-48f17f8d4d88', '94c5b3cf-d170-11e9-b97c-48f17f8d4d88', 'merc', '2019-09-10 23:01:18', '81de5b36-d170-11e9-b97c-48f17f8d4d88', '2019-09-10 23:01:18', '81de5b36-d170-11e9-b97c-48f17f8d4d88', 1),
('256f9dc6-d58b-11e9-a017-48f17f8d4d88', '94c5b3cf-d170-11e9-b97c-48f17f8d4d88', 'KIA', '2019-09-12 20:28:41', '81de5b36-d170-11e9-b97c-48f17f8d4d88', '2019-09-12 20:28:41', '81de5b36-d170-11e9-b97c-48f17f8d4d88', 1),
('25c86184-f9cc-11e9-987f-363532eb0721', '4b1f410b-e523-11e9-bc5d-0050569fd205', 'Konvikt', '2019-10-28 23:44:41', '1154faf5-e523-11e9-bc5d-0050569fd205', '2019-10-28 23:44:41', '1154faf5-e523-11e9-bc5d-0050569fd205', 1),
('27dd4942-e2e1-11e9-bc5d-0050569fd205', '2d3aafa8-e2e0-11e9-bc5d-0050569fd205', 'Thenji Collection', '2019-09-29 19:47:07', '97aec45d-e2df-11e9-bc5d-0050569fd205', '2019-09-29 19:47:07', '97aec45d-e2df-11e9-bc5d-0050569fd205', 1),
('2a13f21d-dfde-11e9-850f-48f17f8d4d88', '94c5b3cf-d170-11e9-b97c-48f17f8d4d88', 'Germex', '2019-09-25 23:48:09', '81de5b36-d170-11e9-b97c-48f17f8d4d88', '2019-09-25 23:48:09', '81de5b36-d170-11e9-b97c-48f17f8d4d88', 0),
('394a1196-d409-11e9-9f95-48f17f8d4d88', '94c5b3cf-d170-11e9-b97c-48f17f8d4d88', 'VW', '2019-09-10 22:26:09', 'postman', '2019-09-10 22:26:09', 'postman', 1),
('3f3427ab-d409-11e9-9f95-48f17f8d4d88', '94c5b3cf-d170-11e9-b97c-48f17f8d4d88', 'Toyota', '2019-09-10 22:26:19', 'postman', '2019-09-10 22:26:19', 'postman', 1),
('3f40c927-e5a8-11e9-bc5d-0050569fd205', '9b8ea912-e518-11e9-bc5d-0050569fd205', 'test', '2019-10-03 08:37:18', '41f977a7-e518-11e9-bc5d-0050569fd205', '2019-10-03 08:37:18', '41f977a7-e518-11e9-bc5d-0050569fd205', 1),
('4369bfef-e515-11e9-bc5d-0050569fd205', '23b82588-e370-11e9-bc5d-0050569fd205', 'FABLE MOUNTAIN', '2019-10-02 15:05:09', 'c57c153d-e36e-11e9-bc5d-0050569fd205', '2019-10-02 15:05:09', 'c57c153d-e36e-11e9-bc5d-0050569fd205', 1),
('46c0aaf2-e1e8-11e9-abbd-48f17f8d4d88', '94c5b3cf-d170-11e9-b97c-48f17f8d4d88', '11', '2019-09-28 14:05:34', '81de5b36-d170-11e9-b97c-48f17f8d4d88', '2019-09-28 14:05:34', '81de5b36-d170-11e9-b97c-48f17f8d4d88', 1),
('47639284-2faf-11ea-8be9-48f17f8d4d88', '42be6167-2fa9-11ea-8be9-48f17f8d4d88', 'Zalou', '2020-01-05 13:34:05', '42bfaa8a-2fa9-11ea-8be9-48f17f8d4d88', '2020-01-05 13:34:05', '42bfaa8a-2fa9-11ea-8be9-48f17f8d4d88', 1),
('4899e3a9-02e0-11ea-bc5e-363532eb0721', '0c89e134-02ca-11ea-91af-363532eb0721', 'Water', '2019-11-09 13:01:30', '0c8c1818-02ca-11ea-91af-363532eb0721', '2019-11-09 13:01:30', '0c8c1818-02ca-11ea-91af-363532eb0721', 1),
('4bf57eac-e519-11e9-bc5d-0050569fd205', '9b8ea912-e518-11e9-bc5d-0050569fd205', 'Bridgestone', '2019-10-02 15:34:02', '41f977a7-e518-11e9-bc5d-0050569fd205', '2019-10-02 15:34:02', '41f977a7-e518-11e9-bc5d-0050569fd205', 1),
('4ff0534f-e1e8-11e9-abbd-48f17f8d4d88', '94c5b3cf-d170-11e9-b97c-48f17f8d4d88', 'ui', '2019-09-28 14:05:50', '81de5b36-d170-11e9-b97c-48f17f8d4d88', '2019-09-28 14:05:50', '81de5b36-d170-11e9-b97c-48f17f8d4d88', 1),
('52c29874-e5a6-11e9-bc5d-0050569fd205', '9b8ea912-e518-11e9-bc5d-0050569fd205', 'TSW', '2019-10-03 08:23:32', '41f977a7-e518-11e9-bc5d-0050569fd205', '2019-10-03 08:23:32', '41f977a7-e518-11e9-bc5d-0050569fd205', 1),
('54b5877f-e519-11e9-bc5d-0050569fd205', '9b8ea912-e518-11e9-bc5d-0050569fd205', 'Goodyear', '2019-10-02 15:34:16', '41f977a7-e518-11e9-bc5d-0050569fd205', '2019-10-02 15:34:16', '41f977a7-e518-11e9-bc5d-0050569fd205', 1),
('57600c70-d6ef-11e9-a5a1-c8f7501047dc', '94c5b3cf-d170-11e9-b97c-48f17f8d4d88', 'Rolex', '2019-09-14 14:58:19', '81de5b36-d170-11e9-b97c-48f17f8d4d88', '2019-09-14 14:58:19', '81de5b36-d170-11e9-b97c-48f17f8d4d88', 1),
('5c67df71-e519-11e9-bc5d-0050569fd205', '9b8ea912-e518-11e9-bc5d-0050569fd205', 'Continental', '2019-10-02 15:34:29', '41f977a7-e518-11e9-bc5d-0050569fd205', '2019-10-02 15:34:29', '41f977a7-e518-11e9-bc5d-0050569fd205', 1),
('63fe669f-d6f7-11e9-a5a1-c8f7501047dc', '94c5b3cf-d170-11e9-b97c-48f17f8d4d88', 'Mercedece Benz', '2019-09-14 15:55:57', '81de5b36-d170-11e9-b97c-48f17f8d4d88', '2019-09-14 15:55:57', '81de5b36-d170-11e9-b97c-48f17f8d4d88', 1),
('6983b8cd-e46f-11e9-bc5d-0050569fd205', '12cf03f6-e46f-11e9-bc5d-0050569fd205', 'Puma', '2019-10-01 19:17:57', 'c3758771-e46e-11e9-bc5d-0050569fd205', '2019-10-01 19:17:57', 'c3758771-e46e-11e9-bc5d-0050569fd205', 1),
('7057ccf3-d40d-11e9-9f95-48f17f8d4d88', '94c5b3cf-d170-11e9-b97c-48f17f8d4d88', 'Colt', '2019-09-10 22:56:19', '81de5b36-d170-11e9-b97c-48f17f8d4d88', '2019-09-10 22:56:19', '81de5b36-d170-11e9-b97c-48f17f8d4d88', 1),
('74512919-e457-11e9-bc5d-0050569fd205', '23b82588-e370-11e9-bc5d-0050569fd205', 'COFFEE', '2019-10-01 16:26:27', 'c57c153d-e36e-11e9-bc5d-0050569fd205', '2019-10-01 16:26:27', 'c57c153d-e36e-11e9-bc5d-0050569fd205', 1),
('745dacb7-d3f4-11e9-9f95-48f17f8d4d88', '4c5b3cf-d170-11e9-b97c-48f17f8d4d88', 'VW', '2019-09-10 19:57:28', 'postman', '2019-09-10 19:57:28', 'postman', 1),
('75a04f90-e12f-11e9-9302-48f17f8d4d88', '94c5b3cf-d170-11e9-b97c-48f17f8d4d88', 'Test', '2019-09-27 16:02:36', '81de5b36-d170-11e9-b97c-48f17f8d4d88', '2019-09-27 16:02:36', '81de5b36-d170-11e9-b97c-48f17f8d4d88', 1),
('85576016-e457-11e9-bc5d-0050569fd205', '23b82588-e370-11e9-bc5d-0050569fd205', 'WINE', '2019-10-01 16:26:56', 'c57c153d-e36e-11e9-bc5d-0050569fd205', '2019-10-01 16:26:56', 'c57c153d-e36e-11e9-bc5d-0050569fd205', 1),
('888c5e79-e5a6-11e9-bc5d-0050569fd205', '9b8ea912-e518-11e9-bc5d-0050569fd205', 'RBP', '2019-10-03 08:25:02', '41f977a7-e518-11e9-bc5d-0050569fd205', '2019-10-03 08:25:02', '41f977a7-e518-11e9-bc5d-0050569fd205', 1),
('8b41eba2-e514-11e9-bc5d-0050569fd205', '23b82588-e370-11e9-bc5d-0050569fd205', 'RUPERT & ROTHSCHILD', '2019-10-02 15:00:00', 'c57c153d-e36e-11e9-bc5d-0050569fd205', '2019-10-02 15:00:00', 'c57c153d-e36e-11e9-bc5d-0050569fd205', 1),
('8c143c75-d584-11e9-a017-48f17f8d4d88', '94c5b3cf-d170-11e9-b97c-48f17f8d4d88', 'Isuzu', '2019-09-12 19:41:27', '81de5b36-d170-11e9-b97c-48f17f8d4d88', '2019-09-12 19:41:27', '81de5b36-d170-11e9-b97c-48f17f8d4d88', 1),
('9453ec53-f978-11e9-987f-363532eb0721', 'n/a', 'Mulher ', '2019-10-28 13:46:29', '30fbbfbc-f978-11e9-987f-363532eb0721', '2019-10-28 13:46:29', '30fbbfbc-f978-11e9-987f-363532eb0721', 1),
('9510a66f-e5e9-11e9-bc5d-0050569fd205', '2d3aafa8-e2e0-11e9-bc5d-0050569fd205', 'Ndu', '2019-10-03 16:25:00', '5506426f-e2e1-11e9-bc5d-0050569fd205', '2019-10-03 16:25:00', '5506426f-e2e1-11e9-bc5d-0050569fd205', 1),
('9d74c31a-02df-11ea-bc5e-363532eb0721', '0c89e134-02ca-11ea-91af-363532eb0721', 'Milk', '2019-11-09 12:56:43', '0c8c1818-02ca-11ea-91af-363532eb0721', '2019-11-09 12:56:43', '0c8c1818-02ca-11ea-91af-363532eb0721', 1),
('9f32cf78-d737-11e9-a568-c8f7501047dc', '4523af94-d172-11e9-b97c-48f17f8d4d88', 'Marvel', '2019-09-14 23:35:50', 'ba6257ea-d307-11e9-a45b-0050569fd205', '2019-09-14 23:35:50', 'ba6257ea-d307-11e9-a45b-0050569fd205', 1),
('a0549079-d71b-11e9-a568-c8f7501047dc', '94c5b3cf-d170-11e9-b97c-48f17f8d4d88', 'Audi', '2019-09-14 20:15:26', '81de5b36-d170-11e9-b97c-48f17f8d4d88', '2019-09-14 20:15:26', '81de5b36-d170-11e9-b97c-48f17f8d4d88', 1),
('a322b855-e175-11e9-9302-48f17f8d4d88', '94c5b3cf-d170-11e9-b97c-48f17f8d4d88', 'TEst1', '2019-09-28 00:24:57', '81de5b36-d170-11e9-b97c-48f17f8d4d88', '2019-09-28 00:24:57', '81de5b36-d170-11e9-b97c-48f17f8d4d88', 1),
('a936b995-e5e9-11e9-bc5d-0050569fd205', '2d3aafa8-e2e0-11e9-bc5d-0050569fd205', 'Cat 4', '2019-10-03 16:25:34', '5506426f-e2e1-11e9-bc5d-0050569fd205', '2019-10-03 16:25:34', '5506426f-e2e1-11e9-bc5d-0050569fd205', 1),
('ac5439cb-00d2-11ea-91af-363532eb0721', '9a6037a0-e688-11e9-bc5d-0050569fd205', 'Mulher Swimwear ', '2019-11-06 22:19:02', '7feffeff-e688-11e9-bc5d-0050569fd205', '2019-11-06 22:19:02', '7feffeff-e688-11e9-bc5d-0050569fd205', 1),
('ae04c589-e5ee-11e9-bc5d-0050569fd205', '23b82588-e370-11e9-bc5d-0050569fd205', 'Tea ', '2019-10-03 17:01:29', 'c57c153d-e36e-11e9-bc5d-0050569fd205', '2019-10-03 17:01:29', 'c57c153d-e36e-11e9-bc5d-0050569fd205', 1),
('af73b174-00d2-11ea-91af-363532eb0721', '9a6037a0-e688-11e9-bc5d-0050569fd205', 'Mulher Swimwear ', '2019-11-06 22:19:07', '7feffeff-e688-11e9-bc5d-0050569fd205', '2019-11-06 22:19:07', '7feffeff-e688-11e9-bc5d-0050569fd205', 1),
('b949c5cd-e5a3-11e9-bc5d-0050569fd205', '9b8ea912-e518-11e9-bc5d-0050569fd205', 'DUNLOP', '2019-10-03 08:04:56', '41f977a7-e518-11e9-bc5d-0050569fd205', '2019-10-03 08:04:56', '41f977a7-e518-11e9-bc5d-0050569fd205', 1),
('c39af95e-02cb-11ea-91af-363532eb0721', '0c89e134-02ca-11ea-91af-363532eb0721', 'Monate Coffee', '2019-11-09 10:34:37', '0c8c1818-02ca-11ea-91af-363532eb0721', '2019-11-09 10:34:37', '0c8c1818-02ca-11ea-91af-363532eb0721', 1),
('c48bbf2e-e175-11e9-9302-48f17f8d4d88', '94c5b3cf-d170-11e9-b97c-48f17f8d4d88', 'testqqq', '2019-09-28 00:25:53', '81de5b36-d170-11e9-b97c-48f17f8d4d88', '2019-09-28 00:25:53', '81de5b36-d170-11e9-b97c-48f17f8d4d88', 1),
('c4bd30c9-00d2-11ea-91af-363532eb0721', '9a6037a0-e688-11e9-bc5d-0050569fd205', 'Mulher Swimwear ', '2019-11-06 22:19:43', '7feffeff-e688-11e9-bc5d-0050569fd205', '2019-11-06 22:19:43', '7feffeff-e688-11e9-bc5d-0050569fd205', 1),
('c57b6b5d-e159-11e9-9302-48f17f8d4d88', '94c5b3cf-d170-11e9-b97c-48f17f8d4d88', 'Bluesil', '2019-09-27 21:05:29', '81de5b36-d170-11e9-b97c-48f17f8d4d88', '2019-09-27 21:05:29', '81de5b36-d170-11e9-b97c-48f17f8d4d88', 1),
('c5acb43d-e5e8-11e9-bc5d-0050569fd205', '2d3aafa8-e2e0-11e9-bc5d-0050569fd205', 'Home', '2019-10-03 16:19:12', '5506426f-e2e1-11e9-bc5d-0050569fd205', '2019-10-03 16:19:12', '5506426f-e2e1-11e9-bc5d-0050569fd205', 1),
('c792a06c-e515-11e9-bc5d-0050569fd205', '23b82588-e370-11e9-bc5d-0050569fd205', 'DE TOREN', '2019-10-02 15:08:51', 'c57c153d-e36e-11e9-bc5d-0050569fd205', '2019-10-02 15:08:51', 'c57c153d-e36e-11e9-bc5d-0050569fd205', 1),
('c8e33adb-fff0-11e9-91af-363532eb0721', '49a75007-fff0-11e9-91af-363532eb0721', 'Car Insurance ', '2019-11-05 19:22:03', '49aa0dc7-fff0-11e9-91af-363532eb0721', '2019-11-05 19:22:03', '49aa0dc7-fff0-11e9-91af-363532eb0721', 1),
('cdf7d3f5-00d2-11ea-91af-363532eb0721', '9a6037a0-e688-11e9-bc5d-0050569fd205', 'Mulher Swimwear ', '2019-11-06 22:19:58', '7feffeff-e688-11e9-bc5d-0050569fd205', '2019-11-06 22:19:58', '7feffeff-e688-11e9-bc5d-0050569fd205', 1),
('d01900bd-e5a6-11e9-bc5d-0050569fd205', '9b8ea912-e518-11e9-bc5d-0050569fd205', 'LEXANI', '2019-10-03 08:27:03', '41f977a7-e518-11e9-bc5d-0050569fd205', '2019-10-03 08:27:03', '41f977a7-e518-11e9-bc5d-0050569fd205', 1),
('d7983423-e175-11e9-9302-48f17f8d4d88', '94c5b3cf-d170-11e9-b97c-48f17f8d4d88', 'da', '2019-09-28 00:26:25', '81de5b36-d170-11e9-b97c-48f17f8d4d88', '2019-09-28 00:26:25', '81de5b36-d170-11e9-b97c-48f17f8d4d88', 1),
('d7cdefd9-e35b-11e9-bc5d-0050569fd205', 'n/a', 'Coffe', '2019-09-30 10:25:21', 'b4a32eea-e35b-11e9-bc5d-0050569fd205', '2019-09-30 10:25:21', 'b4a32eea-e35b-11e9-bc5d-0050569fd205', 1),
('d82d1c4d-e12f-11e9-9302-48f17f8d4d88', '94c5b3cf-d170-11e9-b97c-48f17f8d4d88', 'New bb', '2019-09-27 16:05:21', '81de5b36-d170-11e9-b97c-48f17f8d4d88', '2019-09-27 16:05:21', '81de5b36-d170-11e9-b97c-48f17f8d4d88', 1),
('db0d891c-fff0-11e9-91af-363532eb0721', '49a75007-fff0-11e9-91af-363532eb0721', 'Perishable Foods', '2019-11-05 19:22:34', '49aa0dc7-fff0-11e9-91af-363532eb0721', '2019-11-05 19:22:34', '49aa0dc7-fff0-11e9-91af-363532eb0721', 1),
('e0413444-e529-11e9-bc5d-0050569fd205', '9b8ea912-e518-11e9-bc5d-0050569fd205', 'Back2Black', '2019-10-02 17:32:43', '41f977a7-e518-11e9-bc5d-0050569fd205', '2019-10-02 17:32:43', '41f977a7-e518-11e9-bc5d-0050569fd205', 1),
('e2ea95e5-e47a-11e9-bc5d-0050569fd205', 'ac9db3c5-e47a-11e9-bc5d-0050569fd205', 'Zalou. ', '2019-10-01 20:40:05', '70648b1d-e47a-11e9-bc5d-0050569fd205', '2019-10-01 20:40:05', '70648b1d-e47a-11e9-bc5d-0050569fd205', 1),
('e5865380-e5e8-11e9-bc5d-0050569fd205', '2d3aafa8-e2e0-11e9-bc5d-0050569fd205', 'Accossiries ', '2019-10-03 16:20:05', '5506426f-e2e1-11e9-bc5d-0050569fd205', '2019-10-03 16:20:05', '5506426f-e2e1-11e9-bc5d-0050569fd205', 1),
('e899e373-fff0-11e9-91af-363532eb0721', '49a75007-fff0-11e9-91af-363532eb0721', 'Enterprise Meats', '2019-11-05 19:22:57', '49aa0dc7-fff0-11e9-91af-363532eb0721', '2019-11-05 19:22:57', '49aa0dc7-fff0-11e9-91af-363532eb0721', 1),
('f222dc55-e35c-11e9-bc5d-0050569fd205', '2d3aafa8-e2e0-11e9-bc5d-0050569fd205', 'Yealink', '2019-09-30 10:33:15', '97aec45d-e2df-11e9-bc5d-0050569fd205', '2019-09-30 10:33:15', '97aec45d-e2df-11e9-bc5d-0050569fd205', 1),
('f354490f-fff0-11e9-91af-363532eb0721', '49a75007-fff0-11e9-91af-363532eb0721', 'Life Cover', '2019-11-05 19:23:15', '49aa0dc7-fff0-11e9-91af-363532eb0721', '2019-11-05 19:23:15', '49aa0dc7-fff0-11e9-91af-363532eb0721', 1),
('f5e9d774-e5e8-11e9-bc5d-0050569fd205', '2d3aafa8-e2e0-11e9-bc5d-0050569fd205', '6', '2019-10-03 16:20:33', '5506426f-e2e1-11e9-bc5d-0050569fd205', '2019-10-03 16:20:33', '5506426f-e2e1-11e9-bc5d-0050569fd205', 1),
('f9587770-e35e-11e9-bc5d-0050569fd205', 'a8e9befd-e35e-11e9-bc5d-0050569fd205', 'Yealink', '2019-09-30 10:47:46', 'cd3cf692-e35d-11e9-bc5d-0050569fd205', '2019-09-30 10:47:46', 'cd3cf692-e35d-11e9-bc5d-0050569fd205', 1),
('fe7cffe5-e5a5-11e9-bc5d-0050569fd205', '9b8ea912-e518-11e9-bc5d-0050569fd205', 'BBS', '2019-10-03 08:21:11', '41f977a7-e518-11e9-bc5d-0050569fd205', '2019-10-03 08:21:11', '41f977a7-e518-11e9-bc5d-0050569fd205', 1),
('ff011748-d40d-11e9-9f95-48f17f8d4d88', '94c5b3cf-d170-11e9-b97c-48f17f8d4d88', 'BMW', '2019-09-10 23:00:18', '81de5b36-d170-11e9-b97c-48f17f8d4d88', '2019-09-10 23:00:18', '81de5b36-d170-11e9-b97c-48f17f8d4d88', 1);

-- --------------------------------------------------------

--
-- Table structure for table `catergory`
--

CREATE TABLE `catergory` (
  `CatergoryId` varchar(225) NOT NULL,
  `CompanyId` varchar(225) NOT NULL,
  `Name` varchar(100) NOT NULL,
  `CreateDate` datetime NOT NULL DEFAULT current_timestamp(),
  `CreateUserId` varchar(225) NOT NULL,
  `ModifyDate` datetime NOT NULL DEFAULT current_timestamp(),
  `ModifyUserId` varchar(225) NOT NULL,
  `StatusId` int(11) NOT NULL
) ENGINE=InnoDB DEFAULT CHARSET=latin1;

--
-- Dumping data for table `catergory`
--

INSERT INTO `catergory` (`CatergoryId`, `CompanyId`, `Name`, `CreateDate`, `CreateUserId`, `ModifyDate`, `ModifyUserId`, `StatusId`) VALUES
('03b79ea1-e5e9-11e9-bc5d-0050569fd205', '2d3aafa8-e2e0-11e9-bc5d-0050569fd205', 'Office ', '2019-10-03 16:20:56', '5506426f-e2e1-11e9-bc5d-0050569fd205', '2019-10-03 16:20:56', '5506426f-e2e1-11e9-bc5d-0050569fd205', 1),
('05e52757-31da-11ea-a404-48f17f8d4d88', '94c5b3cf-d170-11e9-b97c-48f17f8d4d88', 'tin', '2020-01-08 07:45:05', '81de5b36-d170-11e9-b97c-48f17f8d4d88', '2020-01-08 07:45:05', '81de5b36-d170-11e9-b97c-48f17f8d4d88', 1),
('05e555e0-31da-11ea-a404-48f17f8d4d88', '', '', '2020-01-08 07:45:05', '94c5b3cf-d170-11e9-b97c-48f17f8d4d88', '2020-01-08 07:45:05', 'prawn raw 5kg', 0),
('05e58244-31da-11ea-a404-48f17f8d4d88', '94c5b3cf-d170-11e9-b97c-48f17f8d4d88', 'cold meet', '2020-01-08 07:45:05', '81de5b36-d170-11e9-b97c-48f17f8d4d88', '2020-01-08 07:45:05', '81de5b36-d170-11e9-b97c-48f17f8d4d88', 1),
('05e5a915-31da-11ea-a404-48f17f8d4d88', '', '', '2020-01-08 07:45:05', '94c5b3cf-d170-11e9-b97c-48f17f8d4d88', '2020-01-08 07:45:05', 'prawn raw 5kg', 0),
('05e5d4db-31da-11ea-a404-48f17f8d4d88', '', '', '2020-01-08 07:45:05', '94c5b3cf-d170-11e9-b97c-48f17f8d4d88', '2020-01-08 07:45:05', 'prawn raw 5kg', 0),
('066130f0-d40e-11e9-9f95-48f17f8d4d88', '94c5b3cf-d170-11e9-b97c-48f17f8d4d88', 'Van', '2019-09-10 23:00:31', '81de5b36-d170-11e9-b97c-48f17f8d4d88', '2019-09-10 23:00:31', '81de5b36-d170-11e9-b97c-48f17f8d4d88', 1),
('077a8d82-e51b-11e9-bc5d-0050569fd205', '9b8ea912-e518-11e9-bc5d-0050569fd205', '205/40R17', '2019-10-02 15:46:26', '41f977a7-e518-11e9-bc5d-0050569fd205', '2019-10-02 15:46:26', '41f977a7-e518-11e9-bc5d-0050569fd205', 1),
('0a9c6333-e35f-11e9-bc5d-0050569fd205', 'a8e9befd-e35e-11e9-bc5d-0050569fd205', 'Telephone', '2019-09-30 10:48:15', 'cd3cf692-e35d-11e9-bc5d-0050569fd205', '2019-09-30 10:48:15', 'cd3cf692-e35d-11e9-bc5d-0050569fd205', 1),
('118746bc-00d3-11ea-91af-363532eb0721', '9a6037a0-e688-11e9-bc5d-0050569fd205', 'Lingerie ', '2019-11-06 22:21:52', '7feffeff-e688-11e9-bc5d-0050569fd205', '2019-11-06 22:21:52', '7feffeff-e688-11e9-bc5d-0050569fd205', 1),
('157d625f-d65f-11e9-857f-48f17f8d4d88', '94c5b3cf-d170-11e9-b97c-48f17f8d4d88', 'Shoes', '2019-09-13 21:45:48', '81de5b36-d170-11e9-b97c-48f17f8d4d88', '2019-09-13 21:45:48', '81de5b36-d170-11e9-b97c-48f17f8d4d88', 1),
('17e28e81-e35d-11e9-bc5d-0050569fd205', '2d3aafa8-e2e0-11e9-bc5d-0050569fd205', 'SIP Phone', '2019-09-30 10:34:18', '97aec45d-e2df-11e9-bc5d-0050569fd205', '2019-09-30 10:34:18', '97aec45d-e2df-11e9-bc5d-0050569fd205', 1),
('245d2a5c-e6d3-11e9-bc5d-0050569fd205', 'dfd5ee69-e6ac-11e9-bc5d-0050569fd205', 'Ladies', '2019-10-04 20:16:53', 'bfb9480e-e6ac-11e9-bc5d-0050569fd205', '2019-10-04 20:16:53', 'bfb9480e-e6ac-11e9-bc5d-0050569fd205', 1),
('283c46c3-d40e-11e9-9f95-48f17f8d4d88', '94c5b3cf-d170-11e9-b97c-48f17f8d4d88', 'sport', '2019-09-10 23:01:28', '81de5b36-d170-11e9-b97c-48f17f8d4d88', '2019-09-10 23:01:28', '81de5b36-d170-11e9-b97c-48f17f8d4d88', 1),
('292a42fe-31da-11ea-a404-48f17f8d4d88', '', '', '2020-01-08 07:46:05', '84e1b6d9-30b8-11ea-8b45-48f17f8d4d88', '2020-01-08 07:46:05', 'prawn raw 5kg', 0),
('292a7390-31da-11ea-a404-48f17f8d4d88', '', '', '2020-01-08 07:46:05', '84e1b6d9-30b8-11ea-8b45-48f17f8d4d88', '2020-01-08 07:46:05', 'prawn raw 5kg', 0),
('292aa186-31da-11ea-a404-48f17f8d4d88', '', '', '2020-01-08 07:46:05', '84e1b6d9-30b8-11ea-8b45-48f17f8d4d88', '2020-01-08 07:46:05', 'prawn raw 5kg', 0),
('2f1dd86d-d409-11e9-9f95-48f17f8d4d88', '94c5b3cf-d170-11e9-b97c-48f17f8d4d88', 'Hatchback', '2019-09-10 22:25:52', 'postman', '2019-09-10 22:25:52', 'postman', 1),
('3246f0ff-e6d3-11e9-bc5d-0050569fd205', 'dfd5ee69-e6ac-11e9-bc5d-0050569fd205', 'Uni-sex', '2019-10-04 20:17:16', 'bfb9480e-e6ac-11e9-bc5d-0050569fd205', '2019-10-04 20:17:16', 'bfb9480e-e6ac-11e9-bc5d-0050569fd205', 1),
('33785b3d-d409-11e9-9f95-48f17f8d4d88', '94c5b3cf-d170-11e9-b97c-48f17f8d4d88', 'Sedan', '2019-09-10 22:25:59', 'postman', '2019-09-10 22:25:59', 'postman', 1),
('38d9fc30-f9cc-11e9-987f-363532eb0721', '4b1f410b-e523-11e9-bc5d-0050569fd205', 'Printed T-shirt', '2019-10-28 23:45:13', '1154faf5-e523-11e9-bc5d-0050569fd205', '2019-10-28 23:45:13', '1154faf5-e523-11e9-bc5d-0050569fd205', 1),
('39907d83-e2e1-11e9-bc5d-0050569fd205', '2d3aafa8-e2e0-11e9-bc5d-0050569fd205', 'Necklace', '2019-09-29 19:47:37', '97aec45d-e2df-11e9-bc5d-0050569fd205', '2019-09-29 19:47:37', '97aec45d-e2df-11e9-bc5d-0050569fd205', 1),
('3dd53c98-d663-11e9-857f-48f17f8d4d88', '94c5b3cf-d170-11e9-b97c-48f17f8d4d88', '324', '2019-09-13 22:15:33', '81de5b36-d170-11e9-b97c-48f17f8d4d88', '2019-09-13 22:15:33', '81de5b36-d170-11e9-b97c-48f17f8d4d88', 1),
('44c3f2a7-e6d3-11e9-bc5d-0050569fd205', 'dfd5ee69-e6ac-11e9-bc5d-0050569fd205', 'Men - Shirt', '2019-10-04 20:17:47', 'bfb9480e-e6ac-11e9-bc5d-0050569fd205', '2019-10-04 20:17:47', 'bfb9480e-e6ac-11e9-bc5d-0050569fd205', 1),
('4aaa291d-02df-11ea-bc5e-363532eb0721', '0c89e134-02ca-11ea-91af-363532eb0721', '1kg Beans', '2019-11-09 12:54:24', '0c8c1818-02ca-11ea-91af-363532eb0721', '2019-11-09 12:54:24', '0c8c1818-02ca-11ea-91af-363532eb0721', 1),
('549a1ea5-02df-11ea-bc5e-363532eb0721', '0c89e134-02ca-11ea-91af-363532eb0721', '250g Beans', '2019-11-09 12:54:40', '0c8c1818-02ca-11ea-91af-363532eb0721', '2019-11-09 12:54:40', '0c8c1818-02ca-11ea-91af-363532eb0721', 1),
('5dfa3060-d6ef-11e9-a5a1-c8f7501047dc', '94c5b3cf-d170-11e9-b97c-48f17f8d4d88', 'Watch', '2019-09-14 14:58:30', '81de5b36-d170-11e9-b97c-48f17f8d4d88', '2019-09-14 14:58:30', '81de5b36-d170-11e9-b97c-48f17f8d4d88', 1),
('6f1645db-02e0-11ea-bc5e-363532eb0721', '0c89e134-02ca-11ea-91af-363532eb0721', 'Sparkling', '2019-11-09 13:02:34', '0c8c1818-02ca-11ea-91af-363532eb0721', '2019-11-09 13:02:34', '0c8c1818-02ca-11ea-91af-363532eb0721', 1),
('6fca7387-e51a-11e9-bc5d-0050569fd205', '9b8ea912-e518-11e9-bc5d-0050569fd205', 'MAG', '2019-10-02 15:42:11', '41f977a7-e518-11e9-bc5d-0050569fd205', '2019-10-02 15:42:11', '41f977a7-e518-11e9-bc5d-0050569fd205', 1),
('716d5a86-02df-11ea-bc5e-363532eb0721', '0c89e134-02ca-11ea-91af-363532eb0721', '250g Ground', '2019-11-09 12:55:29', '0c8c1818-02ca-11ea-91af-363532eb0721', '2019-11-09 12:55:29', '0c8c1818-02ca-11ea-91af-363532eb0721', 1),
('72f06087-e519-11e9-bc5d-0050569fd205', '9b8ea912-e518-11e9-bc5d-0050569fd205', 'TYRE', '2019-10-02 15:35:07', '41f977a7-e518-11e9-bc5d-0050569fd205', '2019-10-02 15:35:07', '41f977a7-e518-11e9-bc5d-0050569fd205', 1),
('7574508c-e45b-11e9-bc5d-0050569fd205', '23b82588-e370-11e9-bc5d-0050569fd205', 'COFFEE', '2019-10-01 16:55:07', 'c57c153d-e36e-11e9-bc5d-0050569fd205', '2019-10-01 16:55:07', 'c57c153d-e36e-11e9-bc5d-0050569fd205', 1),
('772c826d-02e0-11ea-bc5e-363532eb0721', '0c89e134-02ca-11ea-91af-363532eb0721', 'Still ', '2019-11-09 13:02:48', '0c8c1818-02ca-11ea-91af-363532eb0721', '2019-11-09 13:02:48', '0c8c1818-02ca-11ea-91af-363532eb0721', 1),
('84b84ba4-d3f5-11e9-9f95-48f17f8d4d88', '4c5b3cf-d170-11e9-b97c-48f17f8d4d88', 'VW', '2019-09-10 20:05:05', 'postman', '2019-09-10 20:05:05', 'postman', 1),
('87ae0cee-02e1-11ea-bc5e-363532eb0721', '0c89e134-02ca-11ea-91af-363532eb0721', 'Bean Flavored  ', '2019-11-09 13:10:25', '0c8c1818-02ca-11ea-91af-363532eb0721', '2019-11-09 13:10:25', '0c8c1818-02ca-11ea-91af-363532eb0721', 1),
('8aa30563-d3f5-11e9-9f95-48f17f8d4d88', '4c5b3cf-d170-11e9-b97c-48f17f8d4d88', 'Hatchback', '2019-09-10 20:05:15', 'postman', '2019-09-10 20:05:15', 'postman', 1),
('8b7f4671-f978-11e9-987f-363532eb0721', 'n/a', 'Two Piece', '2019-10-28 13:46:14', '30fbbfbc-f978-11e9-987f-363532eb0721', '2019-10-28 13:46:14', '30fbbfbc-f978-11e9-987f-363532eb0721', 1),
('8ce57ffb-02e1-11ea-bc5e-363532eb0721', '0c89e134-02ca-11ea-91af-363532eb0721', 'Ground Flavored  ', '2019-11-09 13:10:34', '0c8c1818-02ca-11ea-91af-363532eb0721', '2019-11-09 13:10:34', '0c8c1818-02ca-11ea-91af-363532eb0721', 1),
('8eb73c16-e519-11e9-bc5d-0050569fd205', '9b8ea912-e518-11e9-bc5d-0050569fd205', '2nd Hand Tyre', '2019-10-02 15:35:54', '41f977a7-e518-11e9-bc5d-0050569fd205', '2019-10-02 15:35:54', '41f977a7-e518-11e9-bc5d-0050569fd205', 1),
('94faad66-e514-11e9-bc5d-0050569fd205', '23b82588-e370-11e9-bc5d-0050569fd205', 'WINE', '2019-10-02 15:00:17', 'c57c153d-e36e-11e9-bc5d-0050569fd205', '2019-10-02 15:00:17', 'c57c153d-e36e-11e9-bc5d-0050569fd205', 1),
('99558bcf-e519-11e9-bc5d-0050569fd205', '9b8ea912-e518-11e9-bc5d-0050569fd205', 'Brand New', '2019-10-02 15:36:12', '41f977a7-e518-11e9-bc5d-0050569fd205', '2019-10-02 15:36:12', '41f977a7-e518-11e9-bc5d-0050569fd205', 1),
('9f3fb40e-e5e9-11e9-bc5d-0050569fd205', '2d3aafa8-e2e0-11e9-bc5d-0050569fd205', 'Cqt1', '2019-10-03 16:25:17', '5506426f-e2e1-11e9-bc5d-0050569fd205', '2019-10-03 16:25:17', '5506426f-e2e1-11e9-bc5d-0050569fd205', 1),
('9fad0f91-e5aa-11e9-bc5d-0050569fd205', '9b8ea912-e518-11e9-bc5d-0050569fd205', '205/65R15', '2019-10-03 08:54:19', '41f977a7-e518-11e9-bc5d-0050569fd205', '2019-10-03 08:54:19', '41f977a7-e518-11e9-bc5d-0050569fd205', 1),
('a42e206b-d668-11e9-857f-48f17f8d4d88', '94c5b3cf-d170-11e9-b97c-48f17f8d4d88', 'DDDDDDDD', '2019-09-13 22:54:13', '81de5b36-d170-11e9-b97c-48f17f8d4d88', '2019-09-13 22:54:13', '81de5b36-d170-11e9-b97c-48f17f8d4d88', 1),
('ab1432f8-fff0-11e9-91af-363532eb0721', '49a75007-fff0-11e9-91af-363532eb0721', 'Insurance', '2019-11-05 19:21:13', '49aa0dc7-fff0-11e9-91af-363532eb0721', '2019-11-05 19:21:13', '49aa0dc7-fff0-11e9-91af-363532eb0721', 1),
('acf3596b-e366-11e9-bc5d-0050569fd205', 'c753fd7b-e363-11e9-bc5d-0050569fd205', 'Coffee', '2019-09-30 11:42:53', 'b4a32eea-e35b-11e9-bc5d-0050569fd205', '2019-09-30 11:42:53', 'b4a32eea-e35b-11e9-bc5d-0050569fd205', 1),
('b16de9ac-02df-11ea-bc5e-363532eb0721', '0c89e134-02ca-11ea-91af-363532eb0721', 'Normal', '2019-11-09 12:57:16', '0c8c1818-02ca-11ea-91af-363532eb0721', '2019-11-09 12:57:16', '0c8c1818-02ca-11ea-91af-363532eb0721', 1),
('b3150f0b-d71b-11e9-a568-c8f7501047dc', '94c5b3cf-d170-11e9-b97c-48f17f8d4d88', 'Wagon Sport', '2019-09-14 20:15:58', '81de5b36-d170-11e9-b97c-48f17f8d4d88', '2019-09-14 20:15:58', '81de5b36-d170-11e9-b97c-48f17f8d4d88', 1),
('b6188d56-fff0-11e9-91af-363532eb0721', '49a75007-fff0-11e9-91af-363532eb0721', 'Supermarket', '2019-11-05 19:21:32', '49aa0dc7-fff0-11e9-91af-363532eb0721', '2019-11-05 19:21:32', '49aa0dc7-fff0-11e9-91af-363532eb0721', 1),
('b73ab1a6-02e1-11ea-bc5e-363532eb0721', '0c89e134-02ca-11ea-91af-363532eb0721', 'Bean Non-Flavored ', '2019-11-09 13:11:45', '0c8c1818-02ca-11ea-91af-363532eb0721', '2019-11-09 13:11:45', '0c8c1818-02ca-11ea-91af-363532eb0721', 1),
('bb28d608-02e1-11ea-bc5e-363532eb0721', '0c89e134-02ca-11ea-91af-363532eb0721', 'Ground Non-Flavored ', '2019-11-09 13:11:51', '0c8c1818-02ca-11ea-91af-363532eb0721', '2019-11-09 13:11:51', '0c8c1818-02ca-11ea-91af-363532eb0721', 1),
('bf3e1fa4-02df-11ea-bc5e-363532eb0721', '0c89e134-02ca-11ea-91af-363532eb0721', 'Lactose Free', '2019-11-09 12:57:39', '0c8c1818-02ca-11ea-91af-363532eb0721', '2019-11-09 12:57:39', '0c8c1818-02ca-11ea-91af-363532eb0721', 1),
('c589ec5d-e5aa-11e9-bc5d-0050569fd205', '9b8ea912-e518-11e9-bc5d-0050569fd205', '265/70R17', '2019-10-03 08:55:23', '41f977a7-e518-11e9-bc5d-0050569fd205', '2019-10-03 08:55:23', '41f977a7-e518-11e9-bc5d-0050569fd205', 1),
('c5ce3456-e29b-11e9-abbd-48f17f8d4d88', '94c5b3cf-d170-11e9-b97c-48f17f8d4d88', 'Electronics', '2019-09-29 11:30:27', '81de5b36-d170-11e9-b97c-48f17f8d4d88', '2019-09-29 11:30:27', '81de5b36-d170-11e9-b97c-48f17f8d4d88', 1),
('cc54bfc5-e46f-11e9-bc5d-0050569fd205', '12cf03f6-e46f-11e9-bc5d-0050569fd205', 'Sneaker', '2019-10-01 19:20:43', 'c3758771-e46e-11e9-bc5d-0050569fd205', '2019-10-01 19:20:43', 'c3758771-e46e-11e9-bc5d-0050569fd205', 1),
('cc7fc05c-d662-11e9-857f-48f17f8d4d88', '94c5b3cf-d170-11e9-b97c-48f17f8d4d88', 'sam', '2019-09-13 22:12:23', '81de5b36-d170-11e9-b97c-48f17f8d4d88', '2019-09-13 22:12:23', '81de5b36-d170-11e9-b97c-48f17f8d4d88', 1),
('d06f91a1-e159-11e9-9302-48f17f8d4d88', '94c5b3cf-d170-11e9-b97c-48f17f8d4d88', 'Body', '2019-09-27 21:05:47', '81de5b36-d170-11e9-b97c-48f17f8d4d88', '2019-09-27 21:05:47', '81de5b36-d170-11e9-b97c-48f17f8d4d88', 1),
('d0bd5f52-02df-11ea-bc5e-363532eb0721', '0c89e134-02ca-11ea-91af-363532eb0721', 'Almond Milk', '2019-11-09 12:58:09', '0c8c1818-02ca-11ea-91af-363532eb0721', '2019-11-09 12:58:09', '0c8c1818-02ca-11ea-91af-363532eb0721', 1),
('d0f84af7-39e9-11ea-9d4d-48f17f8d4d88', 'f019c8c5-3292-11ea-b970-48f17f8d4d88', 'Services', '2020-01-18 13:58:18', 'f01d15d4-3292-11ea-b970-48f17f8d4d88', '2020-01-18 13:58:18', 'f01d15d4-3292-11ea-b970-48f17f8d4d88', 1),
('d5f42399-d737-11e9-a568-c8f7501047dc', '4523af94-d172-11e9-b97c-48f17f8d4d88', 'T-SHIRT', '2019-09-14 23:37:22', 'ba6257ea-d307-11e9-a45b-0050569fd205', '2019-09-14 23:37:22', 'ba6257ea-d307-11e9-a45b-0050569fd205', 1),
('d6ce766b-02df-11ea-bc5e-363532eb0721', '0c89e134-02ca-11ea-91af-363532eb0721', 'Low Fat', '2019-11-09 12:58:19', '0c8c1818-02ca-11ea-91af-363532eb0721', '2019-11-09 12:58:19', '0c8c1818-02ca-11ea-91af-363532eb0721', 1),
('d7145d3e-dfbc-11e9-850f-48f17f8d4d88', '94c5b3cf-d170-11e9-b97c-48f17f8d4d88', 'clothing', '2019-09-25 19:49:36', '81de5b36-d170-11e9-b97c-48f17f8d4d88', '2019-09-25 19:49:36', '81de5b36-d170-11e9-b97c-48f17f8d4d88', 1),
('ecc3c622-02de-11ea-bc5e-363532eb0721', '0c89e134-02ca-11ea-91af-363532eb0721', 'Coffee', '2019-11-09 12:51:46', '0c8c1818-02ca-11ea-91af-363532eb0721', '2019-11-09 12:51:46', '0c8c1818-02ca-11ea-91af-363532eb0721', 1),
('f0305162-e2e1-11e9-bc5d-0050569fd205', '2d3aafa8-e2e0-11e9-bc5d-0050569fd205', 'Headpiece', '2019-09-29 19:52:43', '5506426f-e2e1-11e9-bc5d-0050569fd205', '2019-09-29 19:52:43', '5506426f-e2e1-11e9-bc5d-0050569fd205', 1),
('f8ebe9a8-00d2-11ea-91af-363532eb0721', '9a6037a0-e688-11e9-bc5d-0050569fd205', 'Lingerie ', '2019-11-06 22:21:10', '7feffeff-e688-11e9-bc5d-0050569fd205', '2019-11-06 22:21:10', '7feffeff-e688-11e9-bc5d-0050569fd205', 1),
('fcfd2a2b-e47a-11e9-bc5d-0050569fd205', 'ac9db3c5-e47a-11e9-bc5d-0050569fd205', 'Summer collection', '2019-10-01 20:40:49', '70648b1d-e47a-11e9-bc5d-0050569fd205', '2019-10-01 20:40:49', '70648b1d-e47a-11e9-bc5d-0050569fd205', 1);

-- --------------------------------------------------------

--
-- Table structure for table `company`
--

CREATE TABLE `company` (
  `CompanyId` varchar(225) NOT NULL,
  `Name` varchar(100) NOT NULL,
  `Website` varchar(100) NOT NULL,
  `Shop` int(1) DEFAULT NULL,
  `Handler` varchar(50) DEFAULT NULL,
  `TelephoneNumber` varchar(20) NOT NULL,
  `CreateDate` datetime NOT NULL DEFAULT current_timestamp(),
  `CreateUserId` varchar(225) NOT NULL,
  `ModifyDate` datetime NOT NULL DEFAULT current_timestamp(),
  `ModifyUserId` varchar(225) NOT NULL,
  `StatusId` int(11) NOT NULL
) ENGINE=InnoDB DEFAULT CHARSET=latin1;

--
-- Dumping data for table `company`
--

INSERT INTO `company` (`CompanyId`, `Name`, `Website`, `Shop`, `Handler`, `TelephoneNumber`, `CreateDate`, `CreateUserId`, `ModifyDate`, `ModifyUserId`, `StatusId`) VALUES
('0c852198-ffae-11e9-91af-363532eb0721', 'Cakes wow', 'na', NULL, NULL, 'na', '2019-11-05 11:24:21', 'web', '2019-11-05 11:24:21', 'web', 1),
('0c89e134-02ca-11ea-91af-363532eb0721', 'Monate Coffee', 'na', NULL, NULL, 'na', '2019-11-09 10:22:20', 'web', '2019-11-09 10:22:20', 'web', 1),
('0ce0bb91-6130-11ea-a2e3-48f17f8d4d88', 'Kitchen-hot.com', 'na', NULL, NULL, 'na', '2020-03-08 13:29:19', 'web', '2020-03-08 13:29:19', 'web', 1),
('0daff1dd-47dc-11ea-b608-48f17f8d4d88', 'ZALOE', 'na', NULL, NULL, 'na', '2020-02-05 07:55:03', 'web', '2020-02-05 07:55:03', 'web', 1),
('12cf03f6-e46f-11e9-bc5d-0050569fd205', 'Thabani Trading Assoc', 'https://pivotalgroup.co.za/', NULL, NULL, '0115564547888', '2019-10-01 19:15:31', 'c3758771-e46e-11e9-bc5d-0050569fd205', '2019-10-01 19:15:31', 'c3758771-e46e-11e9-bc5d-0050569fd205', 1),
('159fe132-008b-11ea-91af-363532eb0721', 'Themba', 'na', NULL, NULL, 'na', '2019-11-06 13:46:35', 'web', '2019-11-06 13:46:35', 'web', 1),
('23b82588-e370-11e9-bc5d-0050569fd205', 'MONATE COFFEE', 'monatecoffee.com', NULL, NULL, '0115483300', '2019-09-30 12:50:38', 'c57c153d-e36e-11e9-bc5d-0050569fd205', '2019-09-30 12:50:38', 'c57c153d-e36e-11e9-bc5d-0050569fd205', 1),
('2a87e487-f66b-11e9-987f-363532eb0721', 'TwitterCompany', 'na', NULL, NULL, 'na', '2019-10-24 16:32:54', 'web', '2019-10-24 16:32:54', 'web', 1),
('2d3aafa8-e2e0-11e9-bc5d-0050569fd205', 'Thenji Enterprise', 'thenj.com', NULL, NULL, '0115454545', '2019-09-29 19:40:07', '97aec45d-e2df-11e9-bc5d-0050569fd205', '2019-09-29 19:40:07', '97aec45d-e2df-11e9-bc5d-0050569fd205', 1),
('30f96e3f-f978-11e9-987f-363532eb0721', 'Mulher Swimwear', 'na', NULL, NULL, 'na', '2019-10-28 13:43:42', 'web', '2019-10-28 13:43:42', 'web', 1),
('31e21ef1-e6a7-11e9-bc5d-0050569fd205', 'Shibobo', 'Shibobo', NULL, NULL, '0623974330', '2019-10-04 15:02:18', '0e497316-e6a7-11e9-bc5d-0050569fd205', '2019-10-04 15:02:18', '0e497316-e6a7-11e9-bc5d-0050569fd205', 1),
('3743426f-ea70-11e9-91ab-0050569fd205', 'Waasha', 'Waasha.co.za', NULL, NULL, '0763395833', '2019-10-09 10:38:49', 'f80e8313-ea6f-11e9-91ab-0050569fd205', '2019-10-09 10:38:49', 'f80e8313-ea6f-11e9-91ab-0050569fd205', 1),
('3a458a6c-008b-11ea-91af-363532eb0721', 'Impact ', 'na', NULL, NULL, 'na', '2019-11-06 13:47:36', 'web', '2019-11-06 13:47:36', 'web', 1),
('3ff37466-e486-11e9-bc5d-0050569fd205', 'T Js Car Wash', 'T Js Car Wash', NULL, NULL, '0633326548', '2019-10-01 22:01:26', '17d29327-e486-11e9-bc5d-0050569fd205', '2019-10-01 22:01:26', '17d29327-e486-11e9-bc5d-0050569fd205', 1),
('41094864-f668-11e9-987f-363532eb0721', 'TestCompany', 'na', NULL, NULL, 'na', '2019-10-24 16:12:03', 'web', '2019-10-24 16:12:03', 'web', 1),
('42be6167-2fa9-11ea-8be9-48f17f8d4d88', 'Zalou', 'na', NULL, NULL, 'na', '2020-01-05 12:51:00', 'web', '2020-01-05 12:51:00', 'web', 1),
('4523af94-d172-11e9-b97c-48f17f8d4d88', 'Factory Websites', 'websitesfactory.co.za', NULL, NULL, '0746958064', '2019-09-07 15:19:38', 'SYSTEM', '2019-09-07 15:19:38', 'SYSTEM', 1),
('47de8a17-3290-11ea-b970-48f17f8d4d88', 'S-Holdings', 'na', NULL, NULL, 'na', '2020-01-09 05:29:45', 'web', '2020-01-09 05:29:45', 'web', 1),
('49a75007-fff0-11e9-91af-363532eb0721', 'Inventoryio-Demo', 'na', NULL, NULL, 'na', '2019-11-05 19:18:30', 'web', '2019-11-05 19:18:30', 'web', 1),
('4b1f410b-e523-11e9-bc5d-0050569fd205', 'Konvict', 'www.konvict.co.za', NULL, NULL, '0746958064', '2019-10-02 16:45:35', '1154faf5-e523-11e9-bc5d-0050569fd205', '2019-10-02 16:45:35', '1154faf5-e523-11e9-bc5d-0050569fd205', 1),
('4c9ce60d-e370-11e9-bc5d-0050569fd205', 'MONATE COFFEE', 'monatecoffee.com', NULL, NULL, '0115483300', '2019-09-30 12:51:47', 'c57c153d-e36e-11e9-bc5d-0050569fd205', '2019-09-30 12:51:47', 'c57c153d-e36e-11e9-bc5d-0050569fd205', 1),
('5048f837-f66c-11e9-987f-363532eb0721', 'Nyoka Brand Suppliers ', 'na', NULL, NULL, 'na', '2019-10-24 16:41:07', 'web', '2019-10-24 16:41:07', 'web', 1),
('5461f5f7-f668-11e9-987f-363532eb0721', 'TestCompany', 'na', NULL, NULL, 'na', '2019-10-24 16:12:36', 'web', '2019-10-24 16:12:36', 'web', 1),
('57c2fda6-2fc4-11ea-8be9-48f17f8d4d88', 'Red Cube', 'na', NULL, NULL, 'na', '2020-01-05 16:04:52', 'web', '2020-01-05 16:04:52', 'web', 1),
('6cf1f3f5-e6b2-11e9-bc5d-0050569fd205', 'Lokshin Online Learning Academy', 'loxionlearning.com', NULL, NULL, '0826430926', '2019-10-04 16:22:41', '2e065d78-e6b2-11e9-bc5d-0050569fd205', '2019-10-04 16:22:41', '2e065d78-e6b2-11e9-bc5d-0050569fd205', 1),
('7e292e79-e44d-11e9-bc5d-0050569fd205', 'd', 'd', NULL, NULL, 'd', '2019-10-01 15:15:09', '7667809a-e44d-11e9-bc5d-0050569fd205', '2019-10-01 15:15:09', '7667809a-e44d-11e9-bc5d-0050569fd205', 1),
('84e1b6d9-30b8-11ea-8b45-48f17f8d4d88', 'data', 'na', NULL, NULL, 'na', '2020-01-06 21:12:44', 'web', '2020-01-06 21:12:44', 'web', 1),
('94c5b3cf-d170-11e9-b97c-48f17f8d4d88', 'A & L Logistics', 'ndu-systems.net', NULL, 'aaa', '0842529472', '2019-09-07 15:07:32', 'SYSTEM', '2020-03-12 08:52:08', '81de5b36-d170-11e9-b97c-48f17f8d4d88', 1),
('9a6037a0-e688-11e9-bc5d-0050569fd205', 'Mulher Swimwear ', 'Www.mulherswimwear.co.za', NULL, NULL, '0614723377 ', '2019-10-04 11:23:19', '7feffeff-e688-11e9-bc5d-0050569fd205', '2019-10-04 11:23:19', '7feffeff-e688-11e9-bc5d-0050569fd205', 1),
('9b8ea912-e518-11e9-bc5d-0050569fd205', 'CITY MAG,WHEEL REPAIRS & TYRES', 'www.citymag.co.za', NULL, NULL, '0837735895', '2019-10-02 15:29:06', '41f977a7-e518-11e9-bc5d-0050569fd205', '2019-10-02 15:29:06', '41f977a7-e518-11e9-bc5d-0050569fd205', 1),
('a8e9befd-e35e-11e9-bc5d-0050569fd205', 'KBNET TECH', 'www.kbnet.co.za', NULL, NULL, '0786422445666', '2019-09-30 10:45:31', 'cd3cf692-e35d-11e9-bc5d-0050569fd205', '2019-09-30 10:45:31', 'cd3cf692-e35d-11e9-bc5d-0050569fd205', 1),
('ac9db3c5-e47a-11e9-bc5d-0050569fd205', 'Zalou. ', 'Zalou.com ', NULL, NULL, '0731207109 ', '2019-10-01 20:38:34', '70648b1d-e47a-11e9-bc5d-0050569fd205', '2019-10-01 20:38:34', '70648b1d-e47a-11e9-bc5d-0050569fd205', 1),
('af8c0a6c-e35e-11e9-bc5d-0050569fd205', 'KBNET TECH', 'www.kbnet.co.za', NULL, NULL, '0786422445666', '2019-09-30 10:45:42', 'cd3cf692-e35d-11e9-bc5d-0050569fd205', '2019-09-30 10:45:42', 'cd3cf692-e35d-11e9-bc5d-0050569fd205', 1),
('b1a0bfbe-e35e-11e9-bc5d-0050569fd205', 'KBNET TECH', 'www.kbnet.co.za', NULL, NULL, '0786422445666', '2019-09-30 10:45:45', 'cd3cf692-e35d-11e9-bc5d-0050569fd205', '2019-09-30 10:45:45', 'cd3cf692-e35d-11e9-bc5d-0050569fd205', 1),
('b565b481-30cd-11ea-8b45-48f17f8d4d88', 'imports', 'na', NULL, NULL, 'na', '2020-01-06 23:44:25', 'web', '2020-01-06 23:44:25', 'web', 1),
('b5fdc28c-05e4-11ea-abc0-4ad9491261dd', 'isithebe burial', 'na', NULL, NULL, 'na', '2019-11-13 09:10:45', 'web', '2019-11-13 09:10:45', 'web', 1),
('be2a0a18-e35e-11e9-bc5d-0050569fd205', 'KBNET TECH', 'www.kbnet.co.za', NULL, NULL, '0786422445666', '2019-09-30 10:46:06', 'cd3cf692-e35d-11e9-bc5d-0050569fd205', '2019-09-30 10:46:06', 'cd3cf692-e35d-11e9-bc5d-0050569fd205', 1),
('c753fd7b-e363-11e9-bc5d-0050569fd205', 'Pivotal Group', 'www', NULL, NULL, '0873105900', '2019-09-30 11:22:09', 'b4a32eea-e35b-11e9-bc5d-0050569fd205', '2019-09-30 11:22:09', 'b4a32eea-e35b-11e9-bc5d-0050569fd205', 1),
('cd9a7862-e363-11e9-bc5d-0050569fd205', 'Pivotal Group', 'www.pivotalgroup.co.za', NULL, NULL, '0873105900', '2019-09-30 11:22:20', 'b4a32eea-e35b-11e9-bc5d-0050569fd205', '2019-09-30 11:22:20', 'b4a32eea-e35b-11e9-bc5d-0050569fd205', 1),
('d33b5a5b-e35e-11e9-bc5d-0050569fd205', 'KBNET TECH', 'www.kbnet.co.za', NULL, NULL, '0786422445666', '2019-09-30 10:46:42', 'cd3cf692-e35d-11e9-bc5d-0050569fd205', '2019-09-30 10:46:42', 'cd3cf692-e35d-11e9-bc5d-0050569fd205', 1),
('dfd5ee69-e6ac-11e9-bc5d-0050569fd205', 'Noted clothing ', 'Na', NULL, NULL, '035828872', '2019-10-04 15:42:57', 'bfb9480e-e6ac-11e9-bc5d-0050569fd205', '2019-10-04 15:42:57', 'bfb9480e-e6ac-11e9-bc5d-0050569fd205', 1),
('e81ad518-005b-11ea-91af-363532eb0721', 'Chan Kottin', 'na', NULL, NULL, 'na', '2019-11-06 08:08:52', 'web', '2019-11-06 08:08:52', 'web', 1),
('e967061e-47dc-11ea-b608-48f17f8d4d88', 'ZALOE', 'na', NULL, NULL, 'na', '2020-02-05 08:01:12', 'web', '2020-02-05 08:01:12', 'web', 1),
('ea6c6f96-2faf-11ea-8be9-48f17f8d4d88', 'Ndu Systems PTY LTD', 'na', NULL, NULL, 'na', '2020-01-05 13:38:38', 'web', '2020-01-05 13:38:38', 'web', 1),
('f019c8c5-3292-11ea-b970-48f17f8d4d88', 'Soho Holdings Pty Ltd', 'www.sholding.co.za', NULL, NULL, '01188787145', '2020-01-09 05:48:46', 'web', '2020-01-18 16:55:00', 'f01d15d4-3292-11ea-b970-48f17f8d4d88', 1),
('f972ae4e-d244-11e9-b97c-48f17f8d4d88', 'Ndu Systems', 'The Willaim', NULL, NULL, '011454545', '2019-09-08 16:27:44', '673267837128', '2019-09-08 16:27:44', 'SYSTEM', 1),
('ff4fe4de-e44b-11e9-bc5d-0050569fd205', 'Ndu Systems', 'Ndu Systems', NULL, NULL, 'Ndu Systems', '2019-10-01 15:04:26', '325b02d3-e43c-11e9-bc5d-0050569fd205', '2019-10-01 15:04:26', '325b02d3-e43c-11e9-bc5d-0050569fd205', 1);

-- --------------------------------------------------------

--
-- Table structure for table `config`
--

CREATE TABLE `config` (
  `ConfigId` varchar(255) NOT NULL,
  `CompanyId` varchar(225) NOT NULL,
  `Name` varchar(50) NOT NULL,
  `Type` text NOT NULL,
  `Label` varchar(255) NOT NULL,
  `Value` varchar(5000) NOT NULL,
  `IsRequired` tinyint(1) NOT NULL DEFAULT 1,
  `FieldType` varchar(15) NOT NULL DEFAULT 'text',
  `CreateDate` datetime NOT NULL DEFAULT current_timestamp(),
  `CreateUserId` varchar(225) NOT NULL,
  `ModifyDate` datetime NOT NULL DEFAULT current_timestamp(),
  `ModifyUserId` varchar(225) NOT NULL,
  `StatusId` int(11) NOT NULL
) ENGINE=InnoDB DEFAULT CHARSET=latin1;

--
-- Dumping data for table `config`
--

INSERT INTO `config` (`ConfigId`, `CompanyId`, `Name`, `Type`, `Label`, `Value`, `IsRequired`, `FieldType`, `CreateDate`, `CreateUserId`, `ModifyDate`, `ModifyUserId`, `StatusId`) VALUES
('0168f985-63d0-11ea-81ab-48f17f8d4d88', '42be6167-2fa9-11ea-8be9-48f17f8d4d88', 'shopPrimaryColor', 'shop', 'Primary Color', '#CC9F82', 1, 'string', '2020-03-11 21:39:21', '42bfaa8a-2fa9-11ea-8be9-48f17f8d4d88', '2020-03-11 21:47:47', '42bfaa8a-2fa9-11ea-8be9-48f17f8d4d88', 1),
('01699e7e-63d0-11ea-81ab-48f17f8d4d88', '42be6167-2fa9-11ea-8be9-48f17f8d4d88', 'shopSecondaryColor', 'shop', 'Secondary Color', '#ffffff', 1, 'string', '2020-03-11 21:39:21', '42bfaa8a-2fa9-11ea-8be9-48f17f8d4d88', '2020-03-11 21:47:47', '42bfaa8a-2fa9-11ea-8be9-48f17f8d4d88', 1),
('321ba506-6241-11ea-8b84-48f17f8d4d88', '94c5b3cf-d170-11e9-b97c-48f17f8d4d88', 'bgcolor', 'logocolors', 'Background Color', '171,29,147', 1, 'string', '2020-03-09 22:04:34', 'system', '2020-03-09 22:04:34', 'system', 1),
('321c56cf-6241-11ea-8b84-48f17f8d4d88', '94c5b3cf-d170-11e9-b97c-48f17f8d4d88', 'fontcolor', 'logocolors', 'Font Color', '255,255,255', 1, 'string', '2020-03-09 22:04:34', 'system', '2020-03-09 22:04:34', 'system', 1),
('4b0f68b1-6241-11ea-8b84-48f17f8d4d88', '94c5b3cf-d170-11e9-b97c-48f17f8d4d88', 'addressline1', 'address', 'address line1', '270 Marshall St', 1, 'string', '2020-03-09 22:05:15', 'system', '2020-03-09 22:05:15', 'system', 1),
('4b10bd37-6241-11ea-8b84-48f17f8d4d88', '94c5b3cf-d170-11e9-b97c-48f17f8d4d88', 'addressline2', 'address', 'address line2', ' City and Suburban', 1, 'string', '2020-03-09 22:05:16', 'system', '2020-03-09 22:05:16', 'system', 1),
('4b11292b-6241-11ea-8b84-48f17f8d4d88', '94c5b3cf-d170-11e9-b97c-48f17f8d4d88', 'addressline3', 'address', 'addressline3', ' Johannesburg, 2094', 0, 'string', '2020-03-09 22:05:16', 'system', '2020-03-09 22:05:16', 'system', 1),
('4b11a37c-6241-11ea-8b84-48f17f8d4d88', '94c5b3cf-d170-11e9-b97c-48f17f8d4d88', 'email', 'address', 'Email Address', 'queries@ndu-systems.net', 1, 'string', '2020-03-09 22:05:16', 'system', '2020-03-09 22:05:16', 'system', 1),
('4b11eefc-6241-11ea-8b84-48f17f8d4d88', '94c5b3cf-d170-11e9-b97c-48f17f8d4d88', 'phone', 'address', 'Contact Number', '0842529472', 1, 'string', '2020-03-09 22:05:16', 'system', '2020-03-09 22:05:16', 'system', 1),
('8333ee53-6241-11ea-8b84-48f17f8d4d88', '94c5b3cf-d170-11e9-b97c-48f17f8d4d88', 'bankname', 'bank', 'BANK NAME', ' fnb', 1, 'string', '2020-03-09 22:06:50', 'system', '2020-03-09 22:06:50', 'system', 1),
('83348c8d-6241-11ea-8b84-48f17f8d4d88', '94c5b3cf-d170-11e9-b97c-48f17f8d4d88', 'accountnumber', 'bank', 'account number', '32132131', 1, 'string', '2020-03-09 22:06:50', 'system', '2020-03-09 22:06:50', 'system', 1),
('8334ea9e-6241-11ea-8b84-48f17f8d4d88', '94c5b3cf-d170-11e9-b97c-48f17f8d4d88', 'branchname', 'bank', 'branch name', '3232', 1, 'string', '2020-03-09 22:06:50', 'system', '2020-03-09 22:06:50', 'system', 1),
('83354dd0-6241-11ea-8b84-48f17f8d4d88', '94c5b3cf-d170-11e9-b97c-48f17f8d4d88', 'acountholder', 'bank', 'Account Holder', 'vdsfd', 1, 'string', '2020-03-09 22:06:50', 'system', '2020-03-09 22:06:50', 'system', 1),
('e346c4c0-6241-11ea-8b84-48f17f8d4d88', '94c5b3cf-d170-11e9-b97c-48f17f8d4d88', 'shopPrimaryColor', 'shop', 'Primary Color', '#A26698', 1, 'string', '2020-03-09 22:09:31', '81de5b36-d170-11e9-b97c-48f17f8d4d88', '2020-03-13 14:25:07', '81de5b36-d170-11e9-b97c-48f17f8d4d88', 1),
('e3475226-6241-11ea-8b84-48f17f8d4d88', '94c5b3cf-d170-11e9-b97c-48f17f8d4d88', 'shopSecondaryColor', 'shop', 'Secondary Color', '#ffffff', 1, 'string', '2020-03-09 22:09:31', '81de5b36-d170-11e9-b97c-48f17f8d4d88', '2020-03-13 14:25:07', '81de5b36-d170-11e9-b97c-48f17f8d4d88', 1),
('fa6b441b-63cf-11ea-81ab-48f17f8d4d88', '42be6167-2fa9-11ea-8be9-48f17f8d4d88', 'bankname', 'bank', 'BANK NAME', ' fnb', 1, 'string', '2020-03-11 21:39:09', 'system', '2020-03-11 21:39:09', 'system', 1),
('fa6ba084-63cf-11ea-81ab-48f17f8d4d88', '42be6167-2fa9-11ea-8be9-48f17f8d4d88', 'accountnumber', 'bank', 'account number', '121212', 1, 'string', '2020-03-11 21:39:09', 'system', '2020-03-11 21:39:09', 'system', 1),
('fa6be678-63cf-11ea-81ab-48f17f8d4d88', '42be6167-2fa9-11ea-8be9-48f17f8d4d88', 'branchname', 'bank', 'branch name', 'n', 1, 'string', '2020-03-11 21:39:09', 'system', '2020-03-11 21:39:09', 'system', 1),
('fa6c2c57-63cf-11ea-81ab-48f17f8d4d88', '42be6167-2fa9-11ea-8be9-48f17f8d4d88', 'acountholder', 'bank', 'Account Holder', '4', 1, 'string', '2020-03-11 21:39:09', 'system', '2020-03-11 21:39:09', 'system', 1);

-- --------------------------------------------------------

--
-- Table structure for table `image`
--

CREATE TABLE `image` (
  `ImageId` varchar(225) NOT NULL,
  `CompanyId` varchar(225) NOT NULL,
  `OtherId` varchar(225) NOT NULL,
  `Url` text NOT NULL,
  `CreateDate` datetime NOT NULL DEFAULT current_timestamp(),
  `CreateUserId` varchar(225) NOT NULL,
  `ModifyDate` datetime NOT NULL DEFAULT current_timestamp(),
  `ModifyUserId` varchar(225) NOT NULL,
  `StatusId` int(10) NOT NULL
) ENGINE=InnoDB DEFAULT CHARSET=latin1;

--
-- Dumping data for table `image`
--

INSERT INTO `image` (`ImageId`, `CompanyId`, `OtherId`, `Url`, `CreateDate`, `CreateUserId`, `ModifyDate`, `ModifyUserId`, `StatusId`) VALUES
('0055e2ef-3e08-11ea-820f-48f17f8d4d88', '94c5b3cf-d170-11e9-b97c-48f17f8d4d88', '94c5b3cf-d170-11e9-b97c-48f17f8d4d88', 'http://localhost:8200/inventoryio-api/api/upload/uploads/1579801467iio.jpg', '2020-01-23 19:44:27', '81de5b36-d170-11e9-b97c-48f17f8d4d88', '2020-01-23 19:44:27', '81de5b36-d170-11e9-b97c-48f17f8d4d88', 1),
('0159c0be-60ac-11ea-a2e3-48f17f8d4d88', '94c5b3cf-d170-11e9-b97c-48f17f8d4d88', '22f70d71-5dd7-11ea-a211-48f17f8d4d88', 'http://localhost:8200/inventoryio-api/api/upload/uploads/1583610246iio.jpg', '2020-03-07 21:44:06', '81de5b36-d170-11e9-b97c-48f17f8d4d88', '2020-03-07 21:44:06', '81de5b36-d170-11e9-b97c-48f17f8d4d88', 1),
('02c77932-51cd-11ea-b058-48f17f8d4d88', '94c5b3cf-d170-11e9-b97c-48f17f8d4d88', 'a9c62997-317a-11ea-a404-48f17f8d4d88', 'http://localhost:8200/inventoryio-api/api/upload/uploads/1581975154iio.jpg', '2020-02-17 23:32:34', '81de5b36-d170-11e9-b97c-48f17f8d4d88', '2020-02-17 23:32:34', '81de5b36-d170-11e9-b97c-48f17f8d4d88', 1),
('03b82e63-60ac-11ea-a2e3-48f17f8d4d88', '94c5b3cf-d170-11e9-b97c-48f17f8d4d88', '22f70d71-5dd7-11ea-a211-48f17f8d4d88', 'http://localhost:8200/inventoryio-api/api/upload/uploads/1583610250iio.jpg', '2020-03-07 21:44:10', '81de5b36-d170-11e9-b97c-48f17f8d4d88', '2020-03-07 21:44:10', '81de5b36-d170-11e9-b97c-48f17f8d4d88', 1),
('03f5fd72-3e0d-11ea-820f-48f17f8d4d88', '94c5b3cf-d170-11e9-b97c-48f17f8d4d88', '81de5b36-d170-11e9-b97c-48f17f8d4d88', 'http://localhost:8200/inventoryio-api/api/upload/uploads/1579803621iio.jpg', '2020-01-23 20:20:21', '81de5b36-d170-11e9-b97c-48f17f8d4d88', '2020-01-23 20:20:21', '81de5b36-d170-11e9-b97c-48f17f8d4d88', 1),
('05d6309b-3a00-11ea-9d4d-48f17f8d4d88', 'f019c8c5-3292-11ea-b970-48f17f8d4d88', 'f01d15d4-3292-11ea-b970-48f17f8d4d88', 'http://localhost:8200/inventoryio-api/api/upload/uploads/1579358224iio.jpg', '2020-01-18 16:37:04', 'f01d15d4-3292-11ea-b970-48f17f8d4d88', '2020-01-18 16:37:04', 'f01d15d4-3292-11ea-b970-48f17f8d4d88', 1),
('07a2159c-2e47-11ea-8b40-48f17f8d4d88', '94c5b3cf-d170-11e9-b97c-48f17f8d4d88', '62bdfb82-d724-11e9-a568-c8f7501047dc', 'http://localhost:8200/inventoryio-api/api/upload/uploads/1578069319iio.jpg', '2020-01-03 18:35:19', '81de5b36-d170-11e9-b97c-48f17f8d4d88', '2020-01-03 18:35:19', '81de5b36-d170-11e9-b97c-48f17f8d4d88', 1),
('07df4ad4-3291-11ea-b970-48f17f8d4d88', '47de8a17-3290-11ea-b970-48f17f8d4d88', 'removed-a9952c68-3290-11ea-b970-48f17f8d4d88', 'http://localhost:8200/inventoryio-api/api/upload/uploads/1578540907iio.jpg', '2020-01-09 05:35:07', '47e43de7-3290-11ea-b970-48f17f8d4d88', '2020-01-09 05:35:37', '47e43de7-3290-11ea-b970-48f17f8d4d88', 2),
('0823aeae-2f3f-11ea-99b8-48f17f8d4d88', '94c5b3cf-d170-11e9-b97c-48f17f8d4d88', 'removed-94c5b3cf-d170-11e9-b97c-48f17f8d4d88', 'http://localhost:8200/inventoryio-api/api/upload/uploads/1578175835iio.jpg', '2020-01-05 00:10:35', '81de5b36-d170-11e9-b97c-48f17f8d4d88', '2020-01-05 00:13:13', '81de5b36-d170-11e9-b97c-48f17f8d4d88', 2),
('0a113599-2f3d-11ea-99b8-48f17f8d4d88', '94c5b3cf-d170-11e9-b97c-48f17f8d4d88', 'removed-94c5b3cf-d170-11e9-b97c-48f17f8d4d88', 'http://localhost:8200/inventoryio-api/api/upload/uploads/1578174979iio.jpg', '2020-01-04 23:56:19', '81de5b36-d170-11e9-b97c-48f17f8d4d88', '2020-01-04 23:56:53', '81de5b36-d170-11e9-b97c-48f17f8d4d88', 2),
('0b1a6309-3291-11ea-b970-48f17f8d4d88', '47de8a17-3290-11ea-b970-48f17f8d4d88', 'a9952c68-3290-11ea-b970-48f17f8d4d88', 'http://localhost:8200/inventoryio-api/api/upload/uploads/1578540912iio.jpg', '2020-01-09 05:35:12', '47e43de7-3290-11ea-b970-48f17f8d4d88', '2020-01-09 05:35:12', '47e43de7-3290-11ea-b970-48f17f8d4d88', 1),
('0c2f9adf-2e46-11ea-8b40-48f17f8d4d88', '94c5b3cf-d170-11e9-b97c-48f17f8d4d88', 'f55adf15-e29a-11e9-abbd-48f17f8d4d88', 'http://localhost:8200/inventoryio-api/api/upload/uploads/1578068897iio.jpg', '2020-01-03 18:28:17', '81de5b36-d170-11e9-b97c-48f17f8d4d88', '2020-01-03 18:28:17', '81de5b36-d170-11e9-b97c-48f17f8d4d88', 1),
('0dad79e7-63d3-11ea-81ab-48f17f8d4d88', '42be6167-2fa9-11ea-8be9-48f17f8d4d88', 'removed-42be6167-2fa9-11ea-8be9-48f17f8d4d88banner', 'http://localhost:8200/inventoryio-api/api/upload/uploads/1583956870Web 1920  2.png', '2020-03-11 22:01:10', '42bfaa8a-2fa9-11ea-8be9-48f17f8d4d88', '2020-03-12 05:44:19', '42bfaa8a-2fa9-11ea-8be9-48f17f8d4d88', 2),
('0f5075f9-2fb7-11ea-8be9-48f17f8d4d88', 'ea6c6f96-2faf-11ea-8be9-48f17f8d4d88', '0f4f6743-2fb7-11ea-8be9-48f17f8d4d88', 'http://localhost:8200/inventoryio-api/api/upload/uploads/1578227372iio.jpg', '2020-01-05 14:29:47', 'ea6f3106-2faf-11ea-8be9-48f17f8d4d88', '2020-01-05 14:29:47', 'ea6f3106-2faf-11ea-8be9-48f17f8d4d88', 1),
('10f22d41-5dde-11ea-b68c-48f17f8d4d88', '94c5b3cf-d170-11e9-b97c-48f17f8d4d88', 'removed-10f18237-5dde-11ea-b68c-48f17f8d4d88', 'http://localhost:8200/inventoryio-api/api/upload/uploads/1583301846iio.jpg', '2020-03-04 08:04:53', '81de5b36-d170-11e9-b97c-48f17f8d4d88', '2020-03-04 08:05:23', '81de5b36-d170-11e9-b97c-48f17f8d4d88', 2),
('10f26fc0-5dde-11ea-b68c-48f17f8d4d88', '94c5b3cf-d170-11e9-b97c-48f17f8d4d88', 'removed-10f18237-5dde-11ea-b68c-48f17f8d4d88', 'http://localhost:8200/inventoryio-api/api/upload/uploads/1583301846iio.jpg', '2020-03-04 08:04:53', '81de5b36-d170-11e9-b97c-48f17f8d4d88', '2020-03-04 08:05:21', '81de5b36-d170-11e9-b97c-48f17f8d4d88', 2),
('10f2aa5c-5dde-11ea-b68c-48f17f8d4d88', '94c5b3cf-d170-11e9-b97c-48f17f8d4d88', 'removed-10f18237-5dde-11ea-b68c-48f17f8d4d88', 'http://localhost:8200/inventoryio-api/api/upload/uploads/1583301847iio.jpg', '2020-03-04 08:04:53', '81de5b36-d170-11e9-b97c-48f17f8d4d88', '2020-03-04 08:05:35', '81de5b36-d170-11e9-b97c-48f17f8d4d88', 2),
('12053372-2fac-11ea-8be9-48f17f8d4d88', '42be6167-2fa9-11ea-8be9-48f17f8d4d88', '42bfaa8a-2fa9-11ea-8be9-48f17f8d4d88', 'http://localhost:8200/inventoryio-api/api/upload/uploads/1578222667iio.jpg', '2020-01-05 13:11:07', '42bfaa8a-2fa9-11ea-8be9-48f17f8d4d88', '2020-01-05 13:11:07', '42bfaa8a-2fa9-11ea-8be9-48f17f8d4d88', 1),
('122e8f56-2e46-11ea-8b40-48f17f8d4d88', '94c5b3cf-d170-11e9-b97c-48f17f8d4d88', 'd6b01266-e159-11e9-9302-48f17f8d4d88', 'http://localhost:8200/inventoryio-api/api/upload/uploads/1578068907iio.jpg', '2020-01-03 18:28:27', '81de5b36-d170-11e9-b97c-48f17f8d4d88', '2020-01-03 18:28:27', '81de5b36-d170-11e9-b97c-48f17f8d4d88', 1),
('126a5553-6245-11ea-8b84-48f17f8d4d88', '94c5b3cf-d170-11e9-b97c-48f17f8d4d88', 'removed-94c5b3cf-d170-11e9-b97c-48f17f8d4d88banner', 'http://localhost:8200/inventoryio-api/api/upload/uploads/15837859382020-02-29-02-02-051829567544.jpg', '2020-03-09 22:32:18', '81de5b36-d170-11e9-b97c-48f17f8d4d88', '2020-03-09 22:32:49', '81de5b36-d170-11e9-b97c-48f17f8d4d88', 2),
('126bba04-592b-11ea-ad2e-48f17f8d4d88', '94c5b3cf-d170-11e9-b97c-48f17f8d4d88', 'removed-94c5b3cf-d170-11e9-b97c-48f17f8d4d88banner', 'http://localhost:8200/inventoryio-api/api/upload/uploads/1582785210iio.jpg', '2020-02-27 08:33:30', '81de5b36-d170-11e9-b97c-48f17f8d4d88', '2020-02-27 15:19:53', '81de5b36-d170-11e9-b97c-48f17f8d4d88', 2),
('14080a4b-3a01-11ea-9d4d-48f17f8d4d88', 'f019c8c5-3292-11ea-b970-48f17f8d4d88', 'f01d15d4-3292-11ea-b970-48f17f8d4d88', 'http://localhost:8200/inventoryio-api/api/upload/uploads/1579358678iio.jpg', '2020-01-18 16:44:38', 'f01d15d4-3292-11ea-b970-48f17f8d4d88', '2020-01-18 16:44:38', 'f01d15d4-3292-11ea-b970-48f17f8d4d88', 1),
('143e9a9b-2f4d-11ea-99b8-48f17f8d4d88', '94c5b3cf-d170-11e9-b97c-48f17f8d4d88', 'removed-94c5b3cf-d170-11e9-b97c-48f17f8d4d88', 'http://localhost:8200/inventoryio-api/api/upload/uploads/1578181868iio.jpg', '2020-01-05 01:51:08', '81de5b36-d170-11e9-b97c-48f17f8d4d88', '2020-01-18 21:17:59', '81de5b36-d170-11e9-b97c-48f17f8d4d88', 2),
('151fcc72-5cb4-11ea-aca8-48f17f8d4d88', '94c5b3cf-d170-11e9-b97c-48f17f8d4d88', '81de5b36-d170-11e9-b97c-48f17f8d4d88', 'http://localhost:8200/inventoryio-api/api/upload/uploads/1583173910iio.jpg', '2020-03-02 20:31:50', '81de5b36-d170-11e9-b97c-48f17f8d4d88', '2020-03-02 20:31:50', '81de5b36-d170-11e9-b97c-48f17f8d4d88', 1),
('1833e662-3a00-11ea-9d4d-48f17f8d4d88', 'f019c8c5-3292-11ea-b970-48f17f8d4d88', 'f01d15d4-3292-11ea-b970-48f17f8d4d88', 'http://localhost:8200/inventoryio-api/api/upload/uploads/1579358255iio.jpg', '2020-01-18 16:37:35', 'f01d15d4-3292-11ea-b970-48f17f8d4d88', '2020-01-18 16:37:35', 'f01d15d4-3292-11ea-b970-48f17f8d4d88', 1),
('19dfcf5e-61cd-11ea-a962-48f17f8d4d88', '94c5b3cf-d170-11e9-b97c-48f17f8d4d88', 'removed-94c5b3cf-d170-11e9-b97c-48f17f8d4d88banner', 'http://localhost:8200/inventoryio-api/api/upload/uploads/1583734411Group 39.svg', '2020-03-09 08:13:31', '81de5b36-d170-11e9-b97c-48f17f8d4d88', '2020-03-09 08:13:57', '81de5b36-d170-11e9-b97c-48f17f8d4d88', 2),
('1be2232b-2f3d-11ea-99b8-48f17f8d4d88', '94c5b3cf-d170-11e9-b97c-48f17f8d4d88', 'removed-94c5b3cf-d170-11e9-b97c-48f17f8d4d88', 'http://localhost:8200/inventoryio-api/api/upload/uploads/1578175009iio.jpg', '2020-01-04 23:56:49', '81de5b36-d170-11e9-b97c-48f17f8d4d88', '2020-01-05 00:02:40', '81de5b36-d170-11e9-b97c-48f17f8d4d88', 2),
('1c382c82-39f4-11ea-9d4d-48f17f8d4d88', '94c5b3cf-d170-11e9-b97c-48f17f8d4d88', 'removed-2bd1de61-3698-11ea-bd88-48f17f8d4d88', 'http://localhost:8200/inventoryio-api/api/upload/uploads/1579353108iio.jpg', '2020-01-18 15:11:48', '81de5b36-d170-11e9-b97c-48f17f8d4d88', '2020-02-17 21:15:22', '81de5b36-d170-11e9-b97c-48f17f8d4d88', 2),
('1ea3dd83-3e0d-11ea-820f-48f17f8d4d88', '94c5b3cf-d170-11e9-b97c-48f17f8d4d88', '81de5b36-d170-11e9-b97c-48f17f8d4d88', 'http://localhost:8200/inventoryio-api/api/upload/uploads/1579803665iio.jpg', '2020-01-23 20:21:05', '81de5b36-d170-11e9-b97c-48f17f8d4d88', '2020-01-23 20:21:05', '81de5b36-d170-11e9-b97c-48f17f8d4d88', 1),
('208979dc-3291-11ea-b970-48f17f8d4d88', '47de8a17-3290-11ea-b970-48f17f8d4d88', 'a994b86a-3290-11ea-b970-48f17f8d4d88', 'http://localhost:8200/inventoryio-api/api/upload/uploads/1578540948iio.jpg', '2020-01-09 05:35:48', '47e43de7-3290-11ea-b970-48f17f8d4d88', '2020-01-09 05:35:48', '47e43de7-3290-11ea-b970-48f17f8d4d88', 1),
('20e912ba-2e46-11ea-8b40-48f17f8d4d88', '94c5b3cf-d170-11e9-b97c-48f17f8d4d88', 'f7f77f35-dfbc-11e9-850f-48f17f8d4d88', 'http://localhost:8200/inventoryio-api/api/upload/uploads/1578068932iio.jpg', '2020-01-03 18:28:52', '81de5b36-d170-11e9-b97c-48f17f8d4d88', '2020-01-03 18:28:52', '81de5b36-d170-11e9-b97c-48f17f8d4d88', 1),
('22f7d463-5dd7-11ea-a211-48f17f8d4d88', '94c5b3cf-d170-11e9-b97c-48f17f8d4d88', 'removed-22f70d71-5dd7-11ea-a211-48f17f8d4d88', 'http://localhost:8200/inventoryio-api/api/upload/uploads/1583298520iio.jpg', '2020-03-04 07:15:16', '81de5b36-d170-11e9-b97c-48f17f8d4d88', '2020-03-07 21:44:00', '81de5b36-d170-11e9-b97c-48f17f8d4d88', 2),
('22f81343-5dd7-11ea-a211-48f17f8d4d88', '94c5b3cf-d170-11e9-b97c-48f17f8d4d88', 'removed-22f70d71-5dd7-11ea-a211-48f17f8d4d88', 'http://localhost:8200/inventoryio-api/api/upload/uploads/1583298520iio.jpg', '2020-03-04 07:15:16', '81de5b36-d170-11e9-b97c-48f17f8d4d88', '2020-03-04 07:17:13', '81de5b36-d170-11e9-b97c-48f17f8d4d88', 2),
('22f8436c-5dd7-11ea-a211-48f17f8d4d88', '94c5b3cf-d170-11e9-b97c-48f17f8d4d88', 'removed-22f70d71-5dd7-11ea-a211-48f17f8d4d88', 'http://localhost:8200/inventoryio-api/api/upload/uploads/1583298520iio.jpg', '2020-03-04 07:15:16', '81de5b36-d170-11e9-b97c-48f17f8d4d88', '2020-03-04 07:17:11', '81de5b36-d170-11e9-b97c-48f17f8d4d88', 2),
('240c3681-3a04-11ea-9d4d-48f17f8d4d88', 'f019c8c5-3292-11ea-b970-48f17f8d4d88', 'f01d15d4-3292-11ea-b970-48f17f8d4d88', 'http://localhost:8200/inventoryio-api/api/upload/uploads/1579359993iio.jpg', '2020-01-18 17:06:33', 'f01d15d4-3292-11ea-b970-48f17f8d4d88', '2020-01-18 17:06:33', 'f01d15d4-3292-11ea-b970-48f17f8d4d88', 1),
('2567bcfa-5dde-11ea-b68c-48f17f8d4d88', '94c5b3cf-d170-11e9-b97c-48f17f8d4d88', 'removed-10f18237-5dde-11ea-b68c-48f17f8d4d88', 'http://localhost:8200/inventoryio-api/api/upload/uploads/1583301927iio.jpg', '2020-03-04 08:05:27', '81de5b36-d170-11e9-b97c-48f17f8d4d88', '2020-03-04 08:05:33', '81de5b36-d170-11e9-b97c-48f17f8d4d88', 2),
('256c593d-5dde-11ea-b68c-48f17f8d4d88', '94c5b3cf-d170-11e9-b97c-48f17f8d4d88', 'removed-10f18237-5dde-11ea-b68c-48f17f8d4d88', 'http://localhost:8200/inventoryio-api/api/upload/uploads/1583301927iio.jpg', '2020-03-04 08:05:27', '81de5b36-d170-11e9-b97c-48f17f8d4d88', '2020-03-04 08:05:32', '81de5b36-d170-11e9-b97c-48f17f8d4d88', 2),
('25bd1d3b-3a04-11ea-9d4d-48f17f8d4d88', 'f019c8c5-3292-11ea-b970-48f17f8d4d88', 'f01d15d4-3292-11ea-b970-48f17f8d4d88', 'http://localhost:8200/inventoryio-api/api/upload/uploads/1579359996iio.jpg', '2020-01-18 17:06:36', 'f01d15d4-3292-11ea-b970-48f17f8d4d88', '2020-01-18 17:06:36', 'f01d15d4-3292-11ea-b970-48f17f8d4d88', 1),
('29a1ac20-51cd-11ea-b058-48f17f8d4d88', '94c5b3cf-d170-11e9-b97c-48f17f8d4d88', 'removed-a9c6dcff-317a-11ea-a404-48f17f8d4d88', 'http://localhost:8200/inventoryio-api/api/upload/uploads/1581975219iio.jpg', '2020-02-17 23:33:39', '81de5b36-d170-11e9-b97c-48f17f8d4d88', '2020-02-17 23:34:02', '81de5b36-d170-11e9-b97c-48f17f8d4d88', 2),
('2b69b0ee-5dde-11ea-b68c-48f17f8d4d88', '94c5b3cf-d170-11e9-b97c-48f17f8d4d88', '10f18237-5dde-11ea-b68c-48f17f8d4d88', 'http://localhost:8200/inventoryio-api/api/upload/uploads/1583301937iio.jpg', '2020-03-04 08:05:37', '81de5b36-d170-11e9-b97c-48f17f8d4d88', '2020-03-04 08:05:37', '81de5b36-d170-11e9-b97c-48f17f8d4d88', 1),
('2b705949-39fa-11ea-9d4d-48f17f8d4d88', '94c5b3cf-d170-11e9-b97c-48f17f8d4d88', '05e2e137-31da-11ea-a404-48f17f8d4d88', 'http://localhost:8200/inventoryio-api/api/upload/uploads/1579355711iio.jpg', '2020-01-18 15:55:11', '81de5b36-d170-11e9-b97c-48f17f8d4d88', '2020-01-18 15:55:11', '81de5b36-d170-11e9-b97c-48f17f8d4d88', 1),
('2c2461c3-2e47-11ea-8b40-48f17f8d4d88', '94c5b3cf-d170-11e9-b97c-48f17f8d4d88', 'd142a93c-d71b-11e9-a568-c8f7501047dc', 'http://localhost:8200/inventoryio-api/api/upload/uploads/1578069380iio.jpg', '2020-01-03 18:36:20', '81de5b36-d170-11e9-b97c-48f17f8d4d88', '2020-01-03 18:36:20', '81de5b36-d170-11e9-b97c-48f17f8d4d88', 1),
('2c875186-63d2-11ea-81ab-48f17f8d4d88', '42be6167-2fa9-11ea-8be9-48f17f8d4d88', 'removed-42be6167-2fa9-11ea-8be9-48f17f8d4d88banner', 'http://localhost:8200/inventoryio-api/api/upload/uploads/1583956492Web 1920  2.png', '2020-03-11 21:54:52', '42bfaa8a-2fa9-11ea-8be9-48f17f8d4d88', '2020-03-11 21:59:15', '42bfaa8a-2fa9-11ea-8be9-48f17f8d4d88', 2),
('2cda3a89-5dde-11ea-b68c-48f17f8d4d88', '94c5b3cf-d170-11e9-b97c-48f17f8d4d88', '10f18237-5dde-11ea-b68c-48f17f8d4d88', 'http://localhost:8200/inventoryio-api/api/upload/uploads/1583301940iio.jpg', '2020-03-04 08:05:40', '81de5b36-d170-11e9-b97c-48f17f8d4d88', '2020-03-04 08:05:40', '81de5b36-d170-11e9-b97c-48f17f8d4d88', 1),
('2e1c0de9-5dde-11ea-b68c-48f17f8d4d88', '94c5b3cf-d170-11e9-b97c-48f17f8d4d88', '10f18237-5dde-11ea-b68c-48f17f8d4d88', 'http://localhost:8200/inventoryio-api/api/upload/uploads/1583301942iio.jpg', '2020-03-04 08:05:42', '81de5b36-d170-11e9-b97c-48f17f8d4d88', '2020-03-04 08:05:42', '81de5b36-d170-11e9-b97c-48f17f8d4d88', 1),
('32ac3de6-3a01-11ea-9d4d-48f17f8d4d88', 'f019c8c5-3292-11ea-b970-48f17f8d4d88', 'f01d15d4-3292-11ea-b970-48f17f8d4d88', 'http://localhost:8200/inventoryio-api/api/upload/uploads/1579358729iio.jpg', '2020-01-18 16:45:29', 'f01d15d4-3292-11ea-b970-48f17f8d4d88', '2020-01-18 16:45:29', 'f01d15d4-3292-11ea-b970-48f17f8d4d88', 1),
('32f214c1-61cd-11ea-a962-48f17f8d4d88', '94c5b3cf-d170-11e9-b97c-48f17f8d4d88', 'removed-94c5b3cf-d170-11e9-b97c-48f17f8d4d88banner', 'http://localhost:8200/inventoryio-api/api/upload/uploads/1583734453Group 39.svg', '2020-03-09 08:14:13', '81de5b36-d170-11e9-b97c-48f17f8d4d88', '2020-03-09 08:25:16', '81de5b36-d170-11e9-b97c-48f17f8d4d88', 2),
('35812909-579b-11ea-8c8d-48f17f8d4d88', '94c5b3cf-d170-11e9-b97c-48f17f8d4d88', '5e0e53ff-47da-11ea-b608-48f17f8d4d88', 'http://localhost:8200/inventoryio-api/api/upload/uploads/1582613471iio.jpg', '2020-02-25 08:51:11', '81de5b36-d170-11e9-b97c-48f17f8d4d88', '2020-02-25 08:51:11', '81de5b36-d170-11e9-b97c-48f17f8d4d88', 1),
('35824ec1-3293-11ea-b970-48f17f8d4d88', 'f019c8c5-3292-11ea-b970-48f17f8d4d88', '30949087-3293-11ea-b970-48f17f8d4d88', 'http://localhost:8200/inventoryio-api/api/upload/uploads/1578541842iio.jpg', '2020-01-09 05:50:42', 'f01d15d4-3292-11ea-b970-48f17f8d4d88', '2020-01-09 05:50:42', 'f01d15d4-3292-11ea-b970-48f17f8d4d88', 1),
('358721d9-3a01-11ea-9d4d-48f17f8d4d88', 'f019c8c5-3292-11ea-b970-48f17f8d4d88', 'f01d15d4-3292-11ea-b970-48f17f8d4d88', 'http://localhost:8200/inventoryio-api/api/upload/uploads/1579358734iio.jpg', '2020-01-18 16:45:34', 'f01d15d4-3292-11ea-b970-48f17f8d4d88', '2020-01-18 16:45:34', 'f01d15d4-3292-11ea-b970-48f17f8d4d88', 1),
('359a5167-51cd-11ea-b058-48f17f8d4d88', '94c5b3cf-d170-11e9-b97c-48f17f8d4d88', 'removed-a9c6dcff-317a-11ea-a404-48f17f8d4d88', 'http://localhost:8200/inventoryio-api/api/upload/uploads/1581975239iio.jpg', '2020-02-17 23:33:59', '81de5b36-d170-11e9-b97c-48f17f8d4d88', '2020-02-17 23:34:48', '81de5b36-d170-11e9-b97c-48f17f8d4d88', 2),
('35ea8a83-2e46-11ea-8b40-48f17f8d4d88', '94c5b3cf-d170-11e9-b97c-48f17f8d4d88', '2126dad9-df0a-11e9-a724-48f17f8d4d88', 'http://localhost:8200/inventoryio-api/api/upload/uploads/1578068967iio.jpg', '2020-01-03 18:29:27', '81de5b36-d170-11e9-b97c-48f17f8d4d88', '2020-01-03 18:29:27', '81de5b36-d170-11e9-b97c-48f17f8d4d88', 1),
('389ef510-5dd7-11ea-a211-48f17f8d4d88', '94c5b3cf-d170-11e9-b97c-48f17f8d4d88', 'removed-389e2535-5dd7-11ea-a211-48f17f8d4d88', 'http://localhost:8200/inventoryio-api/api/upload/uploads/1583298520iio.jpg', '2020-03-04 07:15:53', '81de5b36-d170-11e9-b97c-48f17f8d4d88', '2020-03-04 07:40:35', '81de5b36-d170-11e9-b97c-48f17f8d4d88', 2),
('389f4a00-5dd7-11ea-a211-48f17f8d4d88', '94c5b3cf-d170-11e9-b97c-48f17f8d4d88', 'removed-389e2535-5dd7-11ea-a211-48f17f8d4d88', 'http://localhost:8200/inventoryio-api/api/upload/uploads/1583298520iio.jpg', '2020-03-04 07:15:53', '81de5b36-d170-11e9-b97c-48f17f8d4d88', '2020-03-04 07:40:33', '81de5b36-d170-11e9-b97c-48f17f8d4d88', 2),
('389fb82d-5dd7-11ea-a211-48f17f8d4d88', '94c5b3cf-d170-11e9-b97c-48f17f8d4d88', 'removed-389e2535-5dd7-11ea-a211-48f17f8d4d88', 'http://localhost:8200/inventoryio-api/api/upload/uploads/1583298520iio.jpg', '2020-03-04 07:15:53', '81de5b36-d170-11e9-b97c-48f17f8d4d88', '2020-03-04 07:40:31', '81de5b36-d170-11e9-b97c-48f17f8d4d88', 2),
('394b17d7-3293-11ea-b970-48f17f8d4d88', 'f019c8c5-3292-11ea-b970-48f17f8d4d88', '309554f4-3293-11ea-b970-48f17f8d4d88', 'http://localhost:8200/inventoryio-api/api/upload/uploads/1578541849iio.jpg', '2020-01-09 05:50:49', 'f01d15d4-3292-11ea-b970-48f17f8d4d88', '2020-01-09 05:50:49', 'f01d15d4-3292-11ea-b970-48f17f8d4d88', 1),
('3a160330-3a01-11ea-9d4d-48f17f8d4d88', 'f019c8c5-3292-11ea-b970-48f17f8d4d88', 'f01d15d4-3292-11ea-b970-48f17f8d4d88', 'http://localhost:8200/inventoryio-api/api/upload/uploads/1579358742iio.jpg', '2020-01-18 16:45:42', 'f01d15d4-3292-11ea-b970-48f17f8d4d88', '2020-01-18 16:45:42', 'f01d15d4-3292-11ea-b970-48f17f8d4d88', 1),
('3bf194a4-2e46-11ea-8b40-48f17f8d4d88', '94c5b3cf-d170-11e9-b97c-48f17f8d4d88', 'aa4825ec-df08-11e9-a724-48f17f8d4d88', 'http://localhost:8200/inventoryio-api/api/upload/uploads/1578068977iio.jpg', '2020-01-03 18:29:37', '81de5b36-d170-11e9-b97c-48f17f8d4d88', '2020-01-03 18:29:37', '81de5b36-d170-11e9-b97c-48f17f8d4d88', 1),
('3c8f2953-3a01-11ea-9d4d-48f17f8d4d88', 'f019c8c5-3292-11ea-b970-48f17f8d4d88', 'f01d15d4-3292-11ea-b970-48f17f8d4d88', 'http://localhost:8200/inventoryio-api/api/upload/uploads/1579358746iio.jpg', '2020-01-18 16:45:46', 'f01d15d4-3292-11ea-b970-48f17f8d4d88', '2020-01-18 16:45:46', 'f01d15d4-3292-11ea-b970-48f17f8d4d88', 1),
('3e5eab13-2fca-11ea-8be9-48f17f8d4d88', 'ea6c6f96-2faf-11ea-8be9-48f17f8d4d88', 'ea6f3106-2faf-11ea-8be9-48f17f8d4d88', 'http://localhost:8200/inventoryio-api/api/upload/uploads/1578235626iio.jpg', '2020-01-05 16:47:06', 'ea6f3106-2faf-11ea-8be9-48f17f8d4d88', '2020-01-05 16:47:06', 'ea6f3106-2faf-11ea-8be9-48f17f8d4d88', 1),
('3f0033b8-3a01-11ea-9d4d-48f17f8d4d88', 'f019c8c5-3292-11ea-b970-48f17f8d4d88', 'f01d15d4-3292-11ea-b970-48f17f8d4d88', 'http://localhost:8200/inventoryio-api/api/upload/uploads/1579358750iio.jpg', '2020-01-18 16:45:50', 'f01d15d4-3292-11ea-b970-48f17f8d4d88', '2020-01-18 16:45:50', 'f01d15d4-3292-11ea-b970-48f17f8d4d88', 1),
('422f91e9-2e46-11ea-8b40-48f17f8d4d88', '94c5b3cf-d170-11e9-b97c-48f17f8d4d88', 'c13b768a-dedd-11e9-a724-48f17f8d4d88', 'http://localhost:8200/inventoryio-api/api/upload/uploads/1578068988iio.jpg', '2020-01-03 18:29:48', '81de5b36-d170-11e9-b97c-48f17f8d4d88', '2020-01-03 18:29:48', '81de5b36-d170-11e9-b97c-48f17f8d4d88', 1),
('434a12e0-345e-11ea-b286-48f17f8d4d88', '94c5b3cf-d170-11e9-b97c-48f17f8d4d88', '81de5b36-d170-11e9-b97c-48f17f8d4d88', 'http://localhost:8200/inventoryio-api/api/upload/uploads/1578739002iio.jpg', '2020-01-11 12:36:42', '81de5b36-d170-11e9-b97c-48f17f8d4d88', '2020-01-11 12:36:42', '81de5b36-d170-11e9-b97c-48f17f8d4d88', 1),
('44723da2-2e47-11ea-8b40-48f17f8d4d88', '94c5b3cf-d170-11e9-b97c-48f17f8d4d88', 'removed-8aadcceb-d6f7-11e9-a5a1-c8f7501047dc', 'http://localhost:8200/inventoryio-api/api/upload/uploads/1578069421iio.jpg', '2020-01-03 18:37:01', '81de5b36-d170-11e9-b97c-48f17f8d4d88', '2020-01-03 18:37:05', '81de5b36-d170-11e9-b97c-48f17f8d4d88', 2),
('450c0560-3a02-11ea-9d4d-48f17f8d4d88', 'f019c8c5-3292-11ea-b970-48f17f8d4d88', 'f01d15d4-3292-11ea-b970-48f17f8d4d88', 'http://localhost:8200/inventoryio-api/api/upload/uploads/1579359189iio.jpg', '2020-01-18 16:53:10', 'f01d15d4-3292-11ea-b970-48f17f8d4d88', '2020-01-18 16:53:10', 'f01d15d4-3292-11ea-b970-48f17f8d4d88', 1),
('455dcca8-51b9-11ea-b058-48f17f8d4d88', '94c5b3cf-d170-11e9-b97c-48f17f8d4d88', 'removed-5e0eb0fd-47da-11ea-b608-48f17f8d4d88', 'http://localhost:8200/inventoryio-api/api/upload/uploads/1581966676iio.jpg', '2020-02-17 21:11:16', '81de5b36-d170-11e9-b97c-48f17f8d4d88', '2020-02-25 08:52:49', '81de5b36-d170-11e9-b97c-48f17f8d4d88', 2),
('45f4704e-3a27-11ea-952e-48f17f8d4d88', '94c5b3cf-d170-11e9-b97c-48f17f8d4d88', 'removed-94c5b3cf-d170-11e9-b97c-48f17f8d4d88', 'http://localhost:8200/inventoryio-api/api/upload/uploads/1579375093iio.jpg', '2020-01-18 21:18:14', '81de5b36-d170-11e9-b97c-48f17f8d4d88', '2020-01-23 14:18:29', '81de5b36-d170-11e9-b97c-48f17f8d4d88', 2),
('4856b1f6-6245-11ea-8b84-48f17f8d4d88', '94c5b3cf-d170-11e9-b97c-48f17f8d4d88', 'removed-94c5b3cf-d170-11e9-b97c-48f17f8d4d88banner', 'http://localhost:8200/inventoryio-api/api/upload/uploads/1583786029bspot1.jpg', '2020-03-09 22:33:49', '81de5b36-d170-11e9-b97c-48f17f8d4d88', '2020-03-09 23:14:13', '81de5b36-d170-11e9-b97c-48f17f8d4d88', 2),
('488efff2-61ca-11ea-a962-48f17f8d4d88', '94c5b3cf-d170-11e9-b97c-48f17f8d4d88', 'removed-94c5b3cf-d170-11e9-b97c-48f17f8d4d88banner', 'http://localhost:8200/inventoryio-api/api/upload/uploads/1583733201iio.jpg', '2020-03-09 07:53:21', '81de5b36-d170-11e9-b97c-48f17f8d4d88', '2020-03-09 08:00:19', '81de5b36-d170-11e9-b97c-48f17f8d4d88', 2),
('4a61da12-624b-11ea-8b84-48f17f8d4d88', '94c5b3cf-d170-11e9-b97c-48f17f8d4d88', 'removed-94c5b3cf-d170-11e9-b97c-48f17f8d4d88banner', 'http://localhost:8200/inventoryio-api/api/upload/uploads/15837886098cff6860d297f6e1c4e2beb46525eb16.jpg', '2020-03-09 23:16:49', '81de5b36-d170-11e9-b97c-48f17f8d4d88', '2020-03-10 07:15:15', '81de5b36-d170-11e9-b97c-48f17f8d4d88', 2),
('4a76622a-51cd-11ea-b058-48f17f8d4d88', '94c5b3cf-d170-11e9-b97c-48f17f8d4d88', 'a9c6dcff-317a-11ea-a404-48f17f8d4d88', 'http://localhost:8200/inventoryio-api/api/upload/uploads/1581975274iio.jpg', '2020-02-17 23:34:34', '81de5b36-d170-11e9-b97c-48f17f8d4d88', '2020-02-17 23:34:34', '81de5b36-d170-11e9-b97c-48f17f8d4d88', 1),
('4c33536f-60a8-11ea-a2e3-48f17f8d4d88', '94c5b3cf-d170-11e9-b97c-48f17f8d4d88', 'removed-51915956-5ddc-11ea-a211-48f17f8d4d88', 'http://localhost:8200/inventoryio-api/api/upload/uploads/1583608653iio.jpg', '2020-03-07 21:17:33', '81de5b36-d170-11e9-b97c-48f17f8d4d88', '2020-03-07 21:35:42', '81de5b36-d170-11e9-b97c-48f17f8d4d88', 2),
('4f869cae-60a8-11ea-a2e3-48f17f8d4d88', '94c5b3cf-d170-11e9-b97c-48f17f8d4d88', 'removed-51915956-5ddc-11ea-a211-48f17f8d4d88', 'http://localhost:8200/inventoryio-api/api/upload/uploads/1583608659iio.jpg', '2020-03-07 21:17:39', '81de5b36-d170-11e9-b97c-48f17f8d4d88', '2020-03-07 21:17:56', '81de5b36-d170-11e9-b97c-48f17f8d4d88', 2),
('4f8a6506-60a8-11ea-a2e3-48f17f8d4d88', '94c5b3cf-d170-11e9-b97c-48f17f8d4d88', 'removed-51915956-5ddc-11ea-a211-48f17f8d4d88', 'http://localhost:8200/inventoryio-api/api/upload/uploads/1583608659iio.jpg', '2020-03-07 21:17:39', '81de5b36-d170-11e9-b97c-48f17f8d4d88', '2020-03-07 21:36:16', '81de5b36-d170-11e9-b97c-48f17f8d4d88', 2),
('4f8dc80e-60a8-11ea-a2e3-48f17f8d4d88', '94c5b3cf-d170-11e9-b97c-48f17f8d4d88', 'removed-51915956-5ddc-11ea-a211-48f17f8d4d88', 'http://localhost:8200/inventoryio-api/api/upload/uploads/1583608659iio.jpg', '2020-03-07 21:17:39', '81de5b36-d170-11e9-b97c-48f17f8d4d88', '2020-03-07 21:17:58', '81de5b36-d170-11e9-b97c-48f17f8d4d88', 2),
('4f8f1f2f-60a8-11ea-a2e3-48f17f8d4d88', '94c5b3cf-d170-11e9-b97c-48f17f8d4d88', 'removed-51915956-5ddc-11ea-a211-48f17f8d4d88', 'http://localhost:8200/inventoryio-api/api/upload/uploads/1583608659iio.jpg', '2020-03-07 21:17:39', '81de5b36-d170-11e9-b97c-48f17f8d4d88', '2020-03-07 21:18:04', '81de5b36-d170-11e9-b97c-48f17f8d4d88', 2),
('4f91ffea-60a8-11ea-a2e3-48f17f8d4d88', '94c5b3cf-d170-11e9-b97c-48f17f8d4d88', 'removed-51915956-5ddc-11ea-a211-48f17f8d4d88', 'http://localhost:8200/inventoryio-api/api/upload/uploads/1583608659iio.jpg', '2020-03-07 21:17:39', '81de5b36-d170-11e9-b97c-48f17f8d4d88', '2020-03-07 21:18:02', '81de5b36-d170-11e9-b97c-48f17f8d4d88', 2),
('50960f23-51b9-11ea-b058-48f17f8d4d88', '94c5b3cf-d170-11e9-b97c-48f17f8d4d88', '5e0f26d3-47da-11ea-b608-48f17f8d4d88', 'http://localhost:8200/inventoryio-api/api/upload/uploads/1581966695iio.jpg', '2020-02-17 21:11:35', '81de5b36-d170-11e9-b97c-48f17f8d4d88', '2020-02-17 21:11:35', '81de5b36-d170-11e9-b97c-48f17f8d4d88', 1),
('51198bd7-61d0-11ea-a962-48f17f8d4d88', '94c5b3cf-d170-11e9-b97c-48f17f8d4d88', 'removed-94c5b3cf-d170-11e9-b97c-48f17f8d4d88banner', 'http://localhost:8200/inventoryio-api/api/upload/uploads/1583735792Group 38.png', '2020-03-09 08:36:32', '81de5b36-d170-11e9-b97c-48f17f8d4d88', '2020-03-09 08:36:47', '81de5b36-d170-11e9-b97c-48f17f8d4d88', 2),
('51929883-5ddc-11ea-a211-48f17f8d4d88', '94c5b3cf-d170-11e9-b97c-48f17f8d4d88', 'removed-51915956-5ddc-11ea-a211-48f17f8d4d88', 'http://localhost:8200/inventoryio-api/api/upload/uploads/1583301122iio.jpg', '2020-03-04 07:52:22', '81de5b36-d170-11e9-b97c-48f17f8d4d88', '2020-03-07 21:18:00', '81de5b36-d170-11e9-b97c-48f17f8d4d88', 2),
('534258bd-6423-11ea-91ed-48f17f8d4d88', '42be6167-2fa9-11ea-8be9-48f17f8d4d88', 'removed-42be6167-2fa9-11ea-8be9-48f17f8d4d88banner', 'http://localhost:8200/inventoryio-api/api/upload/uploads/1583991347logo-full-bg.png', '2020-03-12 07:35:47', '42bfaa8a-2fa9-11ea-8be9-48f17f8d4d88', '2020-03-12 07:36:42', '42bfaa8a-2fa9-11ea-8be9-48f17f8d4d88', 2),
('53c122d4-629a-11ea-9788-48f17f8d4d88', '94c5b3cf-d170-11e9-b97c-48f17f8d4d88', 'removed-94c5b3cf-d170-11e9-b97c-48f17f8d4d88banner', 'http://localhost:8200/inventoryio-api/api/upload/uploads/1583822555bspot1.jpg', '2020-03-10 08:42:35', '81de5b36-d170-11e9-b97c-48f17f8d4d88', '2020-03-11 19:07:10', '81de5b36-d170-11e9-b97c-48f17f8d4d88', 2),
('55667bf7-2faa-11ea-8be9-48f17f8d4d88', '42be6167-2fa9-11ea-8be9-48f17f8d4d88', '42be6167-2fa9-11ea-8be9-48f17f8d4d88', 'http://localhost:8200/inventoryio-api/api/upload/uploads/1578221921iio.jpg', '2020-01-05 12:58:41', '42bfaa8a-2fa9-11ea-8be9-48f17f8d4d88', '2020-01-05 12:58:41', '42bfaa8a-2fa9-11ea-8be9-48f17f8d4d88', 1),
('57c142f9-3290-11ea-b970-48f17f8d4d88', '47de8a17-3290-11ea-b970-48f17f8d4d88', '47e43de7-3290-11ea-b970-48f17f8d4d88', 'http://localhost:8200/inventoryio-api/api/upload/uploads/1578540611iio.jpg', '2020-01-09 05:30:11', '47e43de7-3290-11ea-b970-48f17f8d4d88', '2020-01-09 05:30:11', '47e43de7-3290-11ea-b970-48f17f8d4d88', 1),
('584f0b31-3a02-11ea-9d4d-48f17f8d4d88', 'f019c8c5-3292-11ea-b970-48f17f8d4d88', 'f01d15d4-3292-11ea-b970-48f17f8d4d88', 'http://localhost:8200/inventoryio-api/api/upload/uploads/1579359222iio.jpg', '2020-01-18 16:53:42', 'f01d15d4-3292-11ea-b970-48f17f8d4d88', '2020-01-18 16:53:42', 'f01d15d4-3292-11ea-b970-48f17f8d4d88', 1),
('5c9816b9-61d0-11ea-a962-48f17f8d4d88', '94c5b3cf-d170-11e9-b97c-48f17f8d4d88', 'removed-94c5b3cf-d170-11e9-b97c-48f17f8d4d88banner', 'http://localhost:8200/inventoryio-api/api/upload/uploads/1583735812Group 40.png', '2020-03-09 08:36:52', '81de5b36-d170-11e9-b97c-48f17f8d4d88', '2020-03-09 22:30:23', '81de5b36-d170-11e9-b97c-48f17f8d4d88', 2),
('5d2edbd8-47d9-11ea-b608-48f17f8d4d88', '94c5b3cf-d170-11e9-b97c-48f17f8d4d88', 'a9c4907e-317a-11ea-a404-48f17f8d4d88', 'http://localhost:8200/inventoryio-api/api/upload/uploads/1580880948iio.jpg', '2020-02-05 07:35:48', '81de5b36-d170-11e9-b97c-48f17f8d4d88', '2020-02-05 07:35:48', '81de5b36-d170-11e9-b97c-48f17f8d4d88', 1),
('60fc8933-5dd7-11ea-a211-48f17f8d4d88', '94c5b3cf-d170-11e9-b97c-48f17f8d4d88', 'removed-22f70d71-5dd7-11ea-a211-48f17f8d4d88', 'http://localhost:8200/inventoryio-api/api/upload/uploads/1583299021iio.jpg', '2020-03-04 07:17:01', '81de5b36-d170-11e9-b97c-48f17f8d4d88', '2020-03-07 21:43:58', '81de5b36-d170-11e9-b97c-48f17f8d4d88', 2),
('61207cb9-60a8-11ea-a2e3-48f17f8d4d88', '94c5b3cf-d170-11e9-b97c-48f17f8d4d88', 'removed-51915956-5ddc-11ea-a211-48f17f8d4d88', 'http://localhost:8200/inventoryio-api/api/upload/uploads/1583608688iio.jpg', '2020-03-07 21:18:08', '81de5b36-d170-11e9-b97c-48f17f8d4d88', '2020-03-07 21:36:14', '81de5b36-d170-11e9-b97c-48f17f8d4d88', 2),
('630d07a2-5dd7-11ea-a211-48f17f8d4d88', '94c5b3cf-d170-11e9-b97c-48f17f8d4d88', 'removed-22f70d71-5dd7-11ea-a211-48f17f8d4d88', 'http://localhost:8200/inventoryio-api/api/upload/uploads/1583299024iio.jpg', '2020-03-04 07:17:04', '81de5b36-d170-11e9-b97c-48f17f8d4d88', '2020-03-07 21:43:55', '81de5b36-d170-11e9-b97c-48f17f8d4d88', 2),
('63cdc7d3-60a8-11ea-a2e3-48f17f8d4d88', '94c5b3cf-d170-11e9-b97c-48f17f8d4d88', 'removed-51915956-5ddc-11ea-a211-48f17f8d4d88', 'http://localhost:8200/inventoryio-api/api/upload/uploads/1583608693iio.jpg', '2020-03-07 21:18:13', '81de5b36-d170-11e9-b97c-48f17f8d4d88', '2020-03-07 21:36:11', '81de5b36-d170-11e9-b97c-48f17f8d4d88', 2),
('63f7bc17-61cc-11ea-a962-48f17f8d4d88', '94c5b3cf-d170-11e9-b97c-48f17f8d4d88', 'removed-94c5b3cf-d170-11e9-b97c-48f17f8d4d88banner', 'http://localhost:8200/inventoryio-api/api/upload/uploads/1583734106Group 38.png', '2020-03-09 08:08:26', '81de5b36-d170-11e9-b97c-48f17f8d4d88', '2020-03-09 08:10:46', '81de5b36-d170-11e9-b97c-48f17f8d4d88', 2),
('643e6446-2f1d-11ea-99b8-48f17f8d4d88', '94c5b3cf-d170-11e9-b97c-48f17f8d4d88', '6ae6f763-d6f4-11e9-a5a1-c8f7501047dc', 'http://localhost:8200/inventoryio-api/api/upload/uploads/1578161386iio.jpg', '2020-01-04 20:09:47', '81de5b36-d170-11e9-b97c-48f17f8d4d88', '2020-01-04 20:09:47', '81de5b36-d170-11e9-b97c-48f17f8d4d88', 1),
('64da52f6-2f3f-11ea-99b8-48f17f8d4d88', '94c5b3cf-d170-11e9-b97c-48f17f8d4d88', 'removed-94c5b3cf-d170-11e9-b97c-48f17f8d4d88', 'http://localhost:8200/inventoryio-api/api/upload/uploads/1578175990iio.jpg', '2020-01-05 00:13:10', '81de5b36-d170-11e9-b97c-48f17f8d4d88', '2020-01-05 01:26:20', '81de5b36-d170-11e9-b97c-48f17f8d4d88', 2),
('6632649d-60a8-11ea-a2e3-48f17f8d4d88', '94c5b3cf-d170-11e9-b97c-48f17f8d4d88', '51915956-5ddc-11ea-a211-48f17f8d4d88', 'http://localhost:8200/inventoryio-api/api/upload/uploads/1583608697iio.jpg', '2020-03-07 21:18:17', '81de5b36-d170-11e9-b97c-48f17f8d4d88', '2020-03-07 21:18:17', '81de5b36-d170-11e9-b97c-48f17f8d4d88', 1),
('68f0360f-51b8-11ea-b058-48f17f8d4d88', '94c5b3cf-d170-11e9-b97c-48f17f8d4d88', 'removed-dd5d9f0c-3c3c-11ea-9fda-48f17f8d4d88', 'http://localhost:8200/inventoryio-api/api/upload/uploads/1581966306iio.jpg', '2020-02-17 21:05:06', '81de5b36-d170-11e9-b97c-48f17f8d4d88', '2020-02-17 21:13:27', '81de5b36-d170-11e9-b97c-48f17f8d4d88', 2),
('6b6a2ab9-63bb-11ea-81ab-48f17f8d4d88', '94c5b3cf-d170-11e9-b97c-48f17f8d4d88', 'removed-94c5b3cf-d170-11e9-b97c-48f17f8d4d88banner', 'http://localhost:8200/inventoryio-api/api/upload/uploads/1583946720Capture.PNG', '2020-03-11 19:12:00', '81de5b36-d170-11e9-b97c-48f17f8d4d88', '2020-03-13 14:24:41', '81de5b36-d170-11e9-b97c-48f17f8d4d88', 2),
('6f0c97b8-2e46-11ea-8b40-48f17f8d4d88', '94c5b3cf-d170-11e9-b97c-48f17f8d4d88', '417ffc60-df08-11e9-a724-48f17f8d4d88', 'http://localhost:8200/inventoryio-api/api/upload/uploads/1578069063iio.jpg', '2020-01-03 18:31:03', '81de5b36-d170-11e9-b97c-48f17f8d4d88', '2020-01-03 18:31:03', '81de5b36-d170-11e9-b97c-48f17f8d4d88', 1),
('70ec7e2b-579b-11ea-8c8d-48f17f8d4d88', '94c5b3cf-d170-11e9-b97c-48f17f8d4d88', '5e0eb0fd-47da-11ea-b608-48f17f8d4d88', 'http://localhost:8200/inventoryio-api/api/upload/uploads/1582613571iio.jpg', '2020-02-25 08:52:51', '81de5b36-d170-11e9-b97c-48f17f8d4d88', '2020-02-25 08:52:51', '81de5b36-d170-11e9-b97c-48f17f8d4d88', 1),
('71b4d126-3a00-11ea-9d4d-48f17f8d4d88', 'f019c8c5-3292-11ea-b970-48f17f8d4d88', 'f01d15d4-3292-11ea-b970-48f17f8d4d88', 'http://localhost:8200/inventoryio-api/api/upload/uploads/1579358405iio.jpg', '2020-01-18 16:40:05', 'f01d15d4-3292-11ea-b970-48f17f8d4d88', '2020-01-18 16:40:05', 'f01d15d4-3292-11ea-b970-48f17f8d4d88', 1),
('74c1cb9a-51cc-11ea-b058-48f17f8d4d88', '94c5b3cf-d170-11e9-b97c-48f17f8d4d88', '05e447a5-31da-11ea-a404-48f17f8d4d88', 'http://localhost:8200/inventoryio-api/api/upload/uploads/1581974916iio.jpg', '2020-02-17 23:28:36', '81de5b36-d170-11e9-b97c-48f17f8d4d88', '2020-02-17 23:28:36', '81de5b36-d170-11e9-b97c-48f17f8d4d88', 1),
('7511cb49-3dda-11ea-820f-48f17f8d4d88', '94c5b3cf-d170-11e9-b97c-48f17f8d4d88', 'removed-94c5b3cf-d170-11e9-b97c-48f17f8d4d88', 'http://localhost:8200/inventoryio-api/api/upload/uploads/1579781906iio.jpg', '2020-01-23 14:18:26', '81de5b36-d170-11e9-b97c-48f17f8d4d88', '2020-01-23 19:44:14', '81de5b36-d170-11e9-b97c-48f17f8d4d88', 2),
('75c9afa4-50f4-11ea-ad2e-48f17f8d4d88', '94c5b3cf-d170-11e9-b97c-48f17f8d4d88', 'removed-b099a62b-3697-11ea-bd88-48f17f8d4d88', 'http://localhost:8200/inventoryio-api/api/upload/uploads/1581882146iio.jpg', '2020-02-16 21:42:26', '81de5b36-d170-11e9-b97c-48f17f8d4d88', '2020-02-17 21:16:19', '81de5b36-d170-11e9-b97c-48f17f8d4d88', 2),
('766ffd5c-2e47-11ea-8b40-48f17f8d4d88', '94c5b3cf-d170-11e9-b97c-48f17f8d4d88', '8aadcceb-d6f7-11e9-a5a1-c8f7501047dc', 'http://localhost:8200/inventoryio-api/api/upload/uploads/1578069505iio.jpg', '2020-01-03 18:38:25', '81de5b36-d170-11e9-b97c-48f17f8d4d88', '2020-01-03 18:38:25', '81de5b36-d170-11e9-b97c-48f17f8d4d88', 1),
('76bba303-5dd8-11ea-a211-48f17f8d4d88', '94c5b3cf-d170-11e9-b97c-48f17f8d4d88', '76baeac2-5dd8-11ea-a211-48f17f8d4d88', 'http://localhost:8200/inventoryio-api/api/upload/uploads/1583299452iio.jpg', '2020-03-04 07:24:47', '81de5b36-d170-11e9-b97c-48f17f8d4d88', '2020-03-04 07:24:47', '81de5b36-d170-11e9-b97c-48f17f8d4d88', 1),
('7d19a908-2fb6-11ea-8be9-48f17f8d4d88', 'ea6c6f96-2faf-11ea-8be9-48f17f8d4d88', 'cc39e692-2fb0-11ea-8be9-48f17f8d4d88', 'http://localhost:8200/inventoryio-api/api/upload/uploads/1578227141iio.jpg', '2020-01-05 14:25:41', 'ea6f3106-2faf-11ea-8be9-48f17f8d4d88', '2020-01-05 14:25:41', 'ea6f3106-2faf-11ea-8be9-48f17f8d4d88', 1),
('81cc3d3b-2fb6-11ea-8be9-48f17f8d4d88', 'ea6c6f96-2faf-11ea-8be9-48f17f8d4d88', 'removed-a685d45e-2fb0-11ea-8be9-48f17f8d4d88', 'http://localhost:8200/inventoryio-api/api/upload/uploads/1578227149iio.jpg', '2020-01-05 14:25:49', 'ea6f3106-2faf-11ea-8be9-48f17f8d4d88', '2020-01-05 14:26:55', 'ea6f3106-2faf-11ea-8be9-48f17f8d4d88', 2),
('88a0ffcf-3e0d-11ea-820f-48f17f8d4d88', '94c5b3cf-d170-11e9-b97c-48f17f8d4d88', '81de5b36-d170-11e9-b97c-48f17f8d4d88', 'http://localhost:8200/inventoryio-api/api/upload/uploads/1579803843iio.jpg', '2020-01-23 20:24:03', '81de5b36-d170-11e9-b97c-48f17f8d4d88', '2020-01-23 20:24:03', '81de5b36-d170-11e9-b97c-48f17f8d4d88', 1),
('8a5c8358-2fb6-11ea-8be9-48f17f8d4d88', 'ea6c6f96-2faf-11ea-8be9-48f17f8d4d88', '7922a687-2fb0-11ea-8be9-48f17f8d4d88', 'http://localhost:8200/inventoryio-api/api/upload/uploads/1578227163iio.jpg', '2020-01-05 14:26:04', 'ea6f3106-2faf-11ea-8be9-48f17f8d4d88', '2020-01-05 14:26:04', 'ea6f3106-2faf-11ea-8be9-48f17f8d4d88', 1),
('8ab84b9b-2f3e-11ea-99b8-48f17f8d4d88', '94c5b3cf-d170-11e9-b97c-48f17f8d4d88', 'removed-94c5b3cf-d170-11e9-b97c-48f17f8d4d88', 'http://localhost:8200/inventoryio-api/api/upload/uploads/1578175624iio.jpg', '2020-01-05 00:07:04', '81de5b36-d170-11e9-b97c-48f17f8d4d88', '2020-01-05 00:08:37', '81de5b36-d170-11e9-b97c-48f17f8d4d88', 2),
('8ad958e3-5dd6-11ea-a211-48f17f8d4d88', '94c5b3cf-d170-11e9-b97c-48f17f8d4d88', '8ad875e2-5dd6-11ea-a211-48f17f8d4d88', 'http://localhost:8200/inventoryio-api/api/upload/uploads/1583298520iio.jpg', '2020-03-04 07:11:01', '81de5b36-d170-11e9-b97c-48f17f8d4d88', '2020-03-04 07:11:01', '81de5b36-d170-11e9-b97c-48f17f8d4d88', 1),
('8ad9901d-5dd6-11ea-a211-48f17f8d4d88', '94c5b3cf-d170-11e9-b97c-48f17f8d4d88', '8ad875e2-5dd6-11ea-a211-48f17f8d4d88', 'http://localhost:8200/inventoryio-api/api/upload/uploads/1583298520iio.jpg', '2020-03-04 07:11:01', '81de5b36-d170-11e9-b97c-48f17f8d4d88', '2020-03-04 07:11:01', '81de5b36-d170-11e9-b97c-48f17f8d4d88', 1),
('8ad9c1b7-5dd6-11ea-a211-48f17f8d4d88', '94c5b3cf-d170-11e9-b97c-48f17f8d4d88', '8ad875e2-5dd6-11ea-a211-48f17f8d4d88', 'http://localhost:8200/inventoryio-api/api/upload/uploads/1583298520iio.jpg', '2020-03-04 07:11:01', '81de5b36-d170-11e9-b97c-48f17f8d4d88', '2020-03-04 07:11:01', '81de5b36-d170-11e9-b97c-48f17f8d4d88', 1),
('90ec86fb-2fa9-11ea-8be9-48f17f8d4d88', '42be6167-2fa9-11ea-8be9-48f17f8d4d88', '90ebf58a-2fa9-11ea-8be9-48f17f8d4d88', 'http://localhost:8200/inventoryio-api/api/upload/uploads/1578221574iio.jpg', '2020-01-05 12:53:11', '42bfaa8a-2fa9-11ea-8be9-48f17f8d4d88', '2020-01-05 12:53:11', '42bfaa8a-2fa9-11ea-8be9-48f17f8d4d88', 1),
('94a70475-51c7-11ea-b058-48f17f8d4d88', '94c5b3cf-d170-11e9-b97c-48f17f8d4d88', '05e3b73d-31da-11ea-a404-48f17f8d4d88', 'http://localhost:8200/inventoryio-api/api/upload/uploads/1581972822iio.jpg', '2020-02-17 22:53:42', '81de5b36-d170-11e9-b97c-48f17f8d4d88', '2020-02-17 22:53:42', '81de5b36-d170-11e9-b97c-48f17f8d4d88', 1),
('94bc4e91-2f26-11ea-99b8-48f17f8d4d88', '94c5b3cf-d170-11e9-b97c-48f17f8d4d88', 'removed-94c5b3cf-d170-11e9-b97c-48f17f8d4d88', 'http://localhost:8200/inventoryio-api/api/upload/uploads/1578165333iio.jpg', '2020-01-04 21:15:33', '48afb5fb-2f20-11ea-99b8-48f17f8d4d88', '2020-01-04 21:59:31', '48afb5fb-2f20-11ea-99b8-48f17f8d4d88', 2),
('9654726e-51b9-11ea-b058-48f17f8d4d88', '94c5b3cf-d170-11e9-b97c-48f17f8d4d88', 'dd5d9f0c-3c3c-11ea-9fda-48f17f8d4d88', 'http://localhost:8200/inventoryio-api/api/upload/uploads/1581966812iio.jpg', '2020-02-17 21:13:32', '81de5b36-d170-11e9-b97c-48f17f8d4d88', '2020-02-17 21:13:32', '81de5b36-d170-11e9-b97c-48f17f8d4d88', 1),
('99eeec7b-579b-11ea-8c8d-48f17f8d4d88', '94c5b3cf-d170-11e9-b97c-48f17f8d4d88', '75108eb4-3154-11ea-a404-48f17f8d4d88', 'http://localhost:8200/inventoryio-api/api/upload/uploads/1582613640iio.jpg', '2020-02-25 08:54:00', '81de5b36-d170-11e9-b97c-48f17f8d4d88', '2020-02-25 08:54:00', '81de5b36-d170-11e9-b97c-48f17f8d4d88', 1),
('9a2340ba-3293-11ea-b970-48f17f8d4d88', 'f019c8c5-3292-11ea-b970-48f17f8d4d88', 'f019c8c5-3292-11ea-b970-48f17f8d4d88', 'http://localhost:8200/inventoryio-api/api/upload/uploads/1578542011iio.jpg', '2020-01-09 05:53:31', 'f01d15d4-3292-11ea-b970-48f17f8d4d88', '2020-01-09 05:53:31', 'f01d15d4-3292-11ea-b970-48f17f8d4d88', 1),
('9adac1bb-2f49-11ea-99b8-48f17f8d4d88', '94c5b3cf-d170-11e9-b97c-48f17f8d4d88', 'removed-94c5b3cf-d170-11e9-b97c-48f17f8d4d88', 'http://localhost:8200/inventoryio-api/api/upload/uploads/1578180376iio.jpg', '2020-01-05 01:26:16', '81de5b36-d170-11e9-b97c-48f17f8d4d88', '2020-01-05 01:48:23', '81de5b36-d170-11e9-b97c-48f17f8d4d88', 2),
('9d4b2b4e-47dd-11ea-b608-48f17f8d4d88', 'e967061e-47dc-11ea-b608-48f17f8d4d88', 'e967061e-47dc-11ea-b608-48f17f8d4d88', 'http://localhost:8200/inventoryio-api/api/upload/uploads/1580882774iio.jpg', '2020-02-05 08:06:14', 'e9694a64-47dc-11ea-b608-48f17f8d4d88', '2020-02-05 08:06:14', 'e9694a64-47dc-11ea-b608-48f17f8d4d88', 1),
('9d80cd67-2fb9-11ea-8be9-48f17f8d4d88', 'ea6c6f96-2faf-11ea-8be9-48f17f8d4d88', 'removed-ea6c6f96-2faf-11ea-8be9-48f17f8d4d88', 'http://localhost:8200/inventoryio-api/api/upload/uploads/1578228484iio.jpg', '2020-01-05 14:48:04', 'ea6f3106-2faf-11ea-8be9-48f17f8d4d88', '2020-01-05 14:57:10', 'ea6f3106-2faf-11ea-8be9-48f17f8d4d88', 2),
('9eeda510-3e0d-11ea-820f-48f17f8d4d88', '94c5b3cf-d170-11e9-b97c-48f17f8d4d88', '81de5b36-d170-11e9-b97c-48f17f8d4d88', 'http://localhost:8200/inventoryio-api/api/upload/uploads/1579803881iio.jpg', '2020-01-23 20:24:41', '81de5b36-d170-11e9-b97c-48f17f8d4d88', '2020-01-23 20:24:41', '81de5b36-d170-11e9-b97c-48f17f8d4d88', 1),
('9faa4c54-2e46-11ea-8b40-48f17f8d4d88', '94c5b3cf-d170-11e9-b97c-48f17f8d4d88', 'c54e67a9-dd62-11e9-8ffb-c8f7501047dc', 'http://localhost:8200/inventoryio-api/api/upload/uploads/1578069144iio.jpg', '2020-01-03 18:32:24', '81de5b36-d170-11e9-b97c-48f17f8d4d88', '2020-01-03 18:32:24', '81de5b36-d170-11e9-b97c-48f17f8d4d88', 1),
('a0d816b3-6525-11ea-80a3-48f17f8d4d88', '94c5b3cf-d170-11e9-b97c-48f17f8d4d88', '94c5b3cf-d170-11e9-b97c-48f17f8d4d88banner', 'http://localhost:8200/inventoryio-api/api/upload/uploads/1584102287Web 1920  6.png', '2020-03-13 14:24:47', '81de5b36-d170-11e9-b97c-48f17f8d4d88', '2020-03-13 14:24:47', '81de5b36-d170-11e9-b97c-48f17f8d4d88', 1),
('a55d0be1-5dda-11ea-a211-48f17f8d4d88', '94c5b3cf-d170-11e9-b97c-48f17f8d4d88', '389e2535-5dd7-11ea-a211-48f17f8d4d88', 'http://localhost:8200/inventoryio-api/api/upload/uploads/1583300424iio.jpg', '2020-03-04 07:40:24', '81de5b36-d170-11e9-b97c-48f17f8d4d88', '2020-03-04 07:40:24', '81de5b36-d170-11e9-b97c-48f17f8d4d88', 1),
('a6f0d253-51cc-11ea-b058-48f17f8d4d88', '94c5b3cf-d170-11e9-b97c-48f17f8d4d88', 'a9c5b055-317a-11ea-a404-48f17f8d4d88', 'http://localhost:8200/inventoryio-api/api/upload/uploads/1581975000iio.jpg', '2020-02-17 23:30:00', '81de5b36-d170-11e9-b97c-48f17f8d4d88', '2020-02-17 23:30:00', '81de5b36-d170-11e9-b97c-48f17f8d4d88', 1),
('a7d88a82-5dda-11ea-a211-48f17f8d4d88', '94c5b3cf-d170-11e9-b97c-48f17f8d4d88', '389e2535-5dd7-11ea-a211-48f17f8d4d88', 'http://localhost:8200/inventoryio-api/api/upload/uploads/1583300428iio.jpg', '2020-03-04 07:40:28', '81de5b36-d170-11e9-b97c-48f17f8d4d88', '2020-03-04 07:40:28', '81de5b36-d170-11e9-b97c-48f17f8d4d88', 1),
('a978b897-61cb-11ea-a962-48f17f8d4d88', '94c5b3cf-d170-11e9-b97c-48f17f8d4d88', 'removed-94c5b3cf-d170-11e9-b97c-48f17f8d4d88banner', 'http://localhost:8200/inventoryio-api/api/upload/uploads/1583733793smartmockups_k7fz2zmf.png', '2020-03-09 08:03:13', '81de5b36-d170-11e9-b97c-48f17f8d4d88', '2020-03-09 08:08:29', '81de5b36-d170-11e9-b97c-48f17f8d4d88', 2),
('aa7e2988-51b8-11ea-b058-48f17f8d4d88', '94c5b3cf-d170-11e9-b97c-48f17f8d4d88', '5e0d8008-47da-11ea-b608-48f17f8d4d88', 'http://localhost:8200/inventoryio-api/api/upload/uploads/1581966416iio.jpg', '2020-02-17 21:06:56', '81de5b36-d170-11e9-b97c-48f17f8d4d88', '2020-02-17 21:06:56', '81de5b36-d170-11e9-b97c-48f17f8d4d88', 1),
('ab4ae305-2fb6-11ea-8be9-48f17f8d4d88', 'ea6c6f96-2faf-11ea-8be9-48f17f8d4d88', 'a685d45e-2fb0-11ea-8be9-48f17f8d4d88', 'http://localhost:8200/inventoryio-api/api/upload/uploads/1578227219iio.jpg', '2020-01-05 14:26:59', 'ea6f3106-2faf-11ea-8be9-48f17f8d4d88', '2020-01-05 14:26:59', 'ea6f3106-2faf-11ea-8be9-48f17f8d4d88', 1),
('acb86508-2e47-11ea-8b40-48f17f8d4d88', '94c5b3cf-d170-11e9-b97c-48f17f8d4d88', '6ae6f763-d6f4-11e9-a5a1-c8f7501047dc', 'http://localhost:8200/inventoryio-api/api/upload/uploads/1578069596iio.jpg', '2020-01-03 18:39:56', '81de5b36-d170-11e9-b97c-48f17f8d4d88', '2020-01-03 18:39:56', '81de5b36-d170-11e9-b97c-48f17f8d4d88', 1),
('ae4753d5-5dda-11ea-a211-48f17f8d4d88', '94c5b3cf-d170-11e9-b97c-48f17f8d4d88', '389e2535-5dd7-11ea-a211-48f17f8d4d88', 'http://localhost:8200/inventoryio-api/api/upload/uploads/1583300439iio.jpg', '2020-03-04 07:40:39', '81de5b36-d170-11e9-b97c-48f17f8d4d88', '2020-03-04 07:40:39', '81de5b36-d170-11e9-b97c-48f17f8d4d88', 1),
('af5f5dc2-3a00-11ea-9d4d-48f17f8d4d88', 'f019c8c5-3292-11ea-b970-48f17f8d4d88', 'f01d15d4-3292-11ea-b970-48f17f8d4d88', 'http://localhost:8200/inventoryio-api/api/upload/uploads/1579358509iio.jpg', '2020-01-18 16:41:49', 'f01d15d4-3292-11ea-b970-48f17f8d4d88', '2020-01-18 16:41:49', 'f01d15d4-3292-11ea-b970-48f17f8d4d88', 1),
('b03383ec-2f4c-11ea-99b8-48f17f8d4d88', '94c5b3cf-d170-11e9-b97c-48f17f8d4d88', 'removed-94c5b3cf-d170-11e9-b97c-48f17f8d4d88', 'http://localhost:8200/inventoryio-api/api/upload/uploads/1578181700iio.jpg', '2020-01-05 01:48:20', '81de5b36-d170-11e9-b97c-48f17f8d4d88', '2020-01-05 01:51:10', '81de5b36-d170-11e9-b97c-48f17f8d4d88', 2),
('b13d9fca-628e-11ea-9788-48f17f8d4d88', '94c5b3cf-d170-11e9-b97c-48f17f8d4d88', 'removed-94c5b3cf-d170-11e9-b97c-48f17f8d4d88banner', 'http://localhost:8200/inventoryio-api/api/upload/uploads/1583817558Web 1920  1.png', '2020-03-10 07:19:18', '81de5b36-d170-11e9-b97c-48f17f8d4d88', '2020-03-10 08:42:13', '81de5b36-d170-11e9-b97c-48f17f8d4d88', 2),
('b17d11c8-3291-11ea-b970-48f17f8d4d88', '47de8a17-3290-11ea-b970-48f17f8d4d88', 'removed-47de8a17-3290-11ea-b970-48f17f8d4d88', 'http://localhost:8200/inventoryio-api/api/upload/uploads/1578541191iio.jpg', '2020-01-09 05:39:51', '47e43de7-3290-11ea-b970-48f17f8d4d88', '2020-01-09 05:47:01', '47e43de7-3290-11ea-b970-48f17f8d4d88', 2),
('b4d64131-61cc-11ea-a962-48f17f8d4d88', '94c5b3cf-d170-11e9-b97c-48f17f8d4d88', 'removed-94c5b3cf-d170-11e9-b97c-48f17f8d4d88banner', 'http://localhost:8200/inventoryio-api/api/upload/uploads/1583734242Rectangle 17.svg', '2020-03-09 08:10:42', '81de5b36-d170-11e9-b97c-48f17f8d4d88', '2020-03-09 08:11:11', '81de5b36-d170-11e9-b97c-48f17f8d4d88', 2),
('b753c362-51b8-11ea-b058-48f17f8d4d88', '94c5b3cf-d170-11e9-b97c-48f17f8d4d88', 'removed-5e0e53ff-47da-11ea-b608-48f17f8d4d88', 'http://localhost:8200/inventoryio-api/api/upload/uploads/1581966437iio.jpg', '2020-02-17 21:07:17', '81de5b36-d170-11e9-b97c-48f17f8d4d88', '2020-02-25 08:51:23', '81de5b36-d170-11e9-b97c-48f17f8d4d88', 2),
('b881911a-2fb3-11ea-8be9-48f17f8d4d88', 'ea6c6f96-2faf-11ea-8be9-48f17f8d4d88', 'removed-ea6c6f96-2faf-11ea-8be9-48f17f8d4d88', 'http://localhost:8200/inventoryio-api/api/upload/uploads/1578225952iio.jpg', '2020-01-05 14:05:52', 'ea6f3106-2faf-11ea-8be9-48f17f8d4d88', '2020-01-05 14:34:43', 'ea6f3106-2faf-11ea-8be9-48f17f8d4d88', 2),
('ba50ce9e-61ce-11ea-a962-48f17f8d4d88', '94c5b3cf-d170-11e9-b97c-48f17f8d4d88', 'removed-94c5b3cf-d170-11e9-b97c-48f17f8d4d88banner', 'http://localhost:8200/inventoryio-api/api/upload/uploads/1583735110Group 39.svg', '2020-03-09 08:25:10', '81de5b36-d170-11e9-b97c-48f17f8d4d88', '2020-03-09 08:36:28', '81de5b36-d170-11e9-b97c-48f17f8d4d88', 2),
('bbde5502-6423-11ea-91ed-48f17f8d4d88', '42be6167-2fa9-11ea-8be9-48f17f8d4d88', '42be6167-2fa9-11ea-8be9-48f17f8d4d88banner', 'http://localhost:8200/inventoryio-api/api/upload/uploads/1583991522Web 1920  2.png', '2020-03-12 07:38:42', '42bfaa8a-2fa9-11ea-8be9-48f17f8d4d88', '2020-03-12 07:38:42', '42bfaa8a-2fa9-11ea-8be9-48f17f8d4d88', 1),
('bca1bc62-592a-11ea-ad2e-48f17f8d4d88', '94c5b3cf-d170-11e9-b97c-48f17f8d4d88', 'removed-94c5b3cf-d170-11e9-b97c-48f17f8d4d88', 'http://localhost:8200/inventoryio-api/api/upload/uploads/1582785067iio.jpg', '2020-02-27 08:31:07', '81de5b36-d170-11e9-b97c-48f17f8d4d88', '2020-02-27 08:31:09', '81de5b36-d170-11e9-b97c-48f17f8d4d88', 2),
('bcbb87ac-2f2c-11ea-99b8-48f17f8d4d88', '94c5b3cf-d170-11e9-b97c-48f17f8d4d88', 'removed-94c5b3cf-d170-11e9-b97c-48f17f8d4d88', 'http://localhost:8200/inventoryio-api/api/upload/uploads/1578167977iio.jpg', '2020-01-04 21:59:37', '81de5b36-d170-11e9-b97c-48f17f8d4d88', '2020-01-04 23:55:24', '81de5b36-d170-11e9-b97c-48f17f8d4d88', 2),
('bd75e862-63ba-11ea-81ab-48f17f8d4d88', '94c5b3cf-d170-11e9-b97c-48f17f8d4d88', 'removed-94c5b3cf-d170-11e9-b97c-48f17f8d4d88banner', 'http://localhost:8200/inventoryio-api/api/upload/uploads/15839464282020-02-29-02-02-051829567544.jpg', '2020-03-11 19:07:08', '81de5b36-d170-11e9-b97c-48f17f8d4d88', '2020-03-11 19:12:02', '81de5b36-d170-11e9-b97c-48f17f8d4d88', 2),
('bdcd1a9b-51b9-11ea-b058-48f17f8d4d88', '94c5b3cf-d170-11e9-b97c-48f17f8d4d88', '04c46765-3a30-11ea-952e-48f17f8d4d88', 'http://localhost:8200/inventoryio-api/api/upload/uploads/1581966878iio.jpg', '2020-02-17 21:14:38', '81de5b36-d170-11e9-b97c-48f17f8d4d88', '2020-02-17 21:14:38', '81de5b36-d170-11e9-b97c-48f17f8d4d88', 1),
('be4cb852-2fb7-11ea-8be9-48f17f8d4d88', 'ea6c6f96-2faf-11ea-8be9-48f17f8d4d88', 'removed-ea6c6f96-2faf-11ea-8be9-48f17f8d4d88', 'http://localhost:8200/inventoryio-api/api/upload/uploads/1578227680iio.jpg', '2020-01-05 14:34:40', 'ea6f3106-2faf-11ea-8be9-48f17f8d4d88', '2020-01-05 14:47:33', 'ea6f3106-2faf-11ea-8be9-48f17f8d4d88', 2),
('bfffca9b-6413-11ea-81ab-48f17f8d4d88', '42be6167-2fa9-11ea-8be9-48f17f8d4d88', 'removed-42be6167-2fa9-11ea-8be9-48f17f8d4d88banner', 'http://localhost:8200/inventoryio-api/api/upload/uploads/1583984657Web 1920  2.png', '2020-03-12 05:44:17', '42bfaa8a-2fa9-11ea-8be9-48f17f8d4d88', '2020-03-12 07:36:31', '42bfaa8a-2fa9-11ea-8be9-48f17f8d4d88', 2),
('c0a394c1-5dd6-11ea-a211-48f17f8d4d88', '94c5b3cf-d170-11e9-b97c-48f17f8d4d88', 'c0a2c7e7-5dd6-11ea-a211-48f17f8d4d88', 'http://localhost:8200/inventoryio-api/api/upload/uploads/1583298520iio.jpg', '2020-03-04 07:12:32', '81de5b36-d170-11e9-b97c-48f17f8d4d88', '2020-03-04 07:12:32', '81de5b36-d170-11e9-b97c-48f17f8d4d88', 1);
INSERT INTO `image` (`ImageId`, `CompanyId`, `OtherId`, `Url`, `CreateDate`, `CreateUserId`, `ModifyDate`, `ModifyUserId`, `StatusId`) VALUES
('c0a3d59a-5dd6-11ea-a211-48f17f8d4d88', '94c5b3cf-d170-11e9-b97c-48f17f8d4d88', 'c0a2c7e7-5dd6-11ea-a211-48f17f8d4d88', 'http://localhost:8200/inventoryio-api/api/upload/uploads/1583298520iio.jpg', '2020-03-04 07:12:32', '81de5b36-d170-11e9-b97c-48f17f8d4d88', '2020-03-04 07:12:32', '81de5b36-d170-11e9-b97c-48f17f8d4d88', 1),
('c0a426a1-5dd6-11ea-a211-48f17f8d4d88', '94c5b3cf-d170-11e9-b97c-48f17f8d4d88', 'c0a2c7e7-5dd6-11ea-a211-48f17f8d4d88', 'http://localhost:8200/inventoryio-api/api/upload/uploads/1583298520iio.jpg', '2020-03-04 07:12:32', '81de5b36-d170-11e9-b97c-48f17f8d4d88', '2020-03-04 07:12:32', '81de5b36-d170-11e9-b97c-48f17f8d4d88', 1),
('c14b1139-3a00-11ea-9d4d-48f17f8d4d88', 'f019c8c5-3292-11ea-b970-48f17f8d4d88', 'f01d15d4-3292-11ea-b970-48f17f8d4d88', 'http://localhost:8200/inventoryio-api/api/upload/uploads/1579358539iio.jpg', '2020-01-18 16:42:19', 'f01d15d4-3292-11ea-b970-48f17f8d4d88', '2020-01-18 16:42:19', 'f01d15d4-3292-11ea-b970-48f17f8d4d88', 1),
('c6373792-3a01-11ea-9d4d-48f17f8d4d88', 'f019c8c5-3292-11ea-b970-48f17f8d4d88', 'f01d15d4-3292-11ea-b970-48f17f8d4d88', 'http://localhost:8200/inventoryio-api/api/upload/uploads/1579358977iio.jpg', '2020-01-18 16:49:37', 'f01d15d4-3292-11ea-b970-48f17f8d4d88', '2020-01-18 16:49:37', 'f01d15d4-3292-11ea-b970-48f17f8d4d88', 1),
('c8199d6b-2e47-11ea-8b40-48f17f8d4d88', '94c5b3cf-d170-11e9-b97c-48f17f8d4d88', '5264b66d-d6f0-11e9-a5a1-c8f7501047dc', 'http://localhost:8200/inventoryio-api/api/upload/uploads/1578069642iio.jpg', '2020-01-03 18:40:42', '81de5b36-d170-11e9-b97c-48f17f8d4d88', '2020-01-03 18:40:42', '81de5b36-d170-11e9-b97c-48f17f8d4d88', 1),
('c8ce17ee-3a01-11ea-9d4d-48f17f8d4d88', 'f019c8c5-3292-11ea-b970-48f17f8d4d88', 'f01d15d4-3292-11ea-b970-48f17f8d4d88', 'http://localhost:8200/inventoryio-api/api/upload/uploads/1579358981iio.jpg', '2020-01-18 16:49:41', 'f01d15d4-3292-11ea-b970-48f17f8d4d88', '2020-01-18 16:49:41', 'f01d15d4-3292-11ea-b970-48f17f8d4d88', 1),
('c967a8c8-3aef-11ea-be63-48f17f8d4d88', '94c5b3cf-d170-11e9-b97c-48f17f8d4d88', '81de5b36-d170-11e9-b97c-48f17f8d4d88', 'http://localhost:8200/inventoryio-api/api/upload/uploads/1579461213iio.jpg', '2020-01-19 21:13:33', '81de5b36-d170-11e9-b97c-48f17f8d4d88', '2020-01-19 21:13:33', '81de5b36-d170-11e9-b97c-48f17f8d4d88', 1),
('c97d7806-61cc-11ea-a962-48f17f8d4d88', '94c5b3cf-d170-11e9-b97c-48f17f8d4d88', 'removed-94c5b3cf-d170-11e9-b97c-48f17f8d4d88banner', 'http://localhost:8200/inventoryio-api/api/upload/uploads/1583734276Group 39.svg', '2020-03-09 08:11:16', '81de5b36-d170-11e9-b97c-48f17f8d4d88', '2020-03-09 08:13:15', '81de5b36-d170-11e9-b97c-48f17f8d4d88', 2),
('ca4cc1c0-3a01-11ea-9d4d-48f17f8d4d88', 'f019c8c5-3292-11ea-b970-48f17f8d4d88', 'f01d15d4-3292-11ea-b970-48f17f8d4d88', 'http://localhost:8200/inventoryio-api/api/upload/uploads/1579358984iio.jpg', '2020-01-18 16:49:44', 'f01d15d4-3292-11ea-b970-48f17f8d4d88', '2020-01-18 16:49:44', 'f01d15d4-3292-11ea-b970-48f17f8d4d88', 1),
('cc665a57-6244-11ea-8b84-48f17f8d4d88', '94c5b3cf-d170-11e9-b97c-48f17f8d4d88', 'removed-94c5b3cf-d170-11e9-b97c-48f17f8d4d88banner', 'http://localhost:8200/inventoryio-api/api/upload/uploads/1583785821bspot1.jpg', '2020-03-09 22:30:21', '81de5b36-d170-11e9-b97c-48f17f8d4d88', '2020-03-09 22:32:22', '81de5b36-d170-11e9-b97c-48f17f8d4d88', 2),
('ce931b47-3aef-11ea-be63-48f17f8d4d88', '94c5b3cf-d170-11e9-b97c-48f17f8d4d88', '81de5b36-d170-11e9-b97c-48f17f8d4d88', 'http://localhost:8200/inventoryio-api/api/upload/uploads/1579461222iio.jpg', '2020-01-19 21:13:42', '81de5b36-d170-11e9-b97c-48f17f8d4d88', '2020-01-19 21:13:42', '81de5b36-d170-11e9-b97c-48f17f8d4d88', 1),
('cfe96b84-63d2-11ea-81ab-48f17f8d4d88', '42be6167-2fa9-11ea-8be9-48f17f8d4d88', 'removed-42be6167-2fa9-11ea-8be9-48f17f8d4d88banner', 'http://localhost:8200/inventoryio-api/api/upload/uploads/1583956767Web 1920  2.png', '2020-03-11 21:59:27', '42bfaa8a-2fa9-11ea-8be9-48f17f8d4d88', '2020-03-11 22:00:59', '42bfaa8a-2fa9-11ea-8be9-48f17f8d4d88', 2),
('d1dc23c6-5463-11ea-9c77-48f17f8d4d88', '0daff1dd-47dc-11ea-b608-48f17f8d4d88', 'c422d5b0-5463-11ea-9c77-48f17f8d4d88', 'http://localhost:8200/inventoryio-api/api/upload/uploads/1582259828iio.jpg', '2020-02-21 06:37:08', '0db225b5-47dc-11ea-b608-48f17f8d4d88', '2020-02-21 06:37:08', '0db225b5-47dc-11ea-b608-48f17f8d4d88', 1),
('d3410c92-51cc-11ea-b058-48f17f8d4d88', '94c5b3cf-d170-11e9-b97c-48f17f8d4d88', 'removed-a9c62997-317a-11ea-a404-48f17f8d4d88', 'http://localhost:8200/inventoryio-api/api/upload/uploads/1581975074iio.jpg', '2020-02-17 23:31:14', '81de5b36-d170-11e9-b97c-48f17f8d4d88', '2020-02-17 23:32:08', '81de5b36-d170-11e9-b97c-48f17f8d4d88', 2),
('d57e04e1-5963-11ea-85bf-48f17f8d4d88', '94c5b3cf-d170-11e9-b97c-48f17f8d4d88', 'removed-94c5b3cf-d170-11e9-b97c-48f17f8d4d88banner', 'http://localhost:8200/inventoryio-api/api/upload/uploads/1582809590iio.jpg', '2020-02-27 15:19:50', '81de5b36-d170-11e9-b97c-48f17f8d4d88', '2020-02-27 15:27:15', '81de5b36-d170-11e9-b97c-48f17f8d4d88', 2),
('d6d286e1-5463-11ea-9c77-48f17f8d4d88', '0daff1dd-47dc-11ea-b608-48f17f8d4d88', 'c4237246-5463-11ea-9c77-48f17f8d4d88', 'http://localhost:8200/inventoryio-api/api/upload/uploads/1582259836iio.jpg', '2020-02-21 06:37:16', '0db225b5-47dc-11ea-b608-48f17f8d4d88', '2020-02-21 06:37:16', '0db225b5-47dc-11ea-b608-48f17f8d4d88', 1),
('d72812ba-60aa-11ea-a2e3-48f17f8d4d88', '94c5b3cf-d170-11e9-b97c-48f17f8d4d88', '51915956-5ddc-11ea-a211-48f17f8d4d88', 'http://localhost:8200/inventoryio-api/api/upload/uploads/1583609745iio.jpg', '2020-03-07 21:35:45', '81de5b36-d170-11e9-b97c-48f17f8d4d88', '2020-03-07 21:35:45', '81de5b36-d170-11e9-b97c-48f17f8d4d88', 1),
('d76a9ec5-3aea-11ea-be63-48f17f8d4d88', '94c5b3cf-d170-11e9-b97c-48f17f8d4d88', '81de5b36-d170-11e9-b97c-48f17f8d4d88', 'http://localhost:8200/inventoryio-api/api/upload/uploads/1579459089iio.jpg', '2020-01-19 20:38:09', '81de5b36-d170-11e9-b97c-48f17f8d4d88', '2020-01-19 20:38:09', '81de5b36-d170-11e9-b97c-48f17f8d4d88', 1),
('d7d48154-51cc-11ea-b058-48f17f8d4d88', '94c5b3cf-d170-11e9-b97c-48f17f8d4d88', 'removed-a9c62997-317a-11ea-a404-48f17f8d4d88', 'http://localhost:8200/inventoryio-api/api/upload/uploads/1581975082iio.jpg', '2020-02-17 23:31:22', '81de5b36-d170-11e9-b97c-48f17f8d4d88', '2020-02-17 23:32:10', '81de5b36-d170-11e9-b97c-48f17f8d4d88', 2),
('d858dc3d-2f1c-11ea-99b8-48f17f8d4d88', '94c5b3cf-d170-11e9-b97c-48f17f8d4d88', '81de5b36-d170-11e9-b97c-48f17f8d4d88', 'http://localhost:8200/inventoryio-api/api/upload/uploads/1578161152iio.jpg', '2020-01-04 20:05:52', '81de5b36-d170-11e9-b97c-48f17f8d4d88', '2020-01-04 20:05:52', '81de5b36-d170-11e9-b97c-48f17f8d4d88', 1),
('d9b9b67c-63cf-11ea-81ab-48f17f8d4d88', '42be6167-2fa9-11ea-8be9-48f17f8d4d88', 'removed-42be6167-2fa9-11ea-8be9-48f17f8d4d88banner', 'http://localhost:8200/inventoryio-api/api/upload/uploads/1583955495zal.jpg', '2020-03-11 21:38:15', '42bfaa8a-2fa9-11ea-8be9-48f17f8d4d88', '2020-03-11 21:39:35', '42bfaa8a-2fa9-11ea-8be9-48f17f8d4d88', 2),
('dc3597e1-5463-11ea-9c77-48f17f8d4d88', '0daff1dd-47dc-11ea-b608-48f17f8d4d88', 'c423f7aa-5463-11ea-9c77-48f17f8d4d88', 'http://localhost:8200/inventoryio-api/api/upload/uploads/1582259845iio.jpg', '2020-02-21 06:37:26', '0db225b5-47dc-11ea-b608-48f17f8d4d88', '2020-02-21 06:37:26', '0db225b5-47dc-11ea-b608-48f17f8d4d88', 1),
('dcc50249-3a00-11ea-9d4d-48f17f8d4d88', 'f019c8c5-3292-11ea-b970-48f17f8d4d88', 'f01d15d4-3292-11ea-b970-48f17f8d4d88', 'http://localhost:8200/inventoryio-api/api/upload/uploads/1579358585iio.jpg', '2020-01-18 16:43:05', 'f01d15d4-3292-11ea-b970-48f17f8d4d88', '2020-01-18 16:43:05', 'f01d15d4-3292-11ea-b970-48f17f8d4d88', 1),
('dcf40576-5964-11ea-85bf-48f17f8d4d88', '94c5b3cf-d170-11e9-b97c-48f17f8d4d88', 'removed-94c5b3cf-d170-11e9-b97c-48f17f8d4d88banner', 'http://localhost:8200/inventoryio-api/api/upload/uploads/1582810032iio.jpg', '2020-02-27 15:27:12', '81de5b36-d170-11e9-b97c-48f17f8d4d88', '2020-02-27 15:27:28', '81de5b36-d170-11e9-b97c-48f17f8d4d88', 2),
('dd5eaa56-3c3c-11ea-9fda-48f17f8d4d88', '94c5b3cf-d170-11e9-b97c-48f17f8d4d88', 'removed-dd5d9f0c-3c3c-11ea-9fda-48f17f8d4d88', 'http://localhost:8200/inventoryio-api/api/upload/uploads/1579604255iio.jpg', '2020-01-21 12:57:49', '81de5b36-d170-11e9-b97c-48f17f8d4d88', '2020-02-17 21:05:08', '81de5b36-d170-11e9-b97c-48f17f8d4d88', 2),
('ddb05848-51b9-11ea-b058-48f17f8d4d88', '94c5b3cf-d170-11e9-b97c-48f17f8d4d88', '2bd1de61-3698-11ea-bd88-48f17f8d4d88', 'http://localhost:8200/inventoryio-api/api/upload/uploads/1581966931iio.jpg', '2020-02-17 21:15:31', '81de5b36-d170-11e9-b97c-48f17f8d4d88', '2020-02-17 21:15:31', '81de5b36-d170-11e9-b97c-48f17f8d4d88', 1),
('ddfc36f4-2e46-11ea-8b40-48f17f8d4d88', '94c5b3cf-d170-11e9-b97c-48f17f8d4d88', '0c1f21ca-dc76-11e9-84fb-c8f7501047dc', 'http://localhost:8200/inventoryio-api/api/upload/uploads/1578069249iio.jpg', '2020-01-03 18:34:09', '81de5b36-d170-11e9-b97c-48f17f8d4d88', '2020-01-03 18:34:09', '81de5b36-d170-11e9-b97c-48f17f8d4d88', 1),
('df6f473d-5463-11ea-9c77-48f17f8d4d88', '0daff1dd-47dc-11ea-b608-48f17f8d4d88', 'c4245eb2-5463-11ea-9c77-48f17f8d4d88', 'http://localhost:8200/inventoryio-api/api/upload/uploads/1582259851iio.jpg', '2020-02-21 06:37:31', '0db225b5-47dc-11ea-b608-48f17f8d4d88', '2020-02-21 06:37:31', '0db225b5-47dc-11ea-b608-48f17f8d4d88', 1),
('e140f2e0-3aea-11ea-be63-48f17f8d4d88', '94c5b3cf-d170-11e9-b97c-48f17f8d4d88', '81de5b36-d170-11e9-b97c-48f17f8d4d88', 'http://localhost:8200/inventoryio-api/api/upload/uploads/1579459106iio.jpg', '2020-01-19 20:38:26', '81de5b36-d170-11e9-b97c-48f17f8d4d88', '2020-01-19 20:38:26', '81de5b36-d170-11e9-b97c-48f17f8d4d88', 1),
('e4088461-35c4-11ea-80cf-48f17f8d4d88', 'f019c8c5-3292-11ea-b970-48f17f8d4d88', 'f01d15d4-3292-11ea-b970-48f17f8d4d88', 'http://localhost:8200/inventoryio-api/api/upload/uploads/1578893034iio.jpg', '2020-01-13 07:23:54', 'f01d15d4-3292-11ea-b970-48f17f8d4d88', '2020-01-13 07:23:54', 'f01d15d4-3292-11ea-b970-48f17f8d4d88', 1),
('e54f1ce1-2fba-11ea-8be9-48f17f8d4d88', 'ea6c6f96-2faf-11ea-8be9-48f17f8d4d88', 'ea6c6f96-2faf-11ea-8be9-48f17f8d4d88', 'http://localhost:8200/inventoryio-api/api/upload/uploads/1578229034iio.jpg', '2020-01-05 14:57:14', 'ea6f3106-2faf-11ea-8be9-48f17f8d4d88', '2020-01-05 14:57:14', 'ea6f3106-2faf-11ea-8be9-48f17f8d4d88', 1),
('e649ffe2-51cc-11ea-b058-48f17f8d4d88', '94c5b3cf-d170-11e9-b97c-48f17f8d4d88', 'removed-a9c62997-317a-11ea-a404-48f17f8d4d88', 'http://localhost:8200/inventoryio-api/api/upload/uploads/1581975106iio.jpg', '2020-02-17 23:31:46', '81de5b36-d170-11e9-b97c-48f17f8d4d88', '2020-02-17 23:32:12', '81de5b36-d170-11e9-b97c-48f17f8d4d88', 2),
('eba09069-2f3d-11ea-99b8-48f17f8d4d88', '94c5b3cf-d170-11e9-b97c-48f17f8d4d88', 'removed-94c5b3cf-d170-11e9-b97c-48f17f8d4d88', 'http://localhost:8200/inventoryio-api/api/upload/uploads/1578175358iio.jpg', '2020-01-05 00:02:38', '81de5b36-d170-11e9-b97c-48f17f8d4d88', '2020-01-05 00:06:27', '81de5b36-d170-11e9-b97c-48f17f8d4d88', 2),
('ebed7681-51b9-11ea-b058-48f17f8d4d88', '94c5b3cf-d170-11e9-b97c-48f17f8d4d88', 'b099a62b-3697-11ea-bd88-48f17f8d4d88', 'http://localhost:8200/inventoryio-api/api/upload/uploads/1581966955iio.jpg', '2020-02-17 21:15:55', '81de5b36-d170-11e9-b97c-48f17f8d4d88', '2020-02-17 21:15:55', '81de5b36-d170-11e9-b97c-48f17f8d4d88', 1),
('ec3163ad-2f25-11ea-99b8-48f17f8d4d88', '94c5b3cf-d170-11e9-b97c-48f17f8d4d88', 'removed-94c5b3cf-d170-11e9-b97c-48f17f8d4d88', 'http://localhost:8200/inventoryio-api/api/upload/uploads/1578165051iio.jpg', '2020-01-04 21:10:51', '48afb5fb-2f20-11ea-99b8-48f17f8d4d88', '2020-01-04 21:15:28', '48afb5fb-2f20-11ea-99b8-48f17f8d4d88', 2),
('ec4086b0-60aa-11ea-a2e3-48f17f8d4d88', '94c5b3cf-d170-11e9-b97c-48f17f8d4d88', '51915956-5ddc-11ea-a211-48f17f8d4d88', 'http://localhost:8200/inventoryio-api/api/upload/uploads/1583609781iio.jpg', '2020-03-07 21:36:21', '81de5b36-d170-11e9-b97c-48f17f8d4d88', '2020-03-07 21:36:21', '81de5b36-d170-11e9-b97c-48f17f8d4d88', 1),
('ee081775-60aa-11ea-a2e3-48f17f8d4d88', '94c5b3cf-d170-11e9-b97c-48f17f8d4d88', '51915956-5ddc-11ea-a211-48f17f8d4d88', 'http://localhost:8200/inventoryio-api/api/upload/uploads/1583609784iio.jpg', '2020-03-07 21:36:24', '81de5b36-d170-11e9-b97c-48f17f8d4d88', '2020-03-07 21:36:24', '81de5b36-d170-11e9-b97c-48f17f8d4d88', 1),
('ef7388c9-51cc-11ea-b058-48f17f8d4d88', '94c5b3cf-d170-11e9-b97c-48f17f8d4d88', 'removed-a9c62997-317a-11ea-a404-48f17f8d4d88', 'http://localhost:8200/inventoryio-api/api/upload/uploads/1581975122iio.jpg', '2020-02-17 23:32:02', '81de5b36-d170-11e9-b97c-48f17f8d4d88', '2020-02-17 23:32:14', '81de5b36-d170-11e9-b97c-48f17f8d4d88', 2),
('f199ebfc-2f3c-11ea-99b8-48f17f8d4d88', '94c5b3cf-d170-11e9-b97c-48f17f8d4d88', 'removed-94c5b3cf-d170-11e9-b97c-48f17f8d4d88', 'http://localhost:8200/inventoryio-api/api/upload/uploads/1578174938iio.jpg', '2020-01-04 23:55:38', '81de5b36-d170-11e9-b97c-48f17f8d4d88', '2020-01-04 23:56:23', '81de5b36-d170-11e9-b97c-48f17f8d4d88', 2),
('f56cd1f3-3aea-11ea-be63-48f17f8d4d88', '94c5b3cf-d170-11e9-b97c-48f17f8d4d88', '81de5b36-d170-11e9-b97c-48f17f8d4d88', 'http://localhost:8200/inventoryio-api/api/upload/uploads/1579459140iio.jpg', '2020-01-19 20:39:00', '81de5b36-d170-11e9-b97c-48f17f8d4d88', '2020-01-19 20:39:00', '81de5b36-d170-11e9-b97c-48f17f8d4d88', 1),
('f58074d4-5964-11ea-85bf-48f17f8d4d88', '94c5b3cf-d170-11e9-b97c-48f17f8d4d88', 'removed-94c5b3cf-d170-11e9-b97c-48f17f8d4d88banner', 'http://localhost:8200/inventoryio-api/api/upload/uploads/1582810074iio.jpg', '2020-02-27 15:27:54', '81de5b36-d170-11e9-b97c-48f17f8d4d88', '2020-02-27 15:29:20', '81de5b36-d170-11e9-b97c-48f17f8d4d88', 2),
('f6d65d76-2f3e-11ea-99b8-48f17f8d4d88', '94c5b3cf-d170-11e9-b97c-48f17f8d4d88', 'removed-94c5b3cf-d170-11e9-b97c-48f17f8d4d88', 'http://localhost:8200/inventoryio-api/api/upload/uploads/1578175806iio.jpg', '2020-01-05 00:10:06', '81de5b36-d170-11e9-b97c-48f17f8d4d88', '2020-01-05 00:10:38', '81de5b36-d170-11e9-b97c-48f17f8d4d88', 2),
('fd4d16b4-3e0c-11ea-820f-48f17f8d4d88', '94c5b3cf-d170-11e9-b97c-48f17f8d4d88', '81de5b36-d170-11e9-b97c-48f17f8d4d88', 'http://localhost:8200/inventoryio-api/api/upload/uploads/1579803609iio.jpg', '2020-01-23 20:20:09', '81de5b36-d170-11e9-b97c-48f17f8d4d88', '2020-01-23 20:20:09', '81de5b36-d170-11e9-b97c-48f17f8d4d88', 1),
('ff133b5d-2fb5-11ea-8be9-48f17f8d4d88', 'ea6c6f96-2faf-11ea-8be9-48f17f8d4d88', 'removed-cc39e692-2fb0-11ea-8be9-48f17f8d4d88', 'http://localhost:8200/inventoryio-api/api/upload/uploads/1578226930iio.jpg', '2020-01-05 14:22:10', 'ea6f3106-2faf-11ea-8be9-48f17f8d4d88', '2020-01-05 14:25:23', 'ea6f3106-2faf-11ea-8be9-48f17f8d4d88', 2),
('ffc5b322-60ab-11ea-a2e3-48f17f8d4d88', '94c5b3cf-d170-11e9-b97c-48f17f8d4d88', '22f70d71-5dd7-11ea-a211-48f17f8d4d88', 'http://localhost:8200/inventoryio-api/api/upload/uploads/1583610243iio.jpg', '2020-03-07 21:44:03', '81de5b36-d170-11e9-b97c-48f17f8d4d88', '2020-03-07 21:44:03', '81de5b36-d170-11e9-b97c-48f17f8d4d88', 1);

-- --------------------------------------------------------

--
-- Table structure for table `orders`
--

CREATE TABLE `orders` (
  `OrdersId` varchar(225) NOT NULL,
  `OrderId` int(10) NOT NULL,
  `CompanyId` varchar(225) NOT NULL,
  `ParntersId` varchar(225) DEFAULT NULL,
  `OrderType` varchar(100) NOT NULL,
  `Total` varchar(10) NOT NULL,
  `Paid` varchar(10) DEFAULT '0.00',
  `Due` varchar(10) DEFAULT NULL,
  `ExpectedDate` text DEFAULT NULL,
  `CreateDate` datetime NOT NULL DEFAULT current_timestamp(),
  `CreateUserId` varchar(225) NOT NULL,
  `ModifyDate` datetime NOT NULL DEFAULT current_timestamp(),
  `ModifyUserId` varchar(225) NOT NULL,
  `Status` varchar(50) DEFAULT NULL,
  `StatusId` int(11) NOT NULL
) ENGINE=InnoDB DEFAULT CHARSET=latin1;

--
-- Dumping data for table `orders`
--

INSERT INTO `orders` (`OrdersId`, `OrderId`, `CompanyId`, `ParntersId`, `OrderType`, `Total`, `Paid`, `Due`, `ExpectedDate`, `CreateDate`, `CreateUserId`, `ModifyDate`, `ModifyUserId`, `Status`, `StatusId`) VALUES
('b4ac382c-158e-11ea-bfd0-48f17f8d4d88', 1, '94c5b3cf-d170-11e9-b97c-48f17f8d4d88', '112da94a-0d3a-11ea-be49-48f17f8d4d88', 'Sell', '900074.00', '900074.00', '0.00', NULL, '2019-12-03 07:35:24', '81de5b36-d170-11e9-b97c-48f17f8d4d88', '2020-01-22 21:14:27', '81de5b36-d170-11e9-b97c-48f17f8d4d88', 'Fully paid', 1),
('ae815037-18e8-11ea-8276-48f17f8d4d88', 2, '94c5b3cf-d170-11e9-b97c-48f17f8d4d88', '', 'Sell', '1486.00', '1486.00', '0.00', NULL, '2019-12-07 13:57:02', '81de5b36-d170-11e9-b97c-48f17f8d4d88', '2019-12-07 13:57:40', '81de5b36-d170-11e9-b97c-48f17f8d4d88', 'new', 1),
('99d96fd3-18e9-11ea-8276-48f17f8d4d88', 3, '94c5b3cf-d170-11e9-b97c-48f17f8d4d88', '', 'Sell', '224.00', '0.00', '224.00', NULL, '2019-12-07 14:03:37', '81de5b36-d170-11e9-b97c-48f17f8d4d88', '2019-12-07 14:03:37', '81de5b36-d170-11e9-b97c-48f17f8d4d88', 'new', 1),
('186d2646-18ea-11ea-8276-48f17f8d4d88', 4, '94c5b3cf-d170-11e9-b97c-48f17f8d4d88', '', 'Sell', '794.00', '794.00', '0.00', NULL, '2019-12-07 14:07:09', '81de5b36-d170-11e9-b97c-48f17f8d4d88', '2019-12-10 21:13:37', '81de5b36-d170-11e9-b97c-48f17f8d4d88', 'new', 1),
('1e52cb20-1b81-11ea-a59b-48f17f8d4d88', 5, '94c5b3cf-d170-11e9-b97c-48f17f8d4d88', '8b4ec4bd-18e8-11ea-8276-48f17f8d4d88', 'Sell', '294.00', '0.00', '294.00', NULL, '2019-12-10 21:13:16', '81de5b36-d170-11e9-b97c-48f17f8d4d88', '2019-12-10 21:13:16', '81de5b36-d170-11e9-b97c-48f17f8d4d88', 'new', 1),
('3b06b072-1be2-11ea-8867-48f17f8d4d88', 6, '23b82588-e370-11e9-bc5d-0050569fd205', '', 'Sell', '315.00', '0.00', '315.00', NULL, '2019-12-11 08:48:25', '704bf544-e517-11e9-bc5d-0050569fd205', '2019-12-11 08:48:25', '704bf544-e517-11e9-bc5d-0050569fd205', 'new', 1),
('532a85f0-1be2-11ea-8867-48f17f8d4d88', 7, '23b82588-e370-11e9-bc5d-0050569fd205', '4f1c38ad-1be2-11ea-8867-48f17f8d4d88', 'Sell', '395.00', '0.00', '395.00', NULL, '2019-12-11 08:49:05', '704bf544-e517-11e9-bc5d-0050569fd205', '2019-12-11 08:49:05', '704bf544-e517-11e9-bc5d-0050569fd205', 'new', 1),
('efeb5ac3-1be4-11ea-8867-48f17f8d4d88', 8, '23b82588-e370-11e9-bc5d-0050569fd205', 'e8de2617-1be4-11ea-8867-48f17f8d4d88', 'Sell', '350.00', '350.00', '0.00', NULL, '2019-12-11 09:07:47', '704bf544-e517-11e9-bc5d-0050569fd205', '2019-12-11 09:08:47', '704bf544-e517-11e9-bc5d-0050569fd205', 'new', 1),
('0c4c3f54-22f8-11ea-bb26-48f17f8d4d88', 9, '94c5b3cf-d170-11e9-b97c-48f17f8d4d88', '', 'Sell', '112.00', '0.00', '112.00', NULL, '2019-12-20 09:12:14', '81de5b36-d170-11e9-b97c-48f17f8d4d88', '2019-12-20 09:12:14', '81de5b36-d170-11e9-b97c-48f17f8d4d88', 'new', 1),
('d0e20298-2ba4-11ea-84fd-48f17f8d4d88', 10, '94c5b3cf-d170-11e9-b97c-48f17f8d4d88', '8b4ec4bd-18e8-11ea-8276-48f17f8d4d88', 'Sell', '451149.00', '0.00', '451149.00', '2020-01-15 10:09:06', '2019-12-31 10:09:06', '81de5b36-d170-11e9-b97c-48f17f8d4d88', '2019-12-31 10:09:06', '81de5b36-d170-11e9-b97c-48f17f8d4d88', 'new', 1),
('048e9f3c-2e48-11ea-8b40-48f17f8d4d88', 11, '94c5b3cf-d170-11e9-b97c-48f17f8d4d88', '', 'Sell', '454.00', '300.00', '154.00', NULL, '2020-01-03 18:42:23', '81de5b36-d170-11e9-b97c-48f17f8d4d88', '2020-01-22 22:15:20', '81de5b36-d170-11e9-b97c-48f17f8d4d88', 'Partially paid', 1),
('58135745-2e48-11ea-8b40-48f17f8d4d88', 12, '94c5b3cf-d170-11e9-b97c-48f17f8d4d88', '112da94a-0d3a-11ea-be49-48f17f8d4d88', 'Sell', '1002.00', '1000.00', '2.00', NULL, '2020-01-03 18:44:43', '81de5b36-d170-11e9-b97c-48f17f8d4d88', '2020-01-14 08:30:26', '81de5b36-d170-11e9-b97c-48f17f8d4d88', 'new', 1),
('fe457b66-2f3d-11ea-99b8-48f17f8d4d88', 13, '94c5b3cf-d170-11e9-b97c-48f17f8d4d88', '', 'Sell', '57.00', '0.00', '57.00', NULL, '2020-01-05 00:03:09', '81de5b36-d170-11e9-b97c-48f17f8d4d88', '2020-01-05 00:03:09', '81de5b36-d170-11e9-b97c-48f17f8d4d88', 'new', 1),
('8b9123a3-2faa-11ea-8be9-48f17f8d4d88', 14, '42be6167-2fa9-11ea-8be9-48f17f8d4d88', '86d53a83-2faa-11ea-8be9-48f17f8d4d88', 'Sell', '1200.00', '0.00', '1200.00', NULL, '2020-01-05 13:00:12', '42bfaa8a-2fa9-11ea-8be9-48f17f8d4d88', '2020-01-05 13:00:12', '42bfaa8a-2fa9-11ea-8be9-48f17f8d4d88', 'new', 1),
('e5ba4945-2fb0-11ea-8be9-48f17f8d4d88', 15, 'ea6c6f96-2faf-11ea-8be9-48f17f8d4d88', 'dc2beb6f-2fb0-11ea-8be9-48f17f8d4d88', 'Sell', '500.00', '0.00', '500.00', NULL, '2020-01-05 13:45:40', 'ea6f3106-2faf-11ea-8be9-48f17f8d4d88', '2020-01-05 13:45:40', 'ea6f3106-2faf-11ea-8be9-48f17f8d4d88', 'new', 1),
('28a787bb-2fb3-11ea-8be9-48f17f8d4d88', 16, 'ea6c6f96-2faf-11ea-8be9-48f17f8d4d88', 'dc2beb6f-2fb0-11ea-8be9-48f17f8d4d88', 'Sell', '500.00', '0.00', '500.00', NULL, '2020-01-05 14:01:51', 'ea6f3106-2faf-11ea-8be9-48f17f8d4d88', '2020-01-05 14:01:51', 'ea6f3106-2faf-11ea-8be9-48f17f8d4d88', 'new', 1),
('ab81f19e-2fb3-11ea-8be9-48f17f8d4d88', 17, 'ea6c6f96-2faf-11ea-8be9-48f17f8d4d88', 'dc2beb6f-2fb0-11ea-8be9-48f17f8d4d88', 'Sell', '500.00', '0.00', '500.00', NULL, '2020-01-05 14:05:31', 'ea6f3106-2faf-11ea-8be9-48f17f8d4d88', '2020-01-05 14:05:31', 'ea6f3106-2faf-11ea-8be9-48f17f8d4d88', 'new', 1),
('f0152ccc-2fb3-11ea-8be9-48f17f8d4d88', 18, 'ea6c6f96-2faf-11ea-8be9-48f17f8d4d88', 'dc2beb6f-2fb0-11ea-8be9-48f17f8d4d88', 'Sell', '6000.00', '0.00', '6000.00', NULL, '2020-01-05 14:07:26', 'ea6f3106-2faf-11ea-8be9-48f17f8d4d88', '2020-01-05 14:07:26', 'ea6f3106-2faf-11ea-8be9-48f17f8d4d88', 'new', 1),
('18c27d73-2fb7-11ea-8be9-48f17f8d4d88', 19, 'ea6c6f96-2faf-11ea-8be9-48f17f8d4d88', 'dc2beb6f-2fb0-11ea-8be9-48f17f8d4d88', 'Sell', '1000.00', '0.00', '1000.00', NULL, '2020-01-05 14:30:02', 'ea6f3106-2faf-11ea-8be9-48f17f8d4d88', '2020-01-05 14:30:02', 'ea6f3106-2faf-11ea-8be9-48f17f8d4d88', 'new', 1),
('01913760-2fea-11ea-8be9-48f17f8d4d88', 20, 'ea6c6f96-2faf-11ea-8be9-48f17f8d4d88', 'dc2beb6f-2fb0-11ea-8be9-48f17f8d4d88', 'Sell', '31000.00', '0.00', '31000.00', NULL, '2020-01-05 20:34:28', 'ea6f3106-2faf-11ea-8be9-48f17f8d4d88', '2020-01-05 20:34:28', 'ea6f3106-2faf-11ea-8be9-48f17f8d4d88', 'new', 1),
('942d874e-31de-11ea-9819-48f17f8d4d88', 21, '84e1b6d9-30b8-11ea-8b45-48f17f8d4d88', '', 'Sell', '132.00', '0.00', '132.00', NULL, '2020-01-08 08:17:42', '84e2fbdb-30b8-11ea-8b45-48f17f8d4d88', '2020-01-08 08:17:42', '84e2fbdb-30b8-11ea-8b45-48f17f8d4d88', 'new', 1),
('a3f66e4b-31de-11ea-9819-48f17f8d4d88', 22, '84e1b6d9-30b8-11ea-8b45-48f17f8d4d88', '9f243761-31de-11ea-9819-48f17f8d4d88', 'Sell', '175.00', '0.00', '175.00', NULL, '2020-01-08 08:18:09', '84e2fbdb-30b8-11ea-8b45-48f17f8d4d88', '2020-01-08 08:18:09', '84e2fbdb-30b8-11ea-8b45-48f17f8d4d88', 'new', 1),
('3ca1390f-3291-11ea-b970-48f17f8d4d88', 23, '47de8a17-3290-11ea-b970-48f17f8d4d88', '2fa61660-3291-11ea-b970-48f17f8d4d88', 'Sell', '1250.00', '500.00', '750.00', NULL, '2020-01-09 05:36:35', '47e43de7-3290-11ea-b970-48f17f8d4d88', '2020-01-09 05:37:09', '47e43de7-3290-11ea-b970-48f17f8d4d88', 'new', 1),
('465fe6aa-3291-11ea-b970-48f17f8d4d88', 24, '47de8a17-3290-11ea-b970-48f17f8d4d88', '', 'Sell', '450.00', '0.00', '450.00', NULL, '2020-01-09 05:36:52', '47e43de7-3290-11ea-b970-48f17f8d4d88', '2020-01-09 05:36:52', '47e43de7-3290-11ea-b970-48f17f8d4d88', 'new', 1),
('5183f074-3293-11ea-b970-48f17f8d4d88', 25, 'f019c8c5-3292-11ea-b970-48f17f8d4d88', '477fa1b2-3293-11ea-b970-48f17f8d4d88', 'Sell', '650.00', '250.00', '400.00', NULL, '2020-01-09 05:51:29', 'f01d15d4-3292-11ea-b970-48f17f8d4d88', '2020-01-09 05:51:43', 'f01d15d4-3292-11ea-b970-48f17f8d4d88', 'new', 1),
('c00c0b7a-3697-11ea-bd88-48f17f8d4d88', 26, '94c5b3cf-d170-11e9-b97c-48f17f8d4d88', '112da94a-0d3a-11ea-be49-48f17f8d4d88', 'Sell', '11.00', '0.00', '11.00', NULL, '2020-01-14 08:33:17', '81de5b36-d170-11e9-b97c-48f17f8d4d88', '2020-01-14 08:33:17', '81de5b36-d170-11e9-b97c-48f17f8d4d88', 'new', 1),
('3bfae9d1-3698-11ea-bd88-48f17f8d4d88', 27, '94c5b3cf-d170-11e9-b97c-48f17f8d4d88', '112da94a-0d3a-11ea-be49-48f17f8d4d88', 'Sell', '13.00', '0.00', '13.00', NULL, '2020-01-14 08:36:45', '81de5b36-d170-11e9-b97c-48f17f8d4d88', '2020-01-14 08:36:45', '81de5b36-d170-11e9-b97c-48f17f8d4d88', 'new', 1),
('19bd7e57-3699-11ea-bd88-48f17f8d4d88', 28, '94c5b3cf-d170-11e9-b97c-48f17f8d4d88', '112da94a-0d3a-11ea-be49-48f17f8d4d88', 'Sell', '21', '0', '21', NULL, '2020-01-14 08:42:57', '81de5b36-d170-11e9-b97c-48f17f8d4d88', '2020-01-14 08:42:57', '81de5b36-d170-11e9-b97c-48f17f8d4d88', 'new', 1),
('387d1c08-3699-11ea-bd88-48f17f8d4d88', 29, '94c5b3cf-d170-11e9-b97c-48f17f8d4d88', '8b4ec4bd-18e8-11ea-8276-48f17f8d4d88', 'Sell', '10.5', '0', '10.5', NULL, '2020-01-14 08:43:48', '81de5b36-d170-11e9-b97c-48f17f8d4d88', '2020-01-14 08:43:48', '81de5b36-d170-11e9-b97c-48f17f8d4d88', 'new', 1),
('dafecb04-3699-11ea-bd88-48f17f8d4d88', 30, '94c5b3cf-d170-11e9-b97c-48f17f8d4d88', '8b4ec4bd-18e8-11ea-8276-48f17f8d4d88', 'Sell', '10.50', '0', '10.5', NULL, '2020-01-14 08:48:21', '81de5b36-d170-11e9-b97c-48f17f8d4d88', '2020-01-14 08:48:21', '81de5b36-d170-11e9-b97c-48f17f8d4d88', 'new', 1),
('0f0475fc-369a-11ea-bd88-48f17f8d4d88', 31, '94c5b3cf-d170-11e9-b97c-48f17f8d4d88', '112da94a-0d3a-11ea-be49-48f17f8d4d88', 'Sell', '10.50', '0', '10.50', NULL, '2020-01-14 08:49:48', '81de5b36-d170-11e9-b97c-48f17f8d4d88', '2020-01-14 08:49:48', '81de5b36-d170-11e9-b97c-48f17f8d4d88', 'new', 1),
('06254284-369b-11ea-bd88-48f17f8d4d88', 32, '94c5b3cf-d170-11e9-b97c-48f17f8d4d88', '112da94a-0d3a-11ea-be49-48f17f8d4d88', 'Sell', '10.50', '6.50', '4.00', NULL, '2020-01-14 08:56:43', '81de5b36-d170-11e9-b97c-48f17f8d4d88', '2020-01-14 08:57:23', '81de5b36-d170-11e9-b97c-48f17f8d4d88', 'new', 1),
('77ffd26b-385c-11ea-8780-48f17f8d4d88', 33, 'f019c8c5-3292-11ea-b970-48f17f8d4d88', 'a09cb4c0-379b-11ea-ba14-48f17f8d4d88', 'Sell', '150.00', '0.00', '150.00', NULL, '2020-01-16 14:33:46', 'f01d15d4-3292-11ea-b970-48f17f8d4d88', '2020-01-16 14:33:46', 'f01d15d4-3292-11ea-b970-48f17f8d4d88', 'new', 1),
('0ff61658-3928-11ea-9d4d-48f17f8d4d88', 34, '94c5b3cf-d170-11e9-b97c-48f17f8d4d88', '8b4ec4bd-18e8-11ea-8276-48f17f8d4d88', 'Sell', '236.00', '0.00', '236.00', NULL, '2020-01-17 14:51:21', '81de5b36-d170-11e9-b97c-48f17f8d4d88', '2020-01-17 14:51:21', '81de5b36-d170-11e9-b97c-48f17f8d4d88', 'new', 1),
('d9de4acc-3973-11ea-9d4d-48f17f8d4d88', 35, '94c5b3cf-d170-11e9-b97c-48f17f8d4d88', '8b4ec4bd-18e8-11ea-8276-48f17f8d4d88', 'Sell', '120.00', '0.00', '120.00', NULL, '2020-01-17 23:53:52', '81de5b36-d170-11e9-b97c-48f17f8d4d88', '2020-01-17 23:53:52', '81de5b36-d170-11e9-b97c-48f17f8d4d88', 'new', 1),
('a014b47a-39fb-11ea-9d4d-48f17f8d4d88', 36, '94c5b3cf-d170-11e9-b97c-48f17f8d4d88', '112da94a-0d3a-11ea-be49-48f17f8d4d88', 'Sell', '320.00', '55.55', '264.45', NULL, '2020-01-18 16:05:36', '81de5b36-d170-11e9-b97c-48f17f8d4d88', '2020-01-18 16:20:21', '81de5b36-d170-11e9-b97c-48f17f8d4d88', 'new', 1),
('ca6de7dc-3a0c-11ea-9d4d-48f17f8d4d88', 37, '94c5b3cf-d170-11e9-b97c-48f17f8d4d88', '8b4ec4bd-18e8-11ea-8276-48f17f8d4d88', 'Sell', '148.88', '0.00', '148.88', NULL, '2020-01-18 18:08:28', '81de5b36-d170-11e9-b97c-48f17f8d4d88', '2020-01-18 18:08:28', '81de5b36-d170-11e9-b97c-48f17f8d4d88', 'new', 1),
('10da8059-3a10-11ea-9d4d-48f17f8d4d88', 38, '94c5b3cf-d170-11e9-b97c-48f17f8d4d88', '8b4ec4bd-18e8-11ea-8276-48f17f8d4d88', 'Sell', '75.00', '0.00', '75.00', NULL, '2020-01-18 18:31:55', '81de5b36-d170-11e9-b97c-48f17f8d4d88', '2020-01-18 18:31:55', '81de5b36-d170-11e9-b97c-48f17f8d4d88', 'new', 1),
('4b69dacc-3a10-11ea-9d4d-48f17f8d4d88', 39, '94c5b3cf-d170-11e9-b97c-48f17f8d4d88', '112da94a-0d3a-11ea-be49-48f17f8d4d88', 'Sell', '113.00', '0.00', '113.00', NULL, '2020-01-18 18:33:33', '81de5b36-d170-11e9-b97c-48f17f8d4d88', '2020-01-18 18:33:33', '81de5b36-d170-11e9-b97c-48f17f8d4d88', 'new', 1),
('b2d34048-3a20-11ea-9d4d-48f17f8d4d88', 40, '94c5b3cf-d170-11e9-b97c-48f17f8d4d88', '8b4ec4bd-18e8-11ea-8276-48f17f8d4d88', 'Sell', '157.00', '0.00', '157.00', NULL, '2020-01-18 20:30:59', '81de5b36-d170-11e9-b97c-48f17f8d4d88', '2020-01-18 20:30:59', '81de5b36-d170-11e9-b97c-48f17f8d4d88', 'new', 1),
('e2c38cb3-3a2f-11ea-952e-48f17f8d4d88', 41, '94c5b3cf-d170-11e9-b97c-48f17f8d4d88', NULL, 'Sell', '160.00', '0.00', '160.00', NULL, '2020-01-18 22:19:53', '81de5b36-d170-11e9-b97c-48f17f8d4d88', '2020-01-18 22:19:53', '81de5b36-d170-11e9-b97c-48f17f8d4d88', 'new', 1),
('091c778b-3a30-11ea-952e-48f17f8d4d88', 42, '94c5b3cf-d170-11e9-b97c-48f17f8d4d88', NULL, 'Sell', '150.00', '0.00', '150.00', NULL, '2020-01-18 22:20:57', '81de5b36-d170-11e9-b97c-48f17f8d4d88', '2020-01-18 22:20:57', '81de5b36-d170-11e9-b97c-48f17f8d4d88', 'new', 1),
('8a0ad14a-3a30-11ea-952e-48f17f8d4d88', 43, '94c5b3cf-d170-11e9-b97c-48f17f8d4d88', '8b4ec4bd-18e8-11ea-8276-48f17f8d4d88', 'Sell', '100.00', '0.00', '100.00', NULL, '2020-01-18 22:24:33', '81de5b36-d170-11e9-b97c-48f17f8d4d88', '2020-01-18 22:24:33', '81de5b36-d170-11e9-b97c-48f17f8d4d88', 'new', 1),
('f540a326-3a33-11ea-952e-48f17f8d4d88', 44, '94c5b3cf-d170-11e9-b97c-48f17f8d4d88', NULL, 'Sell', '75.00', '0.00', '75.00', NULL, '2020-01-18 22:49:02', '81de5b36-d170-11e9-b97c-48f17f8d4d88', '2020-01-18 22:49:02', '81de5b36-d170-11e9-b97c-48f17f8d4d88', 'new', 1),
('330617cb-3a34-11ea-952e-48f17f8d4d88', 45, '94c5b3cf-d170-11e9-b97c-48f17f8d4d88', NULL, 'Sell', '75.00', '0.00', '75.00', NULL, '2020-01-18 22:50:45', '81de5b36-d170-11e9-b97c-48f17f8d4d88', '2020-01-18 22:50:45', '81de5b36-d170-11e9-b97c-48f17f8d4d88', 'new', 1),
('65e1e66f-3a34-11ea-952e-48f17f8d4d88', 46, '94c5b3cf-d170-11e9-b97c-48f17f8d4d88', NULL, 'Sell', '100.00', '0.00', '100.00', NULL, '2020-01-18 22:52:11', '81de5b36-d170-11e9-b97c-48f17f8d4d88', '2020-01-18 22:52:11', '81de5b36-d170-11e9-b97c-48f17f8d4d88', 'new', 1),
('d0ea976b-3a34-11ea-952e-48f17f8d4d88', 47, '94c5b3cf-d170-11e9-b97c-48f17f8d4d88', NULL, 'Sell', '50.00', '0.00', '50.00', NULL, '2020-01-18 22:55:10', '81de5b36-d170-11e9-b97c-48f17f8d4d88', '2020-01-18 22:55:10', '81de5b36-d170-11e9-b97c-48f17f8d4d88', 'new', 1),
('08a6997b-3a35-11ea-952e-48f17f8d4d88', 48, '94c5b3cf-d170-11e9-b97c-48f17f8d4d88', NULL, 'Sell', '100.00', '0.00', '100.00', NULL, '2020-01-18 22:56:44', '81de5b36-d170-11e9-b97c-48f17f8d4d88', '2020-01-18 22:56:44', '81de5b36-d170-11e9-b97c-48f17f8d4d88', 'new', 1),
('084e483e-3aaa-11ea-807c-48f17f8d4d88', 49, '94c5b3cf-d170-11e9-b97c-48f17f8d4d88', '8b4ec4bd-18e8-11ea-8276-48f17f8d4d88', 'Sell', '240.00', '0.00', '240.00', NULL, '2020-01-19 12:54:14', '81de5b36-d170-11e9-b97c-48f17f8d4d88', '2020-01-19 12:54:14', '81de5b36-d170-11e9-b97c-48f17f8d4d88', 'new', 1),
('2e8ce396-3aaa-11ea-807c-48f17f8d4d88', 50, '94c5b3cf-d170-11e9-b97c-48f17f8d4d88', '8b4ec4bd-18e8-11ea-8276-48f17f8d4d88', 'Sell', '96.00', '0.00', '96.00', NULL, '2020-01-19 12:55:18', '81de5b36-d170-11e9-b97c-48f17f8d4d88', '2020-01-19 12:55:18', '81de5b36-d170-11e9-b97c-48f17f8d4d88', 'new', 1),
('08ecce4c-3ab4-11ea-807c-48f17f8d4d88', 51, '94c5b3cf-d170-11e9-b97c-48f17f8d4d88', '112da94a-0d3a-11ea-be49-48f17f8d4d88', 'Sell', '202.00', '0.00', '202.00', NULL, '2020-01-19 14:05:50', '81de5b36-d170-11e9-b97c-48f17f8d4d88', '2020-01-19 14:05:50', '81de5b36-d170-11e9-b97c-48f17f8d4d88', 'new', 1),
('75f59e19-3ac2-11ea-807c-48f17f8d4d88', 52, 'f019c8c5-3292-11ea-b970-48f17f8d4d88', 'de593a8a-379b-11ea-ba14-48f17f8d4d88', 'Sell', '500.00', '200.00', '300.00', NULL, '2020-01-19 15:49:06', 'f01d15d4-3292-11ea-b970-48f17f8d4d88', '2020-01-19 15:49:25', 'f01d15d4-3292-11ea-b970-48f17f8d4d88', 'new', 1),
('b4e7c9ed-3ac2-11ea-807c-48f17f8d4d88', 53, '94c5b3cf-d170-11e9-b97c-48f17f8d4d88', '112da94a-0d3a-11ea-be49-48f17f8d4d88', 'Sell', '274.00', '0.00', '274.00', NULL, '2020-01-19 15:50:52', '81de5b36-d170-11e9-b97c-48f17f8d4d88', '2020-01-19 15:50:52', '81de5b36-d170-11e9-b97c-48f17f8d4d88', 'new', 1),
('3522fc30-3aea-11ea-be63-48f17f8d4d88', 54, '94c5b3cf-d170-11e9-b97c-48f17f8d4d88', 'bfd24e73-3a0d-11ea-9d4d-48f17f8d4d88', 'Sell', '50.00', '50.00', '0.00', NULL, '2020-01-19 20:33:37', '81de5b36-d170-11e9-b97c-48f17f8d4d88', '2020-01-19 20:33:49', '81de5b36-d170-11e9-b97c-48f17f8d4d88', 'new', 1),
('7d04adc7-3aeb-11ea-be63-48f17f8d4d88', 55, '94c5b3cf-d170-11e9-b97c-48f17f8d4d88', NULL, 'Sell', '5076.00', '0.00', '5076.00', NULL, '2020-01-19 20:42:47', '81de5b36-d170-11e9-b97c-48f17f8d4d88', '2020-01-19 20:42:47', '81de5b36-d170-11e9-b97c-48f17f8d4d88', 'new', 1),
('f6264c6d-3aeb-11ea-be63-48f17f8d4d88', 56, '94c5b3cf-d170-11e9-b97c-48f17f8d4d88', '8b4ec4bd-18e8-11ea-8276-48f17f8d4d88', 'Sell', '122.00', '122.00', '0.00', NULL, '2020-01-19 20:46:10', '81de5b36-d170-11e9-b97c-48f17f8d4d88', '2020-01-21 15:50:22', '81de5b36-d170-11e9-b97c-48f17f8d4d88', 'Fully paid', 1),
('562170ca-3b8c-11ea-94dc-48f17f8d4d88', 57, '94c5b3cf-d170-11e9-b97c-48f17f8d4d88', '112da94a-0d3a-11ea-be49-48f17f8d4d88', 'Sell', '217.00', '0.00', '217.00', NULL, '2020-01-20 15:54:10', '81de5b36-d170-11e9-b97c-48f17f8d4d88', '2020-01-20 15:54:10', '81de5b36-d170-11e9-b97c-48f17f8d4d88', 'new', 1),
('a94c9a1b-3b92-11ea-94dc-48f17f8d4d88', 58, '94c5b3cf-d170-11e9-b97c-48f17f8d4d88', NULL, 'Sell', '25.00', '0.00', '25.00', NULL, '2020-01-20 16:39:26', '81de5b36-d170-11e9-b97c-48f17f8d4d88', '2020-01-20 16:39:26', '81de5b36-d170-11e9-b97c-48f17f8d4d88', 'new', 1),
('cdff2e5c-3b92-11ea-94dc-48f17f8d4d88', 59, '94c5b3cf-d170-11e9-b97c-48f17f8d4d88', NULL, 'Sell', '25.00', '0.00', '25.00', NULL, '2020-01-20 16:40:28', '81de5b36-d170-11e9-b97c-48f17f8d4d88', '2020-01-20 16:40:28', '81de5b36-d170-11e9-b97c-48f17f8d4d88', 'new', 1),
('e8858c7b-3b92-11ea-94dc-48f17f8d4d88', 60, '94c5b3cf-d170-11e9-b97c-48f17f8d4d88', NULL, 'Sell', '75.00', '0.00', '75.00', NULL, '2020-01-20 16:41:12', '81de5b36-d170-11e9-b97c-48f17f8d4d88', '2020-01-20 16:41:12', '81de5b36-d170-11e9-b97c-48f17f8d4d88', 'new', 1),
('39eb81ca-3b93-11ea-94dc-48f17f8d4d88', 61, '94c5b3cf-d170-11e9-b97c-48f17f8d4d88', NULL, 'Sell', '49.00', '0.00', '49.00', NULL, '2020-01-20 16:43:29', '81de5b36-d170-11e9-b97c-48f17f8d4d88', '2020-01-20 16:43:29', '81de5b36-d170-11e9-b97c-48f17f8d4d88', 'new', 1),
('fd5cba17-3b93-11ea-94dc-48f17f8d4d88', 62, '94c5b3cf-d170-11e9-b97c-48f17f8d4d88', NULL, 'Sell', '30.00', '0.00', '30.00', NULL, '2020-01-20 16:48:57', '81de5b36-d170-11e9-b97c-48f17f8d4d88', '2020-01-20 16:48:57', '81de5b36-d170-11e9-b97c-48f17f8d4d88', 'new', 1),
('10a8ebfc-3b94-11ea-94dc-48f17f8d4d88', 63, '94c5b3cf-d170-11e9-b97c-48f17f8d4d88', NULL, 'Sell', '39.00', '0.00', '39.00', NULL, '2020-01-20 16:49:29', '81de5b36-d170-11e9-b97c-48f17f8d4d88', '2020-01-20 16:49:29', '81de5b36-d170-11e9-b97c-48f17f8d4d88', 'new', 1),
('b8ee77d6-3c3e-11ea-9fda-48f17f8d4d88', 64, '94c5b3cf-d170-11e9-b97c-48f17f8d4d88', '112da94a-0d3a-11ea-be49-48f17f8d4d88', 'Sell', '18.00', '0.00', '18.00', NULL, '2020-01-21 13:11:07', '81de5b36-d170-11e9-b97c-48f17f8d4d88', '2020-01-21 13:11:07', '81de5b36-d170-11e9-b97c-48f17f8d4d88', 'new', 1),
('13d278d8-3c46-11ea-9fda-48f17f8d4d88', 65, '94c5b3cf-d170-11e9-b97c-48f17f8d4d88', '112da94a-0d3a-11ea-be49-48f17f8d4d88', 'Sell', '123.00', '0.00', '123.00', NULL, '2020-01-21 14:03:46', '81de5b36-d170-11e9-b97c-48f17f8d4d88', '2020-01-21 14:03:46', '81de5b36-d170-11e9-b97c-48f17f8d4d88', 'new', 1),
('dca71943-3c46-11ea-9fda-48f17f8d4d88', 66, '94c5b3cf-d170-11e9-b97c-48f17f8d4d88', '112da94a-0d3a-11ea-be49-48f17f8d4d88', 'Sell', '18.00', '0.00', '18.00', NULL, '2020-01-21 14:09:23', '81de5b36-d170-11e9-b97c-48f17f8d4d88', '2020-01-21 14:09:23', '81de5b36-d170-11e9-b97c-48f17f8d4d88', 'new', 1),
('deeb9ed3-3c48-11ea-9fda-48f17f8d4d88', 67, '94c5b3cf-d170-11e9-b97c-48f17f8d4d88', NULL, 'Sell', '18.00', '0.00', '18.00', NULL, '2020-01-21 14:23:46', '81de5b36-d170-11e9-b97c-48f17f8d4d88', '2020-01-21 14:23:46', '81de5b36-d170-11e9-b97c-48f17f8d4d88', 'new', 1),
('548db5e4-3c49-11ea-9fda-48f17f8d4d88', 68, '94c5b3cf-d170-11e9-b97c-48f17f8d4d88', '112da94a-0d3a-11ea-be49-48f17f8d4d88', 'Sell', '40.88', '40.88', '0.00', NULL, '2020-01-21 14:27:03', '81de5b36-d170-11e9-b97c-48f17f8d4d88', '2020-01-21 15:24:59', '81de5b36-d170-11e9-b97c-48f17f8d4d88', 'Fully paid', 1),
('fc41bb30-3c49-11ea-9fda-48f17f8d4d88', 69, '94c5b3cf-d170-11e9-b97c-48f17f8d4d88', '112da94a-0d3a-11ea-be49-48f17f8d4d88', 'Sell', '68.00', '68.00', '0.00', NULL, '2020-01-21 14:31:45', '81de5b36-d170-11e9-b97c-48f17f8d4d88', '2020-01-21 15:23:53', '81de5b36-d170-11e9-b97c-48f17f8d4d88', 'Partially paid', 1),
('4e322ea6-3c4a-11ea-9fda-48f17f8d4d88', 70, '94c5b3cf-d170-11e9-b97c-48f17f8d4d88', '3f853407-3c4a-11ea-9fda-48f17f8d4d88', 'Sell', '291.00', '150.00', '141.00', NULL, '2020-01-21 14:34:02', '81de5b36-d170-11e9-b97c-48f17f8d4d88', '2020-01-21 15:16:24', '81de5b36-d170-11e9-b97c-48f17f8d4d88', 'Partially paid', 1),
('36793d38-3d4b-11ea-9fda-48f17f8d4d88', 71, '94c5b3cf-d170-11e9-b97c-48f17f8d4d88', NULL, 'Sell', '30.00', '30.00', '0.00', NULL, '2020-01-22 21:13:53', '81de5b36-d170-11e9-b97c-48f17f8d4d88', '2020-01-22 22:26:14', '81de5b36-d170-11e9-b97c-48f17f8d4d88', 'Fully paid', 1),
('40eb1c5f-3d4b-11ea-9fda-48f17f8d4d88', 72, '94c5b3cf-d170-11e9-b97c-48f17f8d4d88', NULL, 'Sell', '127.00', '0.00', '127.00', NULL, '2020-01-22 21:14:11', '81de5b36-d170-11e9-b97c-48f17f8d4d88', '2020-01-22 21:14:11', '81de5b36-d170-11e9-b97c-48f17f8d4d88', 'new', 1),
('dc01aba6-3e07-11ea-820f-48f17f8d4d88', 73, '94c5b3cf-d170-11e9-b97c-48f17f8d4d88', '8b4ec4bd-18e8-11ea-8276-48f17f8d4d88', 'Sell', '54.00', '30.00', '24.00', NULL, '2020-01-23 19:43:26', '81de5b36-d170-11e9-b97c-48f17f8d4d88', '2020-01-23 19:43:41', '81de5b36-d170-11e9-b97c-48f17f8d4d88', 'Partially paid', 1),
('a7e4a546-3e10-11ea-820f-48f17f8d4d88', 74, '94c5b3cf-d170-11e9-b97c-48f17f8d4d88', '8b4ec4bd-18e8-11ea-8276-48f17f8d4d88', 'Sell', '30.00', '30.00', '0.00', NULL, '2020-01-23 20:46:24', '81de5b36-d170-11e9-b97c-48f17f8d4d88', '2020-01-23 20:46:32', '81de5b36-d170-11e9-b97c-48f17f8d4d88', 'Fully paid', 1),
('0e8e4521-3e13-11ea-820f-48f17f8d4d88', 75, '94c5b3cf-d170-11e9-b97c-48f17f8d4d88', '3f853407-3c4a-11ea-9fda-48f17f8d4d88', 'Sell', '18.00', '0.00', '18.00', NULL, '2020-01-23 21:03:35', '81de5b36-d170-11e9-b97c-48f17f8d4d88', '2020-01-23 21:03:35', '81de5b36-d170-11e9-b97c-48f17f8d4d88', 'new', 1),
('53af8d51-47dd-11ea-b608-48f17f8d4d88', 76, 'e967061e-47dc-11ea-b608-48f17f8d4d88', '434b0bc7-47dd-11ea-b608-48f17f8d4d88', 'Sell', '1020.00', '1000.00', '20.00', NULL, '2020-02-05 08:04:10', 'e9694a64-47dc-11ea-b608-48f17f8d4d88', '2020-02-05 08:05:39', 'e9694a64-47dc-11ea-b608-48f17f8d4d88', 'Partially paid', 1),
('c5445557-47dd-11ea-b608-48f17f8d4d88', 77, 'e967061e-47dc-11ea-b608-48f17f8d4d88', '434a6a6e-47dd-11ea-b608-48f17f8d4d88', 'Sell', '3000.00', '0.00', '3000.00', NULL, '2020-02-05 08:07:21', 'e9694a64-47dc-11ea-b608-48f17f8d4d88', '2020-02-05 08:07:21', 'e9694a64-47dc-11ea-b608-48f17f8d4d88', 'new', 1),
('bef02e0a-50f4-11ea-ad2e-48f17f8d4d88', 78, '94c5b3cf-d170-11e9-b97c-48f17f8d4d88', '112da94a-0d3a-11ea-be49-48f17f8d4d88', 'Sell', '461.00', '0.00', '461.00', NULL, '2020-02-16 21:44:29', '81de5b36-d170-11e9-b97c-48f17f8d4d88', '2020-02-16 21:44:29', '81de5b36-d170-11e9-b97c-48f17f8d4d88', 'new', 1),
('cf8656b0-50f4-11ea-ad2e-48f17f8d4d88', 79, '94c5b3cf-d170-11e9-b97c-48f17f8d4d88', '112da94a-0d3a-11ea-be49-48f17f8d4d88', 'Sell', '450.00', '0.00', '450.00', NULL, '2020-02-16 21:44:57', '81de5b36-d170-11e9-b97c-48f17f8d4d88', '2020-02-16 21:44:57', '81de5b36-d170-11e9-b97c-48f17f8d4d88', 'new', 1),
('1b04e169-50f5-11ea-ad2e-48f17f8d4d88', 80, '94c5b3cf-d170-11e9-b97c-48f17f8d4d88', '112da94a-0d3a-11ea-be49-48f17f8d4d88', 'Sell', '630.00', '0.00', '630.00', NULL, '2020-02-16 21:47:03', '81de5b36-d170-11e9-b97c-48f17f8d4d88', '2020-02-16 21:47:03', '81de5b36-d170-11e9-b97c-48f17f8d4d88', 'new', 1),
('5110baf7-584a-11ea-86fe-48f17f8d4d88', 81, '94c5b3cf-d170-11e9-b97c-48f17f8d4d88', NULL, 'Sell', '12400.00', '0.00', '12400.00', NULL, '2020-02-26 05:44:39', 'customer', '2020-02-26 05:44:39', 'customer', 'new', 1),
('f7b52aaf-5851-11ea-86fe-48f17f8d4d88', 82, '94c5b3cf-d170-11e9-b97c-48f17f8d4d88', NULL, 'Sell', '1000.00', '0.00', '1000.00', NULL, '2020-02-26 06:39:25', 'customer', '2020-02-26 06:39:25', 'customer', 'new', 1),
('14678f5c-5852-11ea-86fe-48f17f8d4d88', 83, '94c5b3cf-d170-11e9-b97c-48f17f8d4d88', NULL, 'Sell', '1000.00', '0.00', '1000.00', NULL, '2020-02-26 06:40:14', 'customer', '2020-02-26 06:40:14', 'customer', 'new', 1),
('2b30a6f7-5852-11ea-86fe-48f17f8d4d88', 84, '94c5b3cf-d170-11e9-b97c-48f17f8d4d88', NULL, 'Sell', '1000.00', '500.00', '500.00', NULL, '2020-02-26 06:40:52', 'customer', '2020-02-26 06:45:10', 'customer', 'Partially paid', 1),
('94ec0275-5852-11ea-86fe-48f17f8d4d88', 85, '94c5b3cf-d170-11e9-b97c-48f17f8d4d88', NULL, 'Sell', '1000.00', '0.00', '1000.00', NULL, '2020-02-26 06:43:49', 'customer', '2020-02-26 06:43:49', 'customer', 'new', 1),
('230b449f-5853-11ea-86fe-48f17f8d4d88', 86, '94c5b3cf-d170-11e9-b97c-48f17f8d4d88', NULL, 'Sell', '1000.00', '0.00', '1000.00', NULL, '2020-02-26 06:47:48', 'customer', '2020-02-26 06:47:48', 'customer', 'new', 1),
('2ea2491c-5854-11ea-86fe-48f17f8d4d88', 87, '94c5b3cf-d170-11e9-b97c-48f17f8d4d88', NULL, 'Sell', '1934.00', '0.00', '1934.00', NULL, '2020-02-26 06:55:16', 'customer', '2020-02-26 06:55:16', 'customer', 'new', 1),
('37d4f452-5866-11ea-86fe-48f17f8d4d88', 88, '94c5b3cf-d170-11e9-b97c-48f17f8d4d88', NULL, 'Sell', '32646.00', '0.00', '32646.00', NULL, '2020-02-26 09:04:23', 'customer', '2020-02-26 09:04:23', 'customer', 'new', 1),
('1d3ecc55-5869-11ea-86fe-48f17f8d4d88', 89, '94c5b3cf-d170-11e9-b97c-48f17f8d4d88', '', 'Sell', '1011.00', '0.00', '1011.00', NULL, '2020-02-26 09:25:07', 'customer', '2020-02-26 09:25:07', 'customer', 'new', 1),
('181fb26f-586d-11ea-86fe-48f17f8d4d88', 90, '94c5b3cf-d170-11e9-b97c-48f17f8d4d88', NULL, 'Sell', '1011.00', '0.00', '1011.00', NULL, '2020-02-26 09:53:36', 'customer', '2020-02-26 09:53:36', 'customer', 'new', 1),
('33e3eea6-586d-11ea-86fe-48f17f8d4d88', 91, '94c5b3cf-d170-11e9-b97c-48f17f8d4d88', '181f3bcc-586d-11ea-86fe-48f17f8d4d88', 'Sell', '1011.00', '0.00', '1011.00', NULL, '2020-02-26 09:54:23', 'customer', '2020-02-26 09:54:23', 'customer', 'new', 1),
('7cf45da0-591e-11ea-ad2e-48f17f8d4d88', 92, '94c5b3cf-d170-11e9-b97c-48f17f8d4d88', '7cf3915b-591e-11ea-ad2e-48f17f8d4d88', 'Sell', '7650.00', '0.00', '7650.00', NULL, '2020-02-27 07:03:26', 'customer', '2020-02-27 07:03:26', 'customer', 'new', 1),
('f2481ec8-591e-11ea-ad2e-48f17f8d4d88', 93, '94c5b3cf-d170-11e9-b97c-48f17f8d4d88', '7cf3915b-591e-11ea-ad2e-48f17f8d4d88', 'Sell', '7650.00', '0.00', '7650.00', NULL, '2020-02-27 07:06:43', 'customer', '2020-02-27 07:06:43', 'customer', 'new', 1),
('7207435c-5921-11ea-ad2e-48f17f8d4d88', 94, '94c5b3cf-d170-11e9-b97c-48f17f8d4d88', NULL, 'Sell', '1050.00', '0.00', '1050.00', NULL, '2020-02-27 07:24:36', 'customer', '2020-02-27 07:24:36', 'customer', 'new', 1),
('737e6485-5921-11ea-ad2e-48f17f8d4d88', 95, '94c5b3cf-d170-11e9-b97c-48f17f8d4d88', NULL, 'Sell', '1050.00', '0.00', '1050.00', NULL, '2020-02-27 07:24:38', 'customer', '2020-02-27 07:24:38', 'customer', 'new', 1),
('7c8fbdfc-5921-11ea-ad2e-48f17f8d4d88', 96, '94c5b3cf-d170-11e9-b97c-48f17f8d4d88', NULL, 'Sell', '1050.00', '0.00', '1050.00', NULL, '2020-02-27 07:24:54', 'customer', '2020-02-27 07:24:54', 'customer', 'new', 1),
('85b7b8fd-5921-11ea-ad2e-48f17f8d4d88', 97, '94c5b3cf-d170-11e9-b97c-48f17f8d4d88', '85b700a4-5921-11ea-ad2e-48f17f8d4d88', 'Sell', '1050.00', '0.00', '1050.00', NULL, '2020-02-27 07:25:09', 'customer', '2020-02-27 07:25:09', 'customer', 'new', 1),
('23571520-5924-11ea-ad2e-48f17f8d4d88', 98, '94c5b3cf-d170-11e9-b97c-48f17f8d4d88', '85b700a4-5921-11ea-ad2e-48f17f8d4d88', 'Sell', '1050.00', '0.00', '1050.00', NULL, '2020-02-27 07:43:52', 'customer', '2020-02-27 07:43:52', 'customer', 'new', 1),
('c2fb1021-5924-11ea-ad2e-48f17f8d4d88', 99, '94c5b3cf-d170-11e9-b97c-48f17f8d4d88', '85b700a4-5921-11ea-ad2e-48f17f8d4d88', 'Sell', '1050.00', '0.00', '1050.00', NULL, '2020-02-27 07:48:20', 'customer', '2020-02-27 07:48:20', 'customer', 'new', 1),
('7add6296-5934-11ea-85bf-48f17f8d4d88', 100, '94c5b3cf-d170-11e9-b97c-48f17f8d4d88', NULL, 'Sell', '1500.00', '0.00', '1500.00', NULL, '2020-02-27 09:40:52', 'customer', '2020-02-27 09:40:52', 'customer', 'new', 1),
('7e587614-5934-11ea-85bf-48f17f8d4d88', 101, '94c5b3cf-d170-11e9-b97c-48f17f8d4d88', NULL, 'Sell', '1500.00', '0.00', '1500.00', NULL, '2020-02-27 09:40:58', 'customer', '2020-02-27 09:40:58', 'customer', 'new', 1),
('87276073-5934-11ea-85bf-48f17f8d4d88', 102, '94c5b3cf-d170-11e9-b97c-48f17f8d4d88', '2fa61660-3291-11ea-b970-48f17f8d4d88', 'Sell', '1500.00', '0.00', '1500.00', NULL, '2020-02-27 09:41:13', 'customer', '2020-02-27 09:41:13', 'customer', 'new', 1),
('175b5415-593e-11ea-85bf-48f17f8d4d88', 103, '94c5b3cf-d170-11e9-b97c-48f17f8d4d88', NULL, 'Sell', '1050.00', '0.00', '1050.00', NULL, '2020-02-27 10:49:40', 'customer', '2020-02-27 10:49:40', 'customer', 'new', 1),
('1ab170e9-593e-11ea-85bf-48f17f8d4d88', 104, '94c5b3cf-d170-11e9-b97c-48f17f8d4d88', '1ab13359-593e-11ea-85bf-48f17f8d4d88', 'Sell', '1050.00', '0.00', '1050.00', NULL, '2020-02-27 10:49:46', 'customer', '2020-02-27 10:49:46', 'customer', 'new', 1),
('8c67bb37-593e-11ea-85bf-48f17f8d4d88', 105, '94c5b3cf-d170-11e9-b97c-48f17f8d4d88', '8c66caf4-593e-11ea-85bf-48f17f8d4d88', 'Sell', '1050.00', '0.00', '1050.00', NULL, '2020-02-27 10:52:57', 'customer', '2020-02-27 10:52:57', 'customer', 'new', 1),
('c8af619f-593e-11ea-85bf-48f17f8d4d88', 106, '94c5b3cf-d170-11e9-b97c-48f17f8d4d88', 'c8aea16a-593e-11ea-85bf-48f17f8d4d88', 'Sell', '1050.00', '0.00', '1050.00', NULL, '2020-02-27 10:54:38', 'customer', '2020-02-27 10:54:38', 'customer', 'new', 1),
('671ecadd-5940-11ea-85bf-48f17f8d4d88', 107, '94c5b3cf-d170-11e9-b97c-48f17f8d4d88', '27e2e62a-044e-11ea-80c4-4ad9491261dd', 'Sell', '1050.00', '0.00', '1050.00', NULL, '2020-02-27 11:06:13', 'customer', '2020-02-27 11:06:13', 'customer', 'new', 1),
('c7c489d5-5940-11ea-85bf-48f17f8d4d88', 108, '94c5b3cf-d170-11e9-b97c-48f17f8d4d88', '2fa61660-3291-11ea-b970-48f17f8d4d88', 'Sell', '1050.00', '0.00', '1050.00', NULL, '2020-02-27 11:08:55', 'customer', '2020-02-27 11:08:55', 'customer', 'new', 1),
('d46f0a74-5cb5-11ea-aca8-48f17f8d4d88', 109, '94c5b3cf-d170-11e9-b97c-48f17f8d4d88', NULL, 'Sell', '2280.00', '0.00', '2280.00', NULL, '2020-03-02 20:44:21', 'customer', '2020-03-02 20:44:21', 'customer', 'new', 1),
('d5665ff6-5cb5-11ea-aca8-48f17f8d4d88', 110, '94c5b3cf-d170-11e9-b97c-48f17f8d4d88', NULL, 'Sell', '2280.00', '0.00', '2280.00', NULL, '2020-03-02 20:44:22', 'customer', '2020-03-02 20:44:22', 'customer', 'new', 1),
('8ae23b8f-5d84-11ea-a211-48f17f8d4d88', 111, '94c5b3cf-d170-11e9-b97c-48f17f8d4d88', '8ae1dfa5-5d84-11ea-a211-48f17f8d4d88', 'Sell', '4818.00', '0.00', '4818.00', NULL, '2020-03-03 21:24:03', 'customer', '2020-03-03 21:24:03', 'customer', 'new', 1),
('035b7f4a-60a2-11ea-a2e3-48f17f8d4d88', 112, '94c5b3cf-d170-11e9-b97c-48f17f8d4d88', '035b1b23-60a2-11ea-a2e3-48f17f8d4d88', 'Sell', '4250.00', '0.00', '4250.00', NULL, '2020-03-07 20:32:34', 'customer', '2020-03-07 20:32:34', 'customer', 'new', 1),
('0e1ca765-60a7-11ea-a2e3-48f17f8d4d88', 113, '94c5b3cf-d170-11e9-b97c-48f17f8d4d88', '035b1b23-60a2-11ea-a2e3-48f17f8d4d88', 'Sell', '7500.00', '0.00', '7500.00', NULL, '2020-03-07 21:08:40', 'customer', '2020-03-07 21:08:40', 'customer', 'new', 1),
('1d13a325-60a7-11ea-a2e3-48f17f8d4d88', 114, '94c5b3cf-d170-11e9-b97c-48f17f8d4d88', '035b1b23-60a2-11ea-a2e3-48f17f8d4d88', 'Sell', '5250.00', '0.00', '5250.00', NULL, '2020-03-07 21:09:05', 'customer', '2020-03-07 21:09:05', 'customer', 'new', 1),
('83e14c07-60a7-11ea-a2e3-48f17f8d4d88', 115, '94c5b3cf-d170-11e9-b97c-48f17f8d4d88', '035b1b23-60a2-11ea-a2e3-48f17f8d4d88', 'Sell', '128.00', '0.00', '128.00', NULL, '2020-03-07 21:11:57', 'customer', '2020-03-07 21:11:57', 'customer', 'new', 1),
('839ad261-60ab-11ea-a2e3-48f17f8d4d88', 116, '94c5b3cf-d170-11e9-b97c-48f17f8d4d88', NULL, 'Sell', '3600.00', '0.00', '3600.00', NULL, '2020-03-07 21:40:35', 'customer', '2020-03-07 21:40:35', 'customer', 'new', 1),
('83fbaba4-60ab-11ea-a2e3-48f17f8d4d88', 117, '94c5b3cf-d170-11e9-b97c-48f17f8d4d88', NULL, 'Sell', '3600.00', '0.00', '3600.00', NULL, '2020-03-07 21:40:35', 'customer', '2020-03-07 21:40:35', 'customer', 'new', 1),
('a73bc8ab-60ac-11ea-a2e3-48f17f8d4d88', 118, '94c5b3cf-d170-11e9-b97c-48f17f8d4d88', NULL, 'Sell', '19200.00', '0.00', '19200.00', NULL, '2020-03-07 21:48:44', 'customer', '2020-03-07 21:48:44', 'customer', 'new', 1),
('b3244183-61c8-11ea-a962-48f17f8d4d88', 119, '94c5b3cf-d170-11e9-b97c-48f17f8d4d88', 'b323ef14-61c8-11ea-a962-48f17f8d4d88', 'Sell', '250.00', '0.00', '250.00', NULL, '2020-03-09 07:42:01', 'customer', '2020-03-09 07:42:01', 'customer', 'new', 1),
('8f996bbb-629a-11ea-9788-48f17f8d4d88', 120, '94c5b3cf-d170-11e9-b97c-48f17f8d4d88', NULL, 'Sell', '370.00', '0.00', '370.00', NULL, '2020-03-10 08:44:16', 'customer', '2020-03-10 08:44:16', 'customer', 'new', 1),
('1b61092c-635c-11ea-81fb-48f17f8d4d88', 121, '94c5b3cf-d170-11e9-b97c-48f17f8d4d88', NULL, 'Sell', '500.00', '0.00', '500.00', NULL, '2020-03-11 07:49:43', 'customer', '2020-03-11 07:49:43', 'customer', 'new', 1),
('a27ee7f2-63b8-11ea-81ab-48f17f8d4d88', 122, '94c5b3cf-d170-11e9-b97c-48f17f8d4d88', NULL, 'Sell', '12100.00', '0.00', '12100.00', NULL, '2020-03-11 18:52:03', 'customer', '2020-03-11 18:52:03', 'customer', 'new', 1),
('1f09fccc-6523-11ea-80a3-48f17f8d4d88', 123, '94c5b3cf-d170-11e9-b97c-48f17f8d4d88', NULL, 'Sell', '3200.00', '0.00', '3200.00', NULL, '2020-03-13 14:06:50', '81de5b36-d170-11e9-b97c-48f17f8d4d88', '2020-03-13 14:06:50', '81de5b36-d170-11e9-b97c-48f17f8d4d88', 'new', 1),
('8bb23748-6523-11ea-80a3-48f17f8d4d88', 124, '94c5b3cf-d170-11e9-b97c-48f17f8d4d88', NULL, 'Sell', '10000.00', '0.00', '10000.00', NULL, '2020-03-13 14:09:52', '81de5b36-d170-11e9-b97c-48f17f8d4d88', '2020-03-13 14:09:52', '81de5b36-d170-11e9-b97c-48f17f8d4d88', 'new', 1),
('ac58506a-6523-11ea-80a3-48f17f8d4d88', 125, '94c5b3cf-d170-11e9-b97c-48f17f8d4d88', NULL, 'Sell', '1450.00', '0.00', '1450.00', NULL, '2020-03-13 14:10:47', '81de5b36-d170-11e9-b97c-48f17f8d4d88', '2020-03-13 14:10:47', '81de5b36-d170-11e9-b97c-48f17f8d4d88', 'new', 1),
('d2250b5e-652a-11ea-80a3-48f17f8d4d88', 126, '94c5b3cf-d170-11e9-b97c-48f17f8d4d88', NULL, 'Sell', '2500.00', '0.00', '2500.00', NULL, '2020-03-13 15:01:57', 'customer', '2020-03-13 15:01:57', 'customer', 'new', 1),
('d41d5cdb-652a-11ea-80a3-48f17f8d4d88', 127, '94c5b3cf-d170-11e9-b97c-48f17f8d4d88', NULL, 'Sell', '2500.00', '0.00', '2500.00', NULL, '2020-03-13 15:02:00', 'customer', '2020-03-13 15:02:00', 'customer', 'new', 1),
('e6c89cfb-652b-11ea-80a3-48f17f8d4d88', 128, '94c5b3cf-d170-11e9-b97c-48f17f8d4d88', 'e6c7df5b-652b-11ea-80a3-48f17f8d4d88', 'Sell', '2500.00', '0.00', '2500.00', NULL, '2020-03-13 15:09:41', 'customer', '2020-03-13 15:09:41', 'customer', 'new', 1),
('b2cf7503-652c-11ea-80a3-48f17f8d4d88', 129, '94c5b3cf-d170-11e9-b97c-48f17f8d4d88', 'b2ceb599-652c-11ea-80a3-48f17f8d4d88', 'Sell', '2500.00', '0.00', '2500.00', NULL, '2020-03-13 15:15:24', 'customer', '2020-03-13 15:15:24', 'customer', 'new', 1),
('a94a9091-652d-11ea-80a3-48f17f8d4d88', 130, '94c5b3cf-d170-11e9-b97c-48f17f8d4d88', NULL, 'Sell', '2500.00', '0.00', '2500.00', NULL, '2020-03-13 15:22:17', 'customer', '2020-03-13 15:22:17', 'customer', 'new', 1),
('c05afda2-652d-11ea-80a3-48f17f8d4d88', 131, '94c5b3cf-d170-11e9-b97c-48f17f8d4d88', NULL, 'Sell', '2500.00', '0.00', '2500.00', NULL, '2020-03-13 15:22:56', 'customer', '2020-03-13 15:22:56', 'customer', 'new', 1),
('2bfc10a9-652e-11ea-80a3-48f17f8d4d88', 132, '94c5b3cf-d170-11e9-b97c-48f17f8d4d88', NULL, 'Sell', '2500.00', '0.00', '2500.00', NULL, '2020-03-13 15:25:56', 'customer', '2020-03-13 15:25:56', 'customer', 'new', 1),
('8c628fa9-652e-11ea-80a3-48f17f8d4d88', 133, '94c5b3cf-d170-11e9-b97c-48f17f8d4d88', '8c61f530-652e-11ea-80a3-48f17f8d4d88', 'Sell', '2500.00', '0.00', '2500.00', NULL, '2020-03-13 15:28:38', 'customer', '2020-03-13 15:28:38', 'customer', 'new', 1),
('abe5cdba-652e-11ea-80a3-48f17f8d4d88', 134, '94c5b3cf-d170-11e9-b97c-48f17f8d4d88', '8c61f530-652e-11ea-80a3-48f17f8d4d88', 'Sell', '2500.00', '0.00', '2500.00', NULL, '2020-03-13 15:29:31', 'customer', '2020-03-13 15:29:31', 'customer', 'new', 1),
('be776cf4-652e-11ea-80a3-48f17f8d4d88', 135, '94c5b3cf-d170-11e9-b97c-48f17f8d4d88', '8c61f530-652e-11ea-80a3-48f17f8d4d88', 'Sell', '2500.00', '0.00', '2500.00', NULL, '2020-03-13 15:30:02', 'customer', '2020-03-13 15:30:02', 'customer', 'new', 1),
('0f1fdef6-652f-11ea-80a3-48f17f8d4d88', 136, '94c5b3cf-d170-11e9-b97c-48f17f8d4d88', '8c61f530-652e-11ea-80a3-48f17f8d4d88', 'Sell', '2500.00', '0.00', '2500.00', NULL, '2020-03-13 15:32:17', 'customer', '2020-03-13 15:32:17', 'customer', 'new', 1),
('345fd7fc-652f-11ea-80a3-48f17f8d4d88', 137, '94c5b3cf-d170-11e9-b97c-48f17f8d4d88', '8c61f530-652e-11ea-80a3-48f17f8d4d88', 'Sell', '2500.00', '0.00', '2500.00', NULL, '2020-03-13 15:33:20', 'customer', '2020-03-13 15:33:20', 'customer', 'new', 1),
('5ba1267e-652f-11ea-80a3-48f17f8d4d88', 138, '94c5b3cf-d170-11e9-b97c-48f17f8d4d88', '5ba04397-652f-11ea-80a3-48f17f8d4d88', 'Sell', '2500.00', '0.00', '2500.00', NULL, '2020-03-13 15:34:26', 'customer', '2020-03-13 15:34:26', 'customer', 'new', 1);

-- --------------------------------------------------------

--
-- Table structure for table `order_options`
--

CREATE TABLE `order_options` (
  `Id` int(10) NOT NULL,
  `OrderId` varchar(225) NOT NULL,
  `OptionId` varchar(225) NOT NULL,
  `ValueId` int(10) NOT NULL,
  `OptionValue` varchar(300) NOT NULL,
  `OptionName` varchar(200) DEFAULT NULL,
  `ValuePrice` decimal(10,0) NOT NULL,
  `ValueIdQty` int(10) NOT NULL,
  `CompanyId` varchar(225) NOT NULL,
  `CreateDate` datetime DEFAULT current_timestamp(),
  `CreateUserId` varchar(225) NOT NULL,
  `ModifyDate` datetime NOT NULL DEFAULT current_timestamp(),
  `ModifyUserId` varchar(225) NOT NULL,
  `StatusId` int(10) NOT NULL
) ENGINE=InnoDB DEFAULT CHARSET=utf8mb4;

--
-- Dumping data for table `order_options`
--

INSERT INTO `order_options` (`Id`, `OrderId`, `OptionId`, `ValueId`, `OptionValue`, `OptionName`, `ValuePrice`, `ValueIdQty`, `CompanyId`, `CreateDate`, `CreateUserId`, `ModifyDate`, `ModifyUserId`, `StatusId`) VALUES
(4, '5ba1267e-652f-11ea-80a3-48f17f8d4d88', '10f449ec-5dde-11ea-b68c-48f17f8d4d88', 1, 'Red', 'Color', '0', 0, '94c5b3cf-d170-11e9-b97c-48f17f8d4d88', '2020-03-13 15:34:26', 'customer', '2020-03-13 15:34:26', 'customer', 1),
(5, '5ba1267e-652f-11ea-80a3-48f17f8d4d88', '10f2eb99-5dde-11ea-b68c-48f17f8d4d88', 1, 'L', 'Size', '0', 0, '94c5b3cf-d170-11e9-b97c-48f17f8d4d88', '2020-03-13 15:34:26', 'customer', '2020-03-13 15:34:26', 'customer', 1);

-- --------------------------------------------------------

--
-- Table structure for table `order_products`
--

CREATE TABLE `order_products` (
  `Id` varchar(225) NOT NULL,
  `OrderId` varchar(225) NOT NULL,
  `ProductId` varchar(225) NOT NULL,
  `CompanyId` varchar(225) DEFAULT NULL,
  `ProductName` text DEFAULT NULL,
  `UnitPrice` varchar(10) DEFAULT NULL,
  `Quantity` varchar(225) NOT NULL,
  `subTotal` varchar(10) NOT NULL,
  `CreateDate` datetime NOT NULL DEFAULT current_timestamp(),
  `CreateUserId` varchar(225) NOT NULL,
  `ModifyDate` datetime NOT NULL DEFAULT current_timestamp(),
  `ModifyUserId` varchar(225) NOT NULL,
  `StatusId` int(11) NOT NULL
) ENGINE=InnoDB DEFAULT CHARSET=latin1;

--
-- Dumping data for table `order_products`
--

INSERT INTO `order_products` (`Id`, `OrderId`, `ProductId`, `CompanyId`, `ProductName`, `UnitPrice`, `Quantity`, `subTotal`, `CreateDate`, `CreateUserId`, `ModifyDate`, `ModifyUserId`, `StatusId`) VALUES
('019e8255-2fea-11ea-8be9-48f17f8d4d88', '01913760-2fea-11ea-8be9-48f17f8d4d88', '0f4f6743-2fb7-11ea-8be9-48f17f8d4d88', NULL, 'Business cards', '500', '2', '1000', '2020-01-05 20:34:28', 'ea6f3106-2faf-11ea-8be9-48f17f8d4d88', '2020-01-05 20:34:28', 'ea6f3106-2faf-11ea-8be9-48f17f8d4d88', 1),
('019f2051-2fea-11ea-8be9-48f17f8d4d88', '01913760-2fea-11ea-8be9-48f17f8d4d88', 'cc39e692-2fb0-11ea-8be9-48f17f8d4d88', NULL, 'Dashboard design', '15000', '2', '30000', '2020-01-05 20:34:28', 'ea6f3106-2faf-11ea-8be9-48f17f8d4d88', '2020-01-05 20:34:28', 'ea6f3106-2faf-11ea-8be9-48f17f8d4d88', 1),
('035bc684-60a2-11ea-a2e3-48f17f8d4d88', '035b7f4a-60a2-11ea-a2e3-48f17f8d4d88', '10f18237-5dde-11ea-b68c-48f17f8d4d88', '94c5b3cf-d170-11e9-b97c-48f17f8d4d88', 'Summer Chill Plain Short Sleeve T-shirt', '250.00', '3', '750.00', '2020-03-07 20:32:34', 'customer', '2020-03-07 20:32:34', 'customer', 1),
('035c0233-60a2-11ea-a2e3-48f17f8d4d88', '035b7f4a-60a2-11ea-a2e3-48f17f8d4d88', '10f18237-5dde-11ea-b68c-48f17f8d4d88', '94c5b3cf-d170-11e9-b97c-48f17f8d4d88', 'Summer Chill Plain Short Sleeve T-shirt', '250.00', '4', '250.00', '2020-03-07 20:32:34', 'customer', '2020-03-07 20:32:34', 'customer', 1),
('035c30e8-60a2-11ea-a2e3-48f17f8d4d88', '035b7f4a-60a2-11ea-a2e3-48f17f8d4d88', '10f18237-5dde-11ea-b68c-48f17f8d4d88', '94c5b3cf-d170-11e9-b97c-48f17f8d4d88', 'Summer Chill Plain Short Sleeve T-shirt', '250.00', '10', '250.00', '2020-03-07 20:32:34', 'customer', '2020-03-07 20:32:34', 'customer', 1),
('035c5f1b-60a2-11ea-a2e3-48f17f8d4d88', '035b7f4a-60a2-11ea-a2e3-48f17f8d4d88', '10f18237-5dde-11ea-b68c-48f17f8d4d88', '94c5b3cf-d170-11e9-b97c-48f17f8d4d88', 'Summer Chill Plain Short Sleeve T-shirt', '250.00', '4', '250.00', '2020-03-07 20:32:34', 'customer', '2020-03-07 20:32:34', 'customer', 1),
('035c8dc0-60a2-11ea-a2e3-48f17f8d4d88', '035b7f4a-60a2-11ea-a2e3-48f17f8d4d88', '10f18237-5dde-11ea-b68c-48f17f8d4d88', '94c5b3cf-d170-11e9-b97c-48f17f8d4d88', 'Summer Chill Plain Short Sleeve T-shirt', '250.00', '4', '250.00', '2020-03-07 20:32:34', 'customer', '2020-03-07 20:32:34', 'customer', 1),
('035cb999-60a2-11ea-a2e3-48f17f8d4d88', '035b7f4a-60a2-11ea-a2e3-48f17f8d4d88', '10f18237-5dde-11ea-b68c-48f17f8d4d88', '94c5b3cf-d170-11e9-b97c-48f17f8d4d88', 'Summer Chill Plain Short Sleeve T-shirt', '250.00', '10', '250.00', '2020-03-07 20:32:34', 'customer', '2020-03-07 20:32:34', 'customer', 1),
('035ce565-60a2-11ea-a2e3-48f17f8d4d88', '035b7f4a-60a2-11ea-a2e3-48f17f8d4d88', '10f18237-5dde-11ea-b68c-48f17f8d4d88', '94c5b3cf-d170-11e9-b97c-48f17f8d4d88', 'Summer Chill Plain Short Sleeve T-shirt', '250.00', '10', '250.00', '2020-03-07 20:32:34', 'customer', '2020-03-07 20:32:34', 'customer', 1),
('035d1026-60a2-11ea-a2e3-48f17f8d4d88', '035b7f4a-60a2-11ea-a2e3-48f17f8d4d88', '10f18237-5dde-11ea-b68c-48f17f8d4d88', '94c5b3cf-d170-11e9-b97c-48f17f8d4d88', 'Summer Chill Plain Short Sleeve T-shirt', '250.00', '4', '250.00', '2020-03-07 20:32:34', 'customer', '2020-03-07 20:32:34', 'customer', 1),
('035d3eeb-60a2-11ea-a2e3-48f17f8d4d88', '035b7f4a-60a2-11ea-a2e3-48f17f8d4d88', '10f18237-5dde-11ea-b68c-48f17f8d4d88', '94c5b3cf-d170-11e9-b97c-48f17f8d4d88', 'Summer Chill Plain Short Sleeve T-shirt', '250.00', '10', '250.00', '2020-03-07 20:32:34', 'customer', '2020-03-07 20:32:34', 'customer', 1),
('035d66b3-60a2-11ea-a2e3-48f17f8d4d88', '035b7f4a-60a2-11ea-a2e3-48f17f8d4d88', '10f18237-5dde-11ea-b68c-48f17f8d4d88', '94c5b3cf-d170-11e9-b97c-48f17f8d4d88', 'Summer Chill Plain Short Sleeve T-shirt', '250.00', '10', '250.00', '2020-03-07 20:32:34', 'customer', '2020-03-07 20:32:34', 'customer', 1),
('035d91a4-60a2-11ea-a2e3-48f17f8d4d88', '035b7f4a-60a2-11ea-a2e3-48f17f8d4d88', '10f18237-5dde-11ea-b68c-48f17f8d4d88', '94c5b3cf-d170-11e9-b97c-48f17f8d4d88', 'Summer Chill Plain Short Sleeve T-shirt', '250.00', '10', '250.00', '2020-03-07 20:32:34', 'customer', '2020-03-07 20:32:34', 'customer', 1),
('035dbd96-60a2-11ea-a2e3-48f17f8d4d88', '035b7f4a-60a2-11ea-a2e3-48f17f8d4d88', '10f18237-5dde-11ea-b68c-48f17f8d4d88', '94c5b3cf-d170-11e9-b97c-48f17f8d4d88', 'Summer Chill Plain Short Sleeve T-shirt', '250.00', '10', '250.00', '2020-03-07 20:32:34', 'customer', '2020-03-07 20:32:34', 'customer', 1),
('035de8a6-60a2-11ea-a2e3-48f17f8d4d88', '035b7f4a-60a2-11ea-a2e3-48f17f8d4d88', '10f18237-5dde-11ea-b68c-48f17f8d4d88', '94c5b3cf-d170-11e9-b97c-48f17f8d4d88', 'Summer Chill Plain Short Sleeve T-shirt', '250.00', '10', '250.00', '2020-03-07 20:32:34', 'customer', '2020-03-07 20:32:34', 'customer', 1),
('035e14fc-60a2-11ea-a2e3-48f17f8d4d88', '035b7f4a-60a2-11ea-a2e3-48f17f8d4d88', '10f18237-5dde-11ea-b68c-48f17f8d4d88', '94c5b3cf-d170-11e9-b97c-48f17f8d4d88', 'Summer Chill Plain Short Sleeve T-shirt', '250.00', '10', '250.00', '2020-03-07 20:32:34', 'customer', '2020-03-07 20:32:34', 'customer', 1),
('035e3bab-60a2-11ea-a2e3-48f17f8d4d88', '035b7f4a-60a2-11ea-a2e3-48f17f8d4d88', '10f18237-5dde-11ea-b68c-48f17f8d4d88', '94c5b3cf-d170-11e9-b97c-48f17f8d4d88', 'Summer Chill Plain Short Sleeve T-shirt', '250.00', '10', '250.00', '2020-03-07 20:32:34', 'customer', '2020-03-07 20:32:34', 'customer', 1),
('04a19d26-2e48-11ea-8b40-48f17f8d4d88', '048e9f3c-2e48-11ea-8b40-48f17f8d4d88', 'c13b768a-dedd-11e9-a724-48f17f8d4d88', '94c5b3cf-d170-11e9-b97c-48f17f8d4d88', 'Baked Bread', '20', '1', '20', '2020-01-03 18:42:23', '81de5b36-d170-11e9-b97c-48f17f8d4d88', '2020-01-03 18:42:23', '81de5b36-d170-11e9-b97c-48f17f8d4d88', 1),
('04a2507b-2e48-11ea-8b40-48f17f8d4d88', '048e9f3c-2e48-11ea-8b40-48f17f8d4d88', '2126dad9-df0a-11e9-a724-48f17f8d4d88', '94c5b3cf-d170-11e9-b97c-48f17f8d4d88', '2l Fanta', '25', '1', '25', '2020-01-03 18:42:23', '81de5b36-d170-11e9-b97c-48f17f8d4d88', '2020-01-03 18:42:23', '81de5b36-d170-11e9-b97c-48f17f8d4d88', 1),
('04a2a8b4-2e48-11ea-8b40-48f17f8d4d88', '048e9f3c-2e48-11ea-8b40-48f17f8d4d88', 'aa4825ec-df08-11e9-a724-48f17f8d4d88', '94c5b3cf-d170-11e9-b97c-48f17f8d4d88', '60 Eggs', '75', '1', '75', '2020-01-03 18:42:23', '81de5b36-d170-11e9-b97c-48f17f8d4d88', '2020-01-03 18:42:23', '81de5b36-d170-11e9-b97c-48f17f8d4d88', 1),
('04a2e783-2e48-11ea-8b40-48f17f8d4d88', '048e9f3c-2e48-11ea-8b40-48f17f8d4d88', 'd6b01266-e159-11e9-9302-48f17f8d4d88', '94c5b3cf-d170-11e9-b97c-48f17f8d4d88', 'Vaseline', '12', '1', '12', '2020-01-03 18:42:23', '81de5b36-d170-11e9-b97c-48f17f8d4d88', '2020-01-03 18:42:23', '81de5b36-d170-11e9-b97c-48f17f8d4d88', 1),
('04a32165-2e48-11ea-8b40-48f17f8d4d88', '048e9f3c-2e48-11ea-8b40-48f17f8d4d88', 'f7f77f35-dfbc-11e9-850f-48f17f8d4d88', '94c5b3cf-d170-11e9-b97c-48f17f8d4d88', '2l coke', '25', '12', '300', '2020-01-03 18:42:23', '81de5b36-d170-11e9-b97c-48f17f8d4d88', '2020-01-03 18:42:23', '81de5b36-d170-11e9-b97c-48f17f8d4d88', 1),
('04a361ec-2e48-11ea-8b40-48f17f8d4d88', '048e9f3c-2e48-11ea-8b40-48f17f8d4d88', '5264b66d-d6f0-11e9-a5a1-c8f7501047dc', '94c5b3cf-d170-11e9-b97c-48f17f8d4d88', 'Valpre still water 440ml', '12', '1', '12', '2020-01-03 18:42:23', '81de5b36-d170-11e9-b97c-48f17f8d4d88', '2020-01-03 18:42:23', '81de5b36-d170-11e9-b97c-48f17f8d4d88', 1),
('04a3a684-2e48-11ea-8b40-48f17f8d4d88', '048e9f3c-2e48-11ea-8b40-48f17f8d4d88', '6ae6f763-d6f4-11e9-a5a1-c8f7501047dc', '94c5b3cf-d170-11e9-b97c-48f17f8d4d88', 'Soda can 330ml', '10', '1', '10', '2020-01-03 18:42:23', '81de5b36-d170-11e9-b97c-48f17f8d4d88', '2020-01-03 18:42:23', '81de5b36-d170-11e9-b97c-48f17f8d4d88', 1),
('063bb6da-369b-11ea-bd88-48f17f8d4d88', '06254284-369b-11ea-bd88-48f17f8d4d88', 'b099a62b-3697-11ea-bd88-48f17f8d4d88', '94c5b3cf-d170-11e9-b97c-48f17f8d4d88', 'test', '11', '1', '11', '2020-01-14 08:56:43', '81de5b36-d170-11e9-b97c-48f17f8d4d88', '2020-01-14 08:56:43', '81de5b36-d170-11e9-b97c-48f17f8d4d88', 1),
('085e361b-3aaa-11ea-807c-48f17f8d4d88', '084e483e-3aaa-11ea-807c-48f17f8d4d88', '2bd1de61-3698-11ea-bd88-48f17f8d4d88', '94c5b3cf-d170-11e9-b97c-48f17f8d4d88', 'Nerderburg duet dry wine', '80.00', '3', '240.00', '2020-01-19 12:54:14', '81de5b36-d170-11e9-b97c-48f17f8d4d88', '2020-01-19 12:54:14', '81de5b36-d170-11e9-b97c-48f17f8d4d88', 1),
('08b25579-3a35-11ea-952e-48f17f8d4d88', '08a6997b-3a35-11ea-952e-48f17f8d4d88', 'f7f77f35-dfbc-11e9-850f-48f17f8d4d88', '94c5b3cf-d170-11e9-b97c-48f17f8d4d88', '2l coke', '25.00', '4', '100.00', '2020-01-18 22:56:44', '81de5b36-d170-11e9-b97c-48f17f8d4d88', '2020-01-18 22:56:44', '81de5b36-d170-11e9-b97c-48f17f8d4d88', 1),
('08fce527-3ab4-11ea-807c-48f17f8d4d88', '08ecce4c-3ab4-11ea-807c-48f17f8d4d88', '62bdfb82-d724-11e9-a568-c8f7501047dc', '94c5b3cf-d170-11e9-b97c-48f17f8d4d88', 'Jacobs Kronung Instant Coffee 100 Gram', '65.00', '1', '65.00', '2020-01-19 14:05:50', '81de5b36-d170-11e9-b97c-48f17f8d4d88', '2020-01-19 14:05:50', '81de5b36-d170-11e9-b97c-48f17f8d4d88', 1),
('08fd28de-3ab4-11ea-807c-48f17f8d4d88', '08ecce4c-3ab4-11ea-807c-48f17f8d4d88', 'c13b768a-dedd-11e9-a724-48f17f8d4d88', '94c5b3cf-d170-11e9-b97c-48f17f8d4d88', 'Baked Bread', '20.00', '1', '20.00', '2020-01-19 14:05:50', '81de5b36-d170-11e9-b97c-48f17f8d4d88', '2020-01-19 14:05:50', '81de5b36-d170-11e9-b97c-48f17f8d4d88', 1),
('08fd5f35-3ab4-11ea-807c-48f17f8d4d88', '08ecce4c-3ab4-11ea-807c-48f17f8d4d88', '2126dad9-df0a-11e9-a724-48f17f8d4d88', '94c5b3cf-d170-11e9-b97c-48f17f8d4d88', '2l Fanta', '25.00', '1', '25.00', '2020-01-19 14:05:50', '81de5b36-d170-11e9-b97c-48f17f8d4d88', '2020-01-19 14:05:50', '81de5b36-d170-11e9-b97c-48f17f8d4d88', 1),
('08fdbc34-3ab4-11ea-807c-48f17f8d4d88', '08ecce4c-3ab4-11ea-807c-48f17f8d4d88', '417ffc60-df08-11e9-a724-48f17f8d4d88', '94c5b3cf-d170-11e9-b97c-48f17f8d4d88', 'mayonnaise', '30.00', '1', '30.00', '2020-01-19 14:05:50', '81de5b36-d170-11e9-b97c-48f17f8d4d88', '2020-01-19 14:05:50', '81de5b36-d170-11e9-b97c-48f17f8d4d88', 1),
('08fe0ee4-3ab4-11ea-807c-48f17f8d4d88', '08ecce4c-3ab4-11ea-807c-48f17f8d4d88', '0c1f21ca-dc76-11e9-84fb-c8f7501047dc', '94c5b3cf-d170-11e9-b97c-48f17f8d4d88', 'Well Olive Oil 1lt', '62.00', '1', '62.00', '2020-01-19 14:05:50', '81de5b36-d170-11e9-b97c-48f17f8d4d88', '2020-01-19 14:05:50', '81de5b36-d170-11e9-b97c-48f17f8d4d88', 1),
('0c5e3128-22f8-11ea-bb26-48f17f8d4d88', '0c4c3f54-22f8-11ea-bb26-48f17f8d4d88', 'f55adf15-e29a-11e9-abbd-48f17f8d4d88', '94c5b3cf-d170-11e9-b97c-48f17f8d4d88', 'Peri peri source', '100', '1', '100', '2019-12-20 09:12:14', '81de5b36-d170-11e9-b97c-48f17f8d4d88', '2019-12-20 09:12:14', '81de5b36-d170-11e9-b97c-48f17f8d4d88', 1),
('0c5ef4a5-22f8-11ea-bb26-48f17f8d4d88', '0c4c3f54-22f8-11ea-bb26-48f17f8d4d88', 'd6b01266-e159-11e9-9302-48f17f8d4d88', '94c5b3cf-d170-11e9-b97c-48f17f8d4d88', 'Vaseline', '12', '1', '12', '2019-12-20 09:12:14', '81de5b36-d170-11e9-b97c-48f17f8d4d88', '2019-12-20 09:12:14', '81de5b36-d170-11e9-b97c-48f17f8d4d88', 1),
('0e1d5575-60a7-11ea-a2e3-48f17f8d4d88', '0e1ca765-60a7-11ea-a2e3-48f17f8d4d88', '10f18237-5dde-11ea-b68c-48f17f8d4d88', '94c5b3cf-d170-11e9-b97c-48f17f8d4d88', 'Summer Chill Plain Short Sleeve T-shirt', '250.00', '10', '2500.00', '2020-03-07 21:08:40', 'customer', '2020-03-07 21:08:40', 'customer', 1),
('0e1d9355-60a7-11ea-a2e3-48f17f8d4d88', '0e1ca765-60a7-11ea-a2e3-48f17f8d4d88', '10f18237-5dde-11ea-b68c-48f17f8d4d88', '94c5b3cf-d170-11e9-b97c-48f17f8d4d88', 'Summer Chill Plain Short Sleeve T-shirt', '250.00', '10', '2500.00', '2020-03-07 21:08:40', 'customer', '2020-03-07 21:08:40', 'customer', 1),
('0e1df158-60a7-11ea-a2e3-48f17f8d4d88', '0e1ca765-60a7-11ea-a2e3-48f17f8d4d88', '10f18237-5dde-11ea-b68c-48f17f8d4d88', '94c5b3cf-d170-11e9-b97c-48f17f8d4d88', 'Summer Chill Plain Short Sleeve T-shirt', '250.00', '10', '2500.00', '2020-03-07 21:08:40', 'customer', '2020-03-07 21:08:40', 'customer', 1),
('0e8ee00c-3e13-11ea-820f-48f17f8d4d88', '0e8e4521-3e13-11ea-820f-48f17f8d4d88', 'dd5d9f0c-3c3c-11ea-9fda-48f17f8d4d88', '94c5b3cf-d170-11e9-b97c-48f17f8d4d88', 'Aromatic', '18.00', '1', '18.00', '2020-01-23 21:03:35', '81de5b36-d170-11e9-b97c-48f17f8d4d88', '2020-01-23 21:03:35', '81de5b36-d170-11e9-b97c-48f17f8d4d88', 1),
('0f1795cb-369a-11ea-bd88-48f17f8d4d88', '0f0475fc-369a-11ea-bd88-48f17f8d4d88', 'b099a62b-3697-11ea-bd88-48f17f8d4d88', '94c5b3cf-d170-11e9-b97c-48f17f8d4d88', 'test', '11', '1', '11', '2020-01-14 08:49:48', '81de5b36-d170-11e9-b97c-48f17f8d4d88', '2020-01-14 08:49:48', '81de5b36-d170-11e9-b97c-48f17f8d4d88', 1),
('0f208bc1-652f-11ea-80a3-48f17f8d4d88', '0f1fdef6-652f-11ea-80a3-48f17f8d4d88', '10f18237-5dde-11ea-b68c-48f17f8d4d88', '94c5b3cf-d170-11e9-b97c-48f17f8d4d88', 'Summer Chill Plain Short Sleeve T-shirt', '250.00', '1', '250.00', '2020-03-13 15:32:17', 'customer', '2020-03-13 15:32:17', 'customer', 1),
('0f20ce1e-652f-11ea-80a3-48f17f8d4d88', '0f1fdef6-652f-11ea-80a3-48f17f8d4d88', '5e0d8008-47da-11ea-b608-48f17f8d4d88', '94c5b3cf-d170-11e9-b97c-48f17f8d4d88', 'Red Nike shoes', '450.00', '5', '2250.00', '2020-03-13 15:32:17', 'customer', '2020-03-13 15:32:17', 'customer', 1),
('100500f9-3928-11ea-9d4d-48f17f8d4d88', '0ff61658-3928-11ea-9d4d-48f17f8d4d88', '2bd1de61-3698-11ea-bd88-48f17f8d4d88', '94c5b3cf-d170-11e9-b97c-48f17f8d4d88', 'test', '12.50', '1', '12.50', '2020-01-17 14:51:21', '81de5b36-d170-11e9-b97c-48f17f8d4d88', '2020-01-17 14:51:21', '81de5b36-d170-11e9-b97c-48f17f8d4d88', 1),
('10052963-3928-11ea-9d4d-48f17f8d4d88', '0ff61658-3928-11ea-9d4d-48f17f8d4d88', 'b099a62b-3697-11ea-bd88-48f17f8d4d88', '94c5b3cf-d170-11e9-b97c-48f17f8d4d88', 'test', '10.50', '1', '10.50', '2020-01-17 14:51:21', '81de5b36-d170-11e9-b97c-48f17f8d4d88', '2020-01-17 14:51:21', '81de5b36-d170-11e9-b97c-48f17f8d4d88', 1),
('10054c18-3928-11ea-9d4d-48f17f8d4d88', '0ff61658-3928-11ea-9d4d-48f17f8d4d88', '05e447a5-31da-11ea-a404-48f17f8d4d88', '94c5b3cf-d170-11e9-b97c-48f17f8d4d88', 'Fish raw', '65.00', '1', '65.00', '2020-01-17 14:51:21', '81de5b36-d170-11e9-b97c-48f17f8d4d88', '2020-01-17 14:51:21', '81de5b36-d170-11e9-b97c-48f17f8d4d88', 1),
('100571ab-3928-11ea-9d4d-48f17f8d4d88', '0ff61658-3928-11ea-9d4d-48f17f8d4d88', '05e4ce65-31da-11ea-a404-48f17f8d4d88', '94c5b3cf-d170-11e9-b97c-48f17f8d4d88', 'prawn raw 5kg', '65.00', '1', '65.00', '2020-01-17 14:51:21', '81de5b36-d170-11e9-b97c-48f17f8d4d88', '2020-01-17 14:51:21', '81de5b36-d170-11e9-b97c-48f17f8d4d88', 1),
('1005a6df-3928-11ea-9d4d-48f17f8d4d88', '0ff61658-3928-11ea-9d4d-48f17f8d4d88', 'a9c62997-317a-11ea-a404-48f17f8d4d88', '94c5b3cf-d170-11e9-b97c-48f17f8d4d88', 'Fish raw', '65.00', '1', '65.00', '2020-01-17 14:51:21', '81de5b36-d170-11e9-b97c-48f17f8d4d88', '2020-01-17 14:51:21', '81de5b36-d170-11e9-b97c-48f17f8d4d88', 1),
('1005edf5-3928-11ea-9d4d-48f17f8d4d88', '0ff61658-3928-11ea-9d4d-48f17f8d4d88', '75108eb4-3154-11ea-a404-48f17f8d4d88', '94c5b3cf-d170-11e9-b97c-48f17f8d4d88', 'Coke can', '18.00', '1', '18.00', '2020-01-17 14:51:21', '81de5b36-d170-11e9-b97c-48f17f8d4d88', '2020-01-17 14:51:21', '81de5b36-d170-11e9-b97c-48f17f8d4d88', 1),
('10bc63a4-3b94-11ea-94dc-48f17f8d4d88', '10a8ebfc-3b94-11ea-94dc-48f17f8d4d88', 'd142a93c-d71b-11e9-a568-c8f7501047dc', '94c5b3cf-d170-11e9-b97c-48f17f8d4d88', 'Clover Fresh Full Cream Milk - 1L', '15.00', '1', '15.00', '2020-01-20 16:49:29', '81de5b36-d170-11e9-b97c-48f17f8d4d88', '2020-01-20 16:49:29', '81de5b36-d170-11e9-b97c-48f17f8d4d88', 1),
('10bc95a3-3b94-11ea-94dc-48f17f8d4d88', '10a8ebfc-3b94-11ea-94dc-48f17f8d4d88', '5264b66d-d6f0-11e9-a5a1-c8f7501047dc', '94c5b3cf-d170-11e9-b97c-48f17f8d4d88', 'Valpre still water 440ml', '12.00', '2', '24.00', '2020-01-20 16:49:29', '81de5b36-d170-11e9-b97c-48f17f8d4d88', '2020-01-20 16:49:29', '81de5b36-d170-11e9-b97c-48f17f8d4d88', 1),
('110ff6c9-3a10-11ea-9d4d-48f17f8d4d88', '10da8059-3a10-11ea-9d4d-48f17f8d4d88', '2126dad9-df0a-11e9-a724-48f17f8d4d88', '94c5b3cf-d170-11e9-b97c-48f17f8d4d88', '2l Fanta', '25.00', '3', '75.00', '2020-01-18 18:31:55', '81de5b36-d170-11e9-b97c-48f17f8d4d88', '2020-01-18 18:31:55', '81de5b36-d170-11e9-b97c-48f17f8d4d88', 1),
('13f8f2e4-3c46-11ea-9fda-48f17f8d4d88', '13d278d8-3c46-11ea-9fda-48f17f8d4d88', 'dd5d9f0c-3c3c-11ea-9fda-48f17f8d4d88', '94c5b3cf-d170-11e9-b97c-48f17f8d4d88', 'Aromatic', '18.00', '1', '18.00', '2020-01-21 14:03:46', '81de5b36-d170-11e9-b97c-48f17f8d4d88', '2020-01-21 14:03:46', '81de5b36-d170-11e9-b97c-48f17f8d4d88', 1),
('13f9aea6-3c46-11ea-9fda-48f17f8d4d88', '13d278d8-3c46-11ea-9fda-48f17f8d4d88', '04c46765-3a30-11ea-952e-48f17f8d4d88', '94c5b3cf-d170-11e9-b97c-48f17f8d4d88', 'Vaseline leap therapy', '50.00', '1', '50.00', '2020-01-21 14:03:46', '81de5b36-d170-11e9-b97c-48f17f8d4d88', '2020-01-21 14:03:46', '81de5b36-d170-11e9-b97c-48f17f8d4d88', 1),
('13fa05bf-3c46-11ea-9fda-48f17f8d4d88', '13d278d8-3c46-11ea-9fda-48f17f8d4d88', '05e3b73d-31da-11ea-a404-48f17f8d4d88', '94c5b3cf-d170-11e9-b97c-48f17f8d4d88', 'Beef tray', '55.00', '1', '55.00', '2020-01-21 14:03:46', '81de5b36-d170-11e9-b97c-48f17f8d4d88', '2020-01-21 14:03:46', '81de5b36-d170-11e9-b97c-48f17f8d4d88', 1),
('146852f6-5852-11ea-86fe-48f17f8d4d88', '14678f5c-5852-11ea-86fe-48f17f8d4d88', '5e0eb0fd-47da-11ea-b608-48f17f8d4d88', '94c5b3cf-d170-11e9-b97c-48f17f8d4d88', 'Swmming cosume', '150.00', '1', '150.00', '2020-02-26 06:40:14', 'customer', '2020-02-26 06:40:14', 'customer', 1),
('14692cfa-5852-11ea-86fe-48f17f8d4d88', '14678f5c-5852-11ea-86fe-48f17f8d4d88', '5e0f26d3-47da-11ea-b608-48f17f8d4d88', '94c5b3cf-d170-11e9-b97c-48f17f8d4d88', 'Log Red dress', '850.00', '1', '850.00', '2020-02-26 06:40:14', 'customer', '2020-02-26 06:40:14', 'customer', 1),
('175c40e4-593e-11ea-85bf-48f17f8d4d88', '175b5415-593e-11ea-85bf-48f17f8d4d88', '5e0e53ff-47da-11ea-b608-48f17f8d4d88', '94c5b3cf-d170-11e9-b97c-48f17f8d4d88', 'Red drip', '900.00', '1', '900.00', '2020-02-27 10:49:40', 'customer', '2020-02-27 10:49:40', 'customer', 1),
('175c8ffd-593e-11ea-85bf-48f17f8d4d88', '175b5415-593e-11ea-85bf-48f17f8d4d88', '5e0eb0fd-47da-11ea-b608-48f17f8d4d88', '94c5b3cf-d170-11e9-b97c-48f17f8d4d88', 'Swmming cosume', '150.00', '1', '150.00', '2020-02-27 10:49:40', 'customer', '2020-02-27 10:49:40', 'customer', 1),
('18201925-586d-11ea-86fe-48f17f8d4d88', '181fb26f-586d-11ea-86fe-48f17f8d4d88', '5e0f26d3-47da-11ea-b608-48f17f8d4d88', '94c5b3cf-d170-11e9-b97c-48f17f8d4d88', 'Log Red dress', '850.00', '1', '850.00', '2020-02-26 09:53:36', 'customer', '2020-02-26 09:53:36', 'customer', 1),
('18208561-586d-11ea-86fe-48f17f8d4d88', '181fb26f-586d-11ea-86fe-48f17f8d4d88', '5e0eb0fd-47da-11ea-b608-48f17f8d4d88', '94c5b3cf-d170-11e9-b97c-48f17f8d4d88', 'Swmming cosume', '150.00', '1', '150.00', '2020-02-26 09:53:36', 'customer', '2020-02-26 09:53:36', 'customer', 1),
('1820c17a-586d-11ea-86fe-48f17f8d4d88', '181fb26f-586d-11ea-86fe-48f17f8d4d88', 'b099a62b-3697-11ea-bd88-48f17f8d4d88', '94c5b3cf-d170-11e9-b97c-48f17f8d4d88', 'Sun Cap', '11.00', '1', '11.00', '2020-02-26 09:53:36', 'customer', '2020-02-26 09:53:36', 'customer', 1),
('187b989c-18ea-11ea-8276-48f17f8d4d88', '186d2646-18ea-11ea-8276-48f17f8d4d88', 'f55adf15-e29a-11e9-abbd-48f17f8d4d88', '94c5b3cf-d170-11e9-b97c-48f17f8d4d88', 'Peri peri source', '100', '3', '300', '2019-12-07 14:07:10', '81de5b36-d170-11e9-b97c-48f17f8d4d88', '2019-12-07 14:07:10', '81de5b36-d170-11e9-b97c-48f17f8d4d88', 1),
('187c4321-18ea-11ea-8276-48f17f8d4d88', '186d2646-18ea-11ea-8276-48f17f8d4d88', 'd6b01266-e159-11e9-9302-48f17f8d4d88', '94c5b3cf-d170-11e9-b97c-48f17f8d4d88', 'Vaseline', '12', '2', '24', '2019-12-07 14:07:10', '81de5b36-d170-11e9-b97c-48f17f8d4d88', '2019-12-07 14:07:10', '81de5b36-d170-11e9-b97c-48f17f8d4d88', 1),
('187ca172-18ea-11ea-8276-48f17f8d4d88', '186d2646-18ea-11ea-8276-48f17f8d4d88', 'aa4825ec-df08-11e9-a724-48f17f8d4d88', '94c5b3cf-d170-11e9-b97c-48f17f8d4d88', '60 Eggs', '75', '2', '150', '2019-12-07 14:07:10', '81de5b36-d170-11e9-b97c-48f17f8d4d88', '2019-12-07 14:07:10', '81de5b36-d170-11e9-b97c-48f17f8d4d88', 1),
('187ce93e-18ea-11ea-8276-48f17f8d4d88', '186d2646-18ea-11ea-8276-48f17f8d4d88', 'c13b768a-dedd-11e9-a724-48f17f8d4d88', '94c5b3cf-d170-11e9-b97c-48f17f8d4d88', 'Bread', '20', '1', '20', '2019-12-07 14:07:10', '81de5b36-d170-11e9-b97c-48f17f8d4d88', '2019-12-07 14:07:10', '81de5b36-d170-11e9-b97c-48f17f8d4d88', 1),
('187d27d3-18ea-11ea-8276-48f17f8d4d88', '186d2646-18ea-11ea-8276-48f17f8d4d88', '2126dad9-df0a-11e9-a724-48f17f8d4d88', '94c5b3cf-d170-11e9-b97c-48f17f8d4d88', 'Mouse', '150', '2', '300', '2019-12-07 14:07:10', '81de5b36-d170-11e9-b97c-48f17f8d4d88', '2019-12-07 14:07:10', '81de5b36-d170-11e9-b97c-48f17f8d4d88', 1),
('18d4813b-2fb7-11ea-8be9-48f17f8d4d88', '18c27d73-2fb7-11ea-8be9-48f17f8d4d88', '0f4f6743-2fb7-11ea-8be9-48f17f8d4d88', NULL, 'Business cards', '500', '1', '500', '2020-01-05 14:30:03', 'ea6f3106-2faf-11ea-8be9-48f17f8d4d88', '2020-01-05 14:30:03', 'ea6f3106-2faf-11ea-8be9-48f17f8d4d88', 1),
('18d58e73-2fb7-11ea-8be9-48f17f8d4d88', '18c27d73-2fb7-11ea-8be9-48f17f8d4d88', 'a685d45e-2fb0-11ea-8be9-48f17f8d4d88', NULL, 'Logo Design', '500', '1', '500', '2020-01-05 14:30:03', 'ea6f3106-2faf-11ea-8be9-48f17f8d4d88', '2020-01-05 14:30:03', 'ea6f3106-2faf-11ea-8be9-48f17f8d4d88', 1),
('19d2cae5-3699-11ea-bd88-48f17f8d4d88', '19bd7e57-3699-11ea-bd88-48f17f8d4d88', 'b099a62b-3697-11ea-bd88-48f17f8d4d88', '94c5b3cf-d170-11e9-b97c-48f17f8d4d88', 'test', '11', '2', '21', '2020-01-14 08:42:57', '81de5b36-d170-11e9-b97c-48f17f8d4d88', '2020-01-14 08:42:57', '81de5b36-d170-11e9-b97c-48f17f8d4d88', 1),
('1ab1a97e-593e-11ea-85bf-48f17f8d4d88', '1ab170e9-593e-11ea-85bf-48f17f8d4d88', '5e0e53ff-47da-11ea-b608-48f17f8d4d88', '94c5b3cf-d170-11e9-b97c-48f17f8d4d88', 'Red drip', '900.00', '1', '900.00', '2020-02-27 10:49:46', 'customer', '2020-02-27 10:49:46', 'customer', 1),
('1ab1e1c2-593e-11ea-85bf-48f17f8d4d88', '1ab170e9-593e-11ea-85bf-48f17f8d4d88', '5e0eb0fd-47da-11ea-b608-48f17f8d4d88', '94c5b3cf-d170-11e9-b97c-48f17f8d4d88', 'Swmming cosume', '150.00', '1', '150.00', '2020-02-27 10:49:46', 'customer', '2020-02-27 10:49:46', 'customer', 1),
('1b05811a-50f5-11ea-ad2e-48f17f8d4d88', '1b04e169-50f5-11ea-ad2e-48f17f8d4d88', '5e0d8008-47da-11ea-b608-48f17f8d4d88', '94c5b3cf-d170-11e9-b97c-48f17f8d4d88', 'Red shoes', '450.00', '1', '450.00', '2020-02-16 21:47:03', '81de5b36-d170-11e9-b97c-48f17f8d4d88', '2020-02-16 21:47:03', '81de5b36-d170-11e9-b97c-48f17f8d4d88', 1),
('1b05c254-50f5-11ea-ad2e-48f17f8d4d88', '1b04e169-50f5-11ea-ad2e-48f17f8d4d88', '5e0e53ff-47da-11ea-b608-48f17f8d4d88', '94c5b3cf-d170-11e9-b97c-48f17f8d4d88', 'Blue shorts', '180.00', '1', '180.00', '2020-02-16 21:47:03', '81de5b36-d170-11e9-b97c-48f17f8d4d88', '2020-02-16 21:47:03', '81de5b36-d170-11e9-b97c-48f17f8d4d88', 1),
('1b614d6c-635c-11ea-81fb-48f17f8d4d88', '1b61092c-635c-11ea-81fb-48f17f8d4d88', '10f18237-5dde-11ea-b68c-48f17f8d4d88', '94c5b3cf-d170-11e9-b97c-48f17f8d4d88', 'Summer Chill Plain Short Sleeve T-shirt', '250.00', '1', '250.00', '2020-03-11 07:49:43', 'customer', '2020-03-11 07:49:43', 'customer', 1),
('1b617f4e-635c-11ea-81fb-48f17f8d4d88', '1b61092c-635c-11ea-81fb-48f17f8d4d88', '10f18237-5dde-11ea-b68c-48f17f8d4d88', '94c5b3cf-d170-11e9-b97c-48f17f8d4d88', 'Summer Chill Plain Short Sleeve T-shirt', '250.00', '1', '250.00', '2020-03-11 07:49:43', 'customer', '2020-03-11 07:49:43', 'customer', 1),
('1d144c6d-60a7-11ea-a2e3-48f17f8d4d88', '1d13a325-60a7-11ea-a2e3-48f17f8d4d88', '10f18237-5dde-11ea-b68c-48f17f8d4d88', '94c5b3cf-d170-11e9-b97c-48f17f8d4d88', 'Summer Chill Plain Short Sleeve T-shirt', '250.00', '8', '2000.00', '2020-03-07 21:09:05', 'customer', '2020-03-07 21:09:05', 'customer', 1),
('1d149773-60a7-11ea-a2e3-48f17f8d4d88', '1d13a325-60a7-11ea-a2e3-48f17f8d4d88', '10f18237-5dde-11ea-b68c-48f17f8d4d88', '94c5b3cf-d170-11e9-b97c-48f17f8d4d88', 'Summer Chill Plain Short Sleeve T-shirt', '250.00', '7', '1750.00', '2020-03-07 21:09:05', 'customer', '2020-03-07 21:09:05', 'customer', 1),
('1d14cfed-60a7-11ea-a2e3-48f17f8d4d88', '1d13a325-60a7-11ea-a2e3-48f17f8d4d88', '10f18237-5dde-11ea-b68c-48f17f8d4d88', '94c5b3cf-d170-11e9-b97c-48f17f8d4d88', 'Summer Chill Plain Short Sleeve T-shirt', '250.00', '6', '1500.00', '2020-03-07 21:09:05', 'customer', '2020-03-07 21:09:05', 'customer', 1),
('1d3f8aa0-5869-11ea-86fe-48f17f8d4d88', '1d3ecc55-5869-11ea-86fe-48f17f8d4d88', '5e0f26d3-47da-11ea-b608-48f17f8d4d88', '94c5b3cf-d170-11e9-b97c-48f17f8d4d88', 'Log Red dress', '850.00', '1', '850.00', '2020-02-26 09:25:07', 'customer', '2020-02-26 09:25:07', 'customer', 1),
('1d3fd067-5869-11ea-86fe-48f17f8d4d88', '1d3ecc55-5869-11ea-86fe-48f17f8d4d88', '5e0eb0fd-47da-11ea-b608-48f17f8d4d88', '94c5b3cf-d170-11e9-b97c-48f17f8d4d88', 'Swmming cosume', '150.00', '1', '150.00', '2020-02-26 09:25:07', 'customer', '2020-02-26 09:25:07', 'customer', 1),
('1d400da2-5869-11ea-86fe-48f17f8d4d88', '1d3ecc55-5869-11ea-86fe-48f17f8d4d88', 'b099a62b-3697-11ea-bd88-48f17f8d4d88', '94c5b3cf-d170-11e9-b97c-48f17f8d4d88', 'Sun Cap', '11.00', '1', '11.00', '2020-02-26 09:25:07', 'customer', '2020-02-26 09:25:07', 'customer', 1),
('1e5ff1fa-1b81-11ea-a59b-48f17f8d4d88', '1e52cb20-1b81-11ea-a59b-48f17f8d4d88', 'f55adf15-e29a-11e9-abbd-48f17f8d4d88', '94c5b3cf-d170-11e9-b97c-48f17f8d4d88', 'Peri peri source', '100', '2', '200', '2019-12-10 21:13:16', '81de5b36-d170-11e9-b97c-48f17f8d4d88', '2019-12-10 21:13:16', '81de5b36-d170-11e9-b97c-48f17f8d4d88', 1),
('1e604092-1b81-11ea-a59b-48f17f8d4d88', '1e52cb20-1b81-11ea-a59b-48f17f8d4d88', 'd6b01266-e159-11e9-9302-48f17f8d4d88', '94c5b3cf-d170-11e9-b97c-48f17f8d4d88', 'Vaseline', '12', '2', '24', '2019-12-10 21:13:16', '81de5b36-d170-11e9-b97c-48f17f8d4d88', '2019-12-10 21:13:16', '81de5b36-d170-11e9-b97c-48f17f8d4d88', 1),
('1e60b556-1b81-11ea-a59b-48f17f8d4d88', '1e52cb20-1b81-11ea-a59b-48f17f8d4d88', 'c13b768a-dedd-11e9-a724-48f17f8d4d88', '94c5b3cf-d170-11e9-b97c-48f17f8d4d88', 'Bread', '20', '1', '20', '2019-12-10 21:13:16', '81de5b36-d170-11e9-b97c-48f17f8d4d88', '2019-12-10 21:13:16', '81de5b36-d170-11e9-b97c-48f17f8d4d88', 1),
('1e60fd20-1b81-11ea-a59b-48f17f8d4d88', '1e52cb20-1b81-11ea-a59b-48f17f8d4d88', 'c54e67a9-dd62-11e9-8ffb-c8f7501047dc', '94c5b3cf-d170-11e9-b97c-48f17f8d4d88', 'Fanta', '25', '2', '50', '2019-12-10 21:13:16', '81de5b36-d170-11e9-b97c-48f17f8d4d88', '2019-12-10 21:13:16', '81de5b36-d170-11e9-b97c-48f17f8d4d88', 1),
('1f0a74d5-6523-11ea-80a3-48f17f8d4d88', '1f09fccc-6523-11ea-80a3-48f17f8d4d88', '51915956-5ddc-11ea-a211-48f17f8d4d88', '94c5b3cf-d170-11e9-b97c-48f17f8d4d88', 'M2K Tekno', '1600.00', '2', '3200.00', '2020-03-13 14:06:50', '81de5b36-d170-11e9-b97c-48f17f8d4d88', '2020-03-13 14:06:50', '81de5b36-d170-11e9-b97c-48f17f8d4d88', 1),
('230c00c6-5853-11ea-86fe-48f17f8d4d88', '230b449f-5853-11ea-86fe-48f17f8d4d88', '5e0eb0fd-47da-11ea-b608-48f17f8d4d88', '94c5b3cf-d170-11e9-b97c-48f17f8d4d88', 'Swmming cosume', '150.00', '1', '150.00', '2020-02-26 06:47:48', 'customer', '2020-02-26 06:47:48', 'customer', 1),
('230ca384-5853-11ea-86fe-48f17f8d4d88', '230b449f-5853-11ea-86fe-48f17f8d4d88', '5e0f26d3-47da-11ea-b608-48f17f8d4d88', '94c5b3cf-d170-11e9-b97c-48f17f8d4d88', 'Log Red dress', '850.00', '1', '850.00', '2020-02-26 06:47:48', 'customer', '2020-02-26 06:47:48', 'customer', 1),
('2357c85b-5924-11ea-ad2e-48f17f8d4d88', '23571520-5924-11ea-ad2e-48f17f8d4d88', '5e0e53ff-47da-11ea-b608-48f17f8d4d88', '94c5b3cf-d170-11e9-b97c-48f17f8d4d88', 'Red drip', '900.00', '1', '900.00', '2020-02-27 07:43:52', 'customer', '2020-02-27 07:43:52', 'customer', 1),
('23580cec-5924-11ea-ad2e-48f17f8d4d88', '23571520-5924-11ea-ad2e-48f17f8d4d88', '5e0eb0fd-47da-11ea-b608-48f17f8d4d88', '94c5b3cf-d170-11e9-b97c-48f17f8d4d88', 'Swmming cosume', '150.00', '1', '150.00', '2020-02-27 07:43:52', 'customer', '2020-02-27 07:43:52', 'customer', 1),
('28b8b734-2fb3-11ea-8be9-48f17f8d4d88', '28a787bb-2fb3-11ea-8be9-48f17f8d4d88', 'a685d45e-2fb0-11ea-8be9-48f17f8d4d88', NULL, 'Logo Design', '500', '1', '500', '2020-01-05 14:01:51', 'ea6f3106-2faf-11ea-8be9-48f17f8d4d88', '2020-01-05 14:01:51', 'ea6f3106-2faf-11ea-8be9-48f17f8d4d88', 1),
('2b313b3d-5852-11ea-86fe-48f17f8d4d88', '2b30a6f7-5852-11ea-86fe-48f17f8d4d88', '5e0eb0fd-47da-11ea-b608-48f17f8d4d88', '94c5b3cf-d170-11e9-b97c-48f17f8d4d88', 'Swmming cosume', '150.00', '1', '150.00', '2020-02-26 06:40:52', 'customer', '2020-02-26 06:40:52', 'customer', 1),
('2b32dff0-5852-11ea-86fe-48f17f8d4d88', '2b30a6f7-5852-11ea-86fe-48f17f8d4d88', '5e0f26d3-47da-11ea-b608-48f17f8d4d88', '94c5b3cf-d170-11e9-b97c-48f17f8d4d88', 'Log Red dress', '850.00', '1', '850.00', '2020-02-26 06:40:52', 'customer', '2020-02-26 06:40:52', 'customer', 1),
('2bfcb8a4-652e-11ea-80a3-48f17f8d4d88', '2bfc10a9-652e-11ea-80a3-48f17f8d4d88', '10f18237-5dde-11ea-b68c-48f17f8d4d88', '94c5b3cf-d170-11e9-b97c-48f17f8d4d88', 'Summer Chill Plain Short Sleeve T-shirt', '250.00', '1', '250.00', '2020-03-13 15:25:56', 'customer', '2020-03-13 15:25:56', 'customer', 1),
('2bfd0aae-652e-11ea-80a3-48f17f8d4d88', '2bfc10a9-652e-11ea-80a3-48f17f8d4d88', '5e0d8008-47da-11ea-b608-48f17f8d4d88', '94c5b3cf-d170-11e9-b97c-48f17f8d4d88', 'Red Nike shoes', '450.00', '5', '2250.00', '2020-03-13 15:25:56', 'customer', '2020-03-13 15:25:56', 'customer', 1),
('2e9d3bc2-3aaa-11ea-807c-48f17f8d4d88', '2e8ce396-3aaa-11ea-807c-48f17f8d4d88', 'f55adf15-e29a-11e9-abbd-48f17f8d4d88', '94c5b3cf-d170-11e9-b97c-48f17f8d4d88', '500ml Peri peri source', '32.00', '3', '96.00', '2020-01-19 12:55:18', '81de5b36-d170-11e9-b97c-48f17f8d4d88', '2020-01-19 12:55:18', '81de5b36-d170-11e9-b97c-48f17f8d4d88', 1),
('2ea2e6e1-5854-11ea-86fe-48f17f8d4d88', '2ea2491c-5854-11ea-86fe-48f17f8d4d88', '04c46765-3a30-11ea-952e-48f17f8d4d88', '94c5b3cf-d170-11e9-b97c-48f17f8d4d88', 'Cutie Copie', '120.00', '1', '120.00', '2020-02-26 06:55:16', 'customer', '2020-02-26 06:55:16', 'customer', 1),
('2ea32609-5854-11ea-86fe-48f17f8d4d88', '2ea2491c-5854-11ea-86fe-48f17f8d4d88', '2bd1de61-3698-11ea-bd88-48f17f8d4d88', '94c5b3cf-d170-11e9-b97c-48f17f8d4d88', 'Golfer', '220.00', '1', '220.00', '2020-02-26 06:55:16', 'customer', '2020-02-26 06:55:16', 'customer', 1),
('2ea361d0-5854-11ea-86fe-48f17f8d4d88', '2ea2491c-5854-11ea-86fe-48f17f8d4d88', 'b099a62b-3697-11ea-bd88-48f17f8d4d88', '94c5b3cf-d170-11e9-b97c-48f17f8d4d88', 'Sun Cap', '11.00', '1', '11.00', '2020-02-26 06:55:16', 'customer', '2020-02-26 06:55:16', 'customer', 1),
('2ea39c95-5854-11ea-86fe-48f17f8d4d88', '2ea2491c-5854-11ea-86fe-48f17f8d4d88', 'a9c62997-317a-11ea-a404-48f17f8d4d88', '94c5b3cf-d170-11e9-b97c-48f17f8d4d88', 'Naija style couple', '65.00', '1', '65.00', '2020-02-26 06:55:16', 'customer', '2020-02-26 06:55:16', 'customer', 1),
('2ea3d7e0-5854-11ea-86fe-48f17f8d4d88', '2ea2491c-5854-11ea-86fe-48f17f8d4d88', '75108eb4-3154-11ea-a404-48f17f8d4d88', '94c5b3cf-d170-11e9-b97c-48f17f8d4d88', 'Coke can', '18.00', '1', '18.00', '2020-02-26 06:55:16', 'customer', '2020-02-26 06:55:16', 'customer', 1),
('2ea41d1f-5854-11ea-86fe-48f17f8d4d88', '2ea2491c-5854-11ea-86fe-48f17f8d4d88', '5e0d8008-47da-11ea-b608-48f17f8d4d88', '94c5b3cf-d170-11e9-b97c-48f17f8d4d88', 'Red Nike shoes', '450.00', '1', '450.00', '2020-02-26 06:55:16', 'customer', '2020-02-26 06:55:16', 'customer', 1),
('2ea45fbb-5854-11ea-86fe-48f17f8d4d88', '2ea2491c-5854-11ea-86fe-48f17f8d4d88', '5e0e53ff-47da-11ea-b608-48f17f8d4d88', '94c5b3cf-d170-11e9-b97c-48f17f8d4d88', 'Red drip', '900.00', '1', '900.00', '2020-02-26 06:55:16', 'customer', '2020-02-26 06:55:16', 'customer', 1),
('2ea4a35c-5854-11ea-86fe-48f17f8d4d88', '2ea2491c-5854-11ea-86fe-48f17f8d4d88', '5e0eb0fd-47da-11ea-b608-48f17f8d4d88', '94c5b3cf-d170-11e9-b97c-48f17f8d4d88', 'Swmming cosume', '150.00', '1', '150.00', '2020-02-26 06:55:16', 'customer', '2020-02-26 06:55:16', 'customer', 1),
('331ab98a-3a34-11ea-952e-48f17f8d4d88', '330617cb-3a34-11ea-952e-48f17f8d4d88', 'f7f77f35-dfbc-11e9-850f-48f17f8d4d88', '94c5b3cf-d170-11e9-b97c-48f17f8d4d88', '2l coke', '25.00', '3', '75.00', '2020-01-18 22:50:45', '81de5b36-d170-11e9-b97c-48f17f8d4d88', '2020-01-18 22:50:45', '81de5b36-d170-11e9-b97c-48f17f8d4d88', 1),
('33e4d441-586d-11ea-86fe-48f17f8d4d88', '33e3eea6-586d-11ea-86fe-48f17f8d4d88', '5e0f26d3-47da-11ea-b608-48f17f8d4d88', '94c5b3cf-d170-11e9-b97c-48f17f8d4d88', 'Log Red dress', '850.00', '1', '850.00', '2020-02-26 09:54:23', 'customer', '2020-02-26 09:54:23', 'customer', 1),
('33e56d0b-586d-11ea-86fe-48f17f8d4d88', '33e3eea6-586d-11ea-86fe-48f17f8d4d88', '5e0eb0fd-47da-11ea-b608-48f17f8d4d88', '94c5b3cf-d170-11e9-b97c-48f17f8d4d88', 'Swmming cosume', '150.00', '1', '150.00', '2020-02-26 09:54:23', 'customer', '2020-02-26 09:54:23', 'customer', 1),
('33e5c52f-586d-11ea-86fe-48f17f8d4d88', '33e3eea6-586d-11ea-86fe-48f17f8d4d88', 'b099a62b-3697-11ea-bd88-48f17f8d4d88', '94c5b3cf-d170-11e9-b97c-48f17f8d4d88', 'Sun Cap', '11.00', '1', '11.00', '2020-02-26 09:54:23', 'customer', '2020-02-26 09:54:23', 'customer', 1),
('34607788-652f-11ea-80a3-48f17f8d4d88', '345fd7fc-652f-11ea-80a3-48f17f8d4d88', '10f18237-5dde-11ea-b68c-48f17f8d4d88', '94c5b3cf-d170-11e9-b97c-48f17f8d4d88', 'Summer Chill Plain Short Sleeve T-shirt', '250.00', '1', '250.00', '2020-03-13 15:33:20', 'customer', '2020-03-13 15:33:20', 'customer', 1),
('3460ae6b-652f-11ea-80a3-48f17f8d4d88', '345fd7fc-652f-11ea-80a3-48f17f8d4d88', '5e0d8008-47da-11ea-b608-48f17f8d4d88', '94c5b3cf-d170-11e9-b97c-48f17f8d4d88', 'Red Nike shoes', '450.00', '5', '2250.00', '2020-03-13 15:33:20', 'customer', '2020-03-13 15:33:20', 'customer', 1),
('3537e8f8-3aea-11ea-be63-48f17f8d4d88', '3522fc30-3aea-11ea-be63-48f17f8d4d88', 'f7f77f35-dfbc-11e9-850f-48f17f8d4d88', '94c5b3cf-d170-11e9-b97c-48f17f8d4d88', '2l coke', '25.00', '2', '50.00', '2020-01-19 20:33:37', '81de5b36-d170-11e9-b97c-48f17f8d4d88', '2020-01-19 20:33:37', '81de5b36-d170-11e9-b97c-48f17f8d4d88', 1),
('3679904d-3d4b-11ea-9fda-48f17f8d4d88', '36793d38-3d4b-11ea-9fda-48f17f8d4d88', 'dd5d9f0c-3c3c-11ea-9fda-48f17f8d4d88', '94c5b3cf-d170-11e9-b97c-48f17f8d4d88', 'Aromatic', '18.00', '1', '18.00', '2020-01-22 21:13:53', '81de5b36-d170-11e9-b97c-48f17f8d4d88', '2020-01-22 21:13:53', '81de5b36-d170-11e9-b97c-48f17f8d4d88', 1),
('3679e71f-3d4b-11ea-9fda-48f17f8d4d88', '36793d38-3d4b-11ea-9fda-48f17f8d4d88', '4c2f21df-3154-11ea-a404-48f17f8d4d88', '94c5b3cf-d170-11e9-b97c-48f17f8d4d88', 'Koo', '12.00', '1', '12.00', '2020-01-22 21:13:53', '81de5b36-d170-11e9-b97c-48f17f8d4d88', '2020-01-22 21:13:53', '81de5b36-d170-11e9-b97c-48f17f8d4d88', 1),
('37d5a5ba-5866-11ea-86fe-48f17f8d4d88', '37d4f452-5866-11ea-86fe-48f17f8d4d88', '5e0e53ff-47da-11ea-b608-48f17f8d4d88', '94c5b3cf-d170-11e9-b97c-48f17f8d4d88', 'Red drip', '900.00', '119', '31500.00', '2020-02-26 09:04:23', 'customer', '2020-02-26 09:04:23', 'customer', 1),
('37d5ef6f-5866-11ea-86fe-48f17f8d4d88', '37d4f452-5866-11ea-86fe-48f17f8d4d88', '2bd1de61-3698-11ea-bd88-48f17f8d4d88', '94c5b3cf-d170-11e9-b97c-48f17f8d4d88', 'Golfer', '220.00', '1', '220.00', '2020-02-26 09:04:23', 'customer', '2020-02-26 09:04:23', 'customer', 1),
('37d6259c-5866-11ea-86fe-48f17f8d4d88', '37d4f452-5866-11ea-86fe-48f17f8d4d88', '5e0f26d3-47da-11ea-b608-48f17f8d4d88', '94c5b3cf-d170-11e9-b97c-48f17f8d4d88', 'Log Red dress', '850.00', '1', '850.00', '2020-02-26 09:04:23', 'customer', '2020-02-26 09:04:23', 'customer', 1),
('37d65671-5866-11ea-86fe-48f17f8d4d88', '37d4f452-5866-11ea-86fe-48f17f8d4d88', 'b099a62b-3697-11ea-bd88-48f17f8d4d88', '94c5b3cf-d170-11e9-b97c-48f17f8d4d88', 'Sun Cap', '11.00', '1', '11.00', '2020-02-26 09:04:23', 'customer', '2020-02-26 09:04:23', 'customer', 1),
('37d68bbc-5866-11ea-86fe-48f17f8d4d88', '37d4f452-5866-11ea-86fe-48f17f8d4d88', '05e4ce65-31da-11ea-a404-48f17f8d4d88', '94c5b3cf-d170-11e9-b97c-48f17f8d4d88', 'prawn raw 5kg', '65.00', '1', '65.00', '2020-02-26 09:04:23', 'customer', '2020-02-26 09:04:23', 'customer', 1),
('38b16aab-3699-11ea-bd88-48f17f8d4d88', '387d1c08-3699-11ea-bd88-48f17f8d4d88', 'b099a62b-3697-11ea-bd88-48f17f8d4d88', '94c5b3cf-d170-11e9-b97c-48f17f8d4d88', 'test', '11', '1', '11', '2020-01-14 08:43:49', '81de5b36-d170-11e9-b97c-48f17f8d4d88', '2020-01-14 08:43:49', '81de5b36-d170-11e9-b97c-48f17f8d4d88', 1),
('3a032315-3b93-11ea-94dc-48f17f8d4d88', '39eb81ca-3b93-11ea-94dc-48f17f8d4d88', '05e2e137-31da-11ea-a404-48f17f8d4d88', '94c5b3cf-d170-11e9-b97c-48f17f8d4d88', 'Markers', '12.00', '2', '24.00', '2020-01-20 16:43:29', '81de5b36-d170-11e9-b97c-48f17f8d4d88', '2020-01-20 16:43:29', '81de5b36-d170-11e9-b97c-48f17f8d4d88', 1),
('3a03b16d-3b93-11ea-94dc-48f17f8d4d88', '39eb81ca-3b93-11ea-94dc-48f17f8d4d88', '2126dad9-df0a-11e9-a724-48f17f8d4d88', '94c5b3cf-d170-11e9-b97c-48f17f8d4d88', '2l Fanta', '25.00', '1', '25.00', '2020-01-20 16:43:29', '81de5b36-d170-11e9-b97c-48f17f8d4d88', '2020-01-20 16:43:29', '81de5b36-d170-11e9-b97c-48f17f8d4d88', 1),
('3b0ffa1c-1be2-11ea-8867-48f17f8d4d88', '3b06b072-1be2-11ea-8867-48f17f8d4d88', '400a31bd-e8fd-11e9-bc5d-0050569fd205', NULL, 'LEGACY', '85', '1', '85', '2019-12-11 08:48:25', '704bf544-e517-11e9-bc5d-0050569fd205', '2019-12-11 08:48:25', '704bf544-e517-11e9-bc5d-0050569fd205', 1),
('3b10be15-1be2-11ea-8867-48f17f8d4d88', '3b06b072-1be2-11ea-8867-48f17f8d4d88', 'e33f137a-e515-11e9-bc5d-0050569fd205', NULL, 'DLICATE DE TOREN', '130', '1', '130', '2019-12-11 08:48:25', '704bf544-e517-11e9-bc5d-0050569fd205', '2019-12-11 08:48:25', '704bf544-e517-11e9-bc5d-0050569fd205', 1),
('3b110c30-1be2-11ea-8867-48f17f8d4d88', '3b06b072-1be2-11ea-8867-48f17f8d4d88', '0fb993dd-e513-11e9-bc5d-0050569fd205', NULL, 'Maboneng Brew', '100', '1', '100', '2019-12-11 08:48:25', '704bf544-e517-11e9-bc5d-0050569fd205', '2019-12-11 08:48:25', '704bf544-e517-11e9-bc5d-0050569fd205', 1),
('3c06c2d6-3698-11ea-bd88-48f17f8d4d88', '3bfae9d1-3698-11ea-bd88-48f17f8d4d88', '2bd1de61-3698-11ea-bd88-48f17f8d4d88', '94c5b3cf-d170-11e9-b97c-48f17f8d4d88', 'test', '13', '1', '13', '2020-01-14 08:36:45', '81de5b36-d170-11e9-b97c-48f17f8d4d88', '2020-01-14 08:36:45', '81de5b36-d170-11e9-b97c-48f17f8d4d88', 1),
('3cb43a67-3291-11ea-b970-48f17f8d4d88', '3ca1390f-3291-11ea-b970-48f17f8d4d88', 'a9952c68-3290-11ea-b970-48f17f8d4d88', NULL, 'Gold tshirts', '250', '5', '1250', '2020-01-09 05:36:35', '47e43de7-3290-11ea-b970-48f17f8d4d88', '2020-01-09 05:36:35', '47e43de7-3290-11ea-b970-48f17f8d4d88', 1),
('40ebccc4-3d4b-11ea-9fda-48f17f8d4d88', '40eb1c5f-3d4b-11ea-9fda-48f17f8d4d88', '8aadcceb-d6f7-11e9-a5a1-c8f7501047dc', '94c5b3cf-d170-11e9-b97c-48f17f8d4d88', 'Selati - Golden Brown Sugar 2kg', '35.00', '1', '35.00', '2020-01-22 21:14:11', '81de5b36-d170-11e9-b97c-48f17f8d4d88', '2020-01-22 21:14:11', '81de5b36-d170-11e9-b97c-48f17f8d4d88', 1),
('40ec0ce6-3d4b-11ea-9fda-48f17f8d4d88', '40eb1c5f-3d4b-11ea-9fda-48f17f8d4d88', '0c1f21ca-dc76-11e9-84fb-c8f7501047dc', '94c5b3cf-d170-11e9-b97c-48f17f8d4d88', 'Well Olive Oil 1lt', '62.00', '1', '62.00', '2020-01-22 21:14:11', '81de5b36-d170-11e9-b97c-48f17f8d4d88', '2020-01-22 21:14:11', '81de5b36-d170-11e9-b97c-48f17f8d4d88', 1),
('40ec48c5-3d4b-11ea-9fda-48f17f8d4d88', '40eb1c5f-3d4b-11ea-9fda-48f17f8d4d88', '417ffc60-df08-11e9-a724-48f17f8d4d88', '94c5b3cf-d170-11e9-b97c-48f17f8d4d88', 'mayonnaise', '30.00', '1', '30.00', '2020-01-22 21:14:11', '81de5b36-d170-11e9-b97c-48f17f8d4d88', '2020-01-22 21:14:11', '81de5b36-d170-11e9-b97c-48f17f8d4d88', 1),
('466fe947-3291-11ea-b970-48f17f8d4d88', '465fe6aa-3291-11ea-b970-48f17f8d4d88', 'a994b86a-3290-11ea-b970-48f17f8d4d88', NULL, 'Plian tshirt', '150', '3', '450', '2020-01-09 05:36:52', '47e43de7-3290-11ea-b970-48f17f8d4d88', '2020-01-09 05:36:52', '47e43de7-3290-11ea-b970-48f17f8d4d88', 1),
('4b77e276-3a10-11ea-9d4d-48f17f8d4d88', '4b69dacc-3a10-11ea-9d4d-48f17f8d4d88', '05e2e137-31da-11ea-a404-48f17f8d4d88', '94c5b3cf-d170-11e9-b97c-48f17f8d4d88', 'Markers', '12.00', '4', '48.00', '2020-01-18 18:33:33', '81de5b36-d170-11e9-b97c-48f17f8d4d88', '2020-01-18 18:33:33', '81de5b36-d170-11e9-b97c-48f17f8d4d88', 1),
('4b7884b3-3a10-11ea-9d4d-48f17f8d4d88', '4b69dacc-3a10-11ea-9d4d-48f17f8d4d88', 'a9c62997-317a-11ea-a404-48f17f8d4d88', '94c5b3cf-d170-11e9-b97c-48f17f8d4d88', 'Fish raw', '65.00', '1', '65.00', '2020-01-18 18:33:33', '81de5b36-d170-11e9-b97c-48f17f8d4d88', '2020-01-18 18:33:33', '81de5b36-d170-11e9-b97c-48f17f8d4d88', 1),
('4e32d2de-3c4a-11ea-9fda-48f17f8d4d88', '4e322ea6-3c4a-11ea-9fda-48f17f8d4d88', '2126dad9-df0a-11e9-a724-48f17f8d4d88', '94c5b3cf-d170-11e9-b97c-48f17f8d4d88', '2l Fanta', '25.00', '3', '75.00', '2020-01-21 14:34:02', '81de5b36-d170-11e9-b97c-48f17f8d4d88', '2020-01-21 14:34:02', '81de5b36-d170-11e9-b97c-48f17f8d4d88', 1),
('4e334db5-3c4a-11ea-9fda-48f17f8d4d88', '4e322ea6-3c4a-11ea-9fda-48f17f8d4d88', 'f55adf15-e29a-11e9-abbd-48f17f8d4d88', '94c5b3cf-d170-11e9-b97c-48f17f8d4d88', '500ml Peri peri source', '32.00', '3', '96.00', '2020-01-21 14:34:02', '81de5b36-d170-11e9-b97c-48f17f8d4d88', '2020-01-21 14:34:02', '81de5b36-d170-11e9-b97c-48f17f8d4d88', 1),
('4e33ba36-3c4a-11ea-9fda-48f17f8d4d88', '4e322ea6-3c4a-11ea-9fda-48f17f8d4d88', '5264b66d-d6f0-11e9-a5a1-c8f7501047dc', '94c5b3cf-d170-11e9-b97c-48f17f8d4d88', 'Valpre still water 440ml', '12.00', '10', '120.00', '2020-01-21 14:34:02', '81de5b36-d170-11e9-b97c-48f17f8d4d88', '2020-01-21 14:34:02', '81de5b36-d170-11e9-b97c-48f17f8d4d88', 1),
('51112c2f-584a-11ea-86fe-48f17f8d4d88', '5110baf7-584a-11ea-86fe-48f17f8d4d88', '5e0e53ff-47da-11ea-b608-48f17f8d4d88', '94c5b3cf-d170-11e9-b97c-48f17f8d4d88', 'Red drip', '900.00', '6', '5400.00', '2020-02-26 05:44:39', 'customer', '2020-02-26 05:44:39', 'customer', 1),
('51118068-584a-11ea-86fe-48f17f8d4d88', '5110baf7-584a-11ea-86fe-48f17f8d4d88', '5e0eb0fd-47da-11ea-b608-48f17f8d4d88', '94c5b3cf-d170-11e9-b97c-48f17f8d4d88', 'Swmming cosume', '150.00', '7', '1050.00', '2020-02-26 05:44:39', 'customer', '2020-02-26 05:44:39', 'customer', 1),
('511249a0-584a-11ea-86fe-48f17f8d4d88', '5110baf7-584a-11ea-86fe-48f17f8d4d88', '5e0f26d3-47da-11ea-b608-48f17f8d4d88', '94c5b3cf-d170-11e9-b97c-48f17f8d4d88', 'Log Red dress', '850.00', '7', '5950.00', '2020-02-26 05:44:39', 'customer', '2020-02-26 05:44:39', 'customer', 1),
('5192c273-3293-11ea-b970-48f17f8d4d88', '5183f074-3293-11ea-b970-48f17f8d4d88', '30949087-3293-11ea-b970-48f17f8d4d88', NULL, 'Plain tshirt', '150', '1', '150', '2020-01-09 05:51:29', 'f01d15d4-3292-11ea-b970-48f17f8d4d88', '2020-01-09 05:51:29', 'f01d15d4-3292-11ea-b970-48f17f8d4d88', 1),
('51954ed7-3293-11ea-b970-48f17f8d4d88', '5183f074-3293-11ea-b970-48f17f8d4d88', '309554f4-3293-11ea-b970-48f17f8d4d88', NULL, 'Golf tshirts', '250', '2', '500', '2020-01-09 05:51:29', 'f01d15d4-3292-11ea-b970-48f17f8d4d88', '2020-01-09 05:51:29', 'f01d15d4-3292-11ea-b970-48f17f8d4d88', 1),
('53398d17-1be2-11ea-8867-48f17f8d4d88', '532a85f0-1be2-11ea-8867-48f17f8d4d88', '7cd35931-e515-11e9-bc5d-0050569fd205', NULL, '2014 NIGHT SKY', '165', '1', '165', '2019-12-11 08:49:06', '704bf544-e517-11e9-bc5d-0050569fd205', '2019-12-11 08:49:06', '704bf544-e517-11e9-bc5d-0050569fd205', 1),
('533a4dd8-1be2-11ea-8867-48f17f8d4d88', '532a85f0-1be2-11ea-8867-48f17f8d4d88', '0fb993dd-e513-11e9-bc5d-0050569fd205', NULL, 'Maboneng Brew', '100', '1', '100', '2019-12-11 08:49:06', '704bf544-e517-11e9-bc5d-0050569fd205', '2019-12-11 08:49:06', '704bf544-e517-11e9-bc5d-0050569fd205', 1),
('533a9924-1be2-11ea-8867-48f17f8d4d88', '532a85f0-1be2-11ea-8867-48f17f8d4d88', 'e33f137a-e515-11e9-bc5d-0050569fd205', NULL, 'DLICATE DE TOREN', '130', '1', '130', '2019-12-11 08:49:06', '704bf544-e517-11e9-bc5d-0050569fd205', '2019-12-11 08:49:06', '704bf544-e517-11e9-bc5d-0050569fd205', 1),
('53afd1f0-47dd-11ea-b608-48f17f8d4d88', '53af8d51-47dd-11ea-b608-48f17f8d4d88', '21d3c1b0-47dd-11ea-b608-48f17f8d4d88', 'e967061e-47dc-11ea-b608-48f17f8d4d88', 'Long red dress', '850.00', '1', '850.00', '2020-02-05 08:04:10', 'e9694a64-47dc-11ea-b608-48f17f8d4d88', '2020-02-05 08:04:10', 'e9694a64-47dc-11ea-b608-48f17f8d4d88', 1),
('53b02337-47dd-11ea-b608-48f17f8d4d88', '53af8d51-47dd-11ea-b608-48f17f8d4d88', '21d4e935-47dd-11ea-b608-48f17f8d4d88', 'e967061e-47dc-11ea-b608-48f17f8d4d88', 'Crop top', '170.00', '1', '170.00', '2020-02-05 08:04:10', 'e9694a64-47dc-11ea-b608-48f17f8d4d88', '2020-02-05 08:04:10', 'e9694a64-47dc-11ea-b608-48f17f8d4d88', 1),
('548e5d84-3c49-11ea-9fda-48f17f8d4d88', '548db5e4-3c49-11ea-9fda-48f17f8d4d88', 'dd5d9f0c-3c3c-11ea-9fda-48f17f8d4d88', '94c5b3cf-d170-11e9-b97c-48f17f8d4d88', 'Aromatic', '18.00', '1', '18.00', '2020-01-21 14:27:03', '81de5b36-d170-11e9-b97c-48f17f8d4d88', '2020-01-21 14:27:03', '81de5b36-d170-11e9-b97c-48f17f8d4d88', 1),
('548f1dd8-3c49-11ea-9fda-48f17f8d4d88', '548db5e4-3c49-11ea-9fda-48f17f8d4d88', 'b099a62b-3697-11ea-bd88-48f17f8d4d88', '94c5b3cf-d170-11e9-b97c-48f17f8d4d88', 'test', '10.88', '1', '10.88', '2020-01-21 14:27:03', '81de5b36-d170-11e9-b97c-48f17f8d4d88', '2020-01-21 14:27:03', '81de5b36-d170-11e9-b97c-48f17f8d4d88', 1),
('548f86c8-3c49-11ea-9fda-48f17f8d4d88', '548db5e4-3c49-11ea-9fda-48f17f8d4d88', '05e2e137-31da-11ea-a404-48f17f8d4d88', '94c5b3cf-d170-11e9-b97c-48f17f8d4d88', 'Markers', '12.00', '1', '12.00', '2020-01-21 14:27:03', '81de5b36-d170-11e9-b97c-48f17f8d4d88', '2020-01-21 14:27:03', '81de5b36-d170-11e9-b97c-48f17f8d4d88', 1),
('563dee6f-3b8c-11ea-94dc-48f17f8d4d88', '562170ca-3b8c-11ea-94dc-48f17f8d4d88', '05e3b73d-31da-11ea-a404-48f17f8d4d88', '94c5b3cf-d170-11e9-b97c-48f17f8d4d88', 'Beef tray', '55.00', '1', '55.00', '2020-01-20 15:54:10', '81de5b36-d170-11e9-b97c-48f17f8d4d88', '2020-01-20 15:54:10', '81de5b36-d170-11e9-b97c-48f17f8d4d88', 1),
('563e8c5a-3b8c-11ea-94dc-48f17f8d4d88', '562170ca-3b8c-11ea-94dc-48f17f8d4d88', '05e2e137-31da-11ea-a404-48f17f8d4d88', '94c5b3cf-d170-11e9-b97c-48f17f8d4d88', 'Markers', '12.00', '1', '12.00', '2020-01-20 15:54:10', '81de5b36-d170-11e9-b97c-48f17f8d4d88', '2020-01-20 15:54:10', '81de5b36-d170-11e9-b97c-48f17f8d4d88', 1),
('563ec8e7-3b8c-11ea-94dc-48f17f8d4d88', '562170ca-3b8c-11ea-94dc-48f17f8d4d88', '04c46765-3a30-11ea-952e-48f17f8d4d88', '94c5b3cf-d170-11e9-b97c-48f17f8d4d88', 'test sale rep', '50.00', '3', '150.00', '2020-01-20 15:54:10', '81de5b36-d170-11e9-b97c-48f17f8d4d88', '2020-01-20 15:54:10', '81de5b36-d170-11e9-b97c-48f17f8d4d88', 1),
('58272ffc-2e48-11ea-8b40-48f17f8d4d88', '58135745-2e48-11ea-8b40-48f17f8d4d88', 'f7f77f35-dfbc-11e9-850f-48f17f8d4d88', '94c5b3cf-d170-11e9-b97c-48f17f8d4d88', '2l coke', '25', '20', '500', '2020-01-03 18:44:43', '81de5b36-d170-11e9-b97c-48f17f8d4d88', '2020-01-03 18:44:43', '81de5b36-d170-11e9-b97c-48f17f8d4d88', 1),
('5827e376-2e48-11ea-8b40-48f17f8d4d88', '58135745-2e48-11ea-8b40-48f17f8d4d88', '2126dad9-df0a-11e9-a724-48f17f8d4d88', '94c5b3cf-d170-11e9-b97c-48f17f8d4d88', '2l Fanta', '25', '10', '250', '2020-01-03 18:44:43', '81de5b36-d170-11e9-b97c-48f17f8d4d88', '2020-01-03 18:44:43', '81de5b36-d170-11e9-b97c-48f17f8d4d88', 1),
('58283dbb-2e48-11ea-8b40-48f17f8d4d88', '58135745-2e48-11ea-8b40-48f17f8d4d88', 'c13b768a-dedd-11e9-a724-48f17f8d4d88', '94c5b3cf-d170-11e9-b97c-48f17f8d4d88', 'Baked Bread', '20', '4', '80', '2020-01-03 18:44:43', '81de5b36-d170-11e9-b97c-48f17f8d4d88', '2020-01-03 18:44:43', '81de5b36-d170-11e9-b97c-48f17f8d4d88', 1),
('58289ede-2e48-11ea-8b40-48f17f8d4d88', '58135745-2e48-11ea-8b40-48f17f8d4d88', 'aa4825ec-df08-11e9-a724-48f17f8d4d88', '94c5b3cf-d170-11e9-b97c-48f17f8d4d88', '60 Eggs', '75', '2', '150', '2020-01-03 18:44:43', '81de5b36-d170-11e9-b97c-48f17f8d4d88', '2020-01-03 18:44:43', '81de5b36-d170-11e9-b97c-48f17f8d4d88', 1),
('58291fe5-2e48-11ea-8b40-48f17f8d4d88', '58135745-2e48-11ea-8b40-48f17f8d4d88', '5264b66d-d6f0-11e9-a5a1-c8f7501047dc', '94c5b3cf-d170-11e9-b97c-48f17f8d4d88', 'Valpre still water 440ml', '12', '1', '12', '2020-01-03 18:44:43', '81de5b36-d170-11e9-b97c-48f17f8d4d88', '2020-01-03 18:44:43', '81de5b36-d170-11e9-b97c-48f17f8d4d88', 1),
('5829b2e6-2e48-11ea-8b40-48f17f8d4d88', '58135745-2e48-11ea-8b40-48f17f8d4d88', '6ae6f763-d6f4-11e9-a5a1-c8f7501047dc', '94c5b3cf-d170-11e9-b97c-48f17f8d4d88', 'Soda can 330ml', '10', '1', '10', '2020-01-03 18:44:43', '81de5b36-d170-11e9-b97c-48f17f8d4d88', '2020-01-03 18:44:43', '81de5b36-d170-11e9-b97c-48f17f8d4d88', 1),
('5ba179eb-652f-11ea-80a3-48f17f8d4d88', '5ba1267e-652f-11ea-80a3-48f17f8d4d88', '10f18237-5dde-11ea-b68c-48f17f8d4d88', '94c5b3cf-d170-11e9-b97c-48f17f8d4d88', 'Summer Chill Plain Short Sleeve T-shirt', '250.00', '1', '250.00', '2020-03-13 15:34:26', 'customer', '2020-03-13 15:34:26', 'customer', 1),
('5ba1c4fa-652f-11ea-80a3-48f17f8d4d88', '5ba1267e-652f-11ea-80a3-48f17f8d4d88', '5e0d8008-47da-11ea-b608-48f17f8d4d88', '94c5b3cf-d170-11e9-b97c-48f17f8d4d88', 'Red Nike shoes', '450.00', '5', '2250.00', '2020-03-13 15:34:26', 'customer', '2020-03-13 15:34:26', 'customer', 1),
('65ed68ea-3a34-11ea-952e-48f17f8d4d88', '65e1e66f-3a34-11ea-952e-48f17f8d4d88', 'f7f77f35-dfbc-11e9-850f-48f17f8d4d88', '94c5b3cf-d170-11e9-b97c-48f17f8d4d88', '2l coke', '25.00', '4', '100.00', '2020-01-18 22:52:11', '81de5b36-d170-11e9-b97c-48f17f8d4d88', '2020-01-18 22:52:11', '81de5b36-d170-11e9-b97c-48f17f8d4d88', 1),
('671f79cb-5940-11ea-85bf-48f17f8d4d88', '671ecadd-5940-11ea-85bf-48f17f8d4d88', '5e0e53ff-47da-11ea-b608-48f17f8d4d88', '94c5b3cf-d170-11e9-b97c-48f17f8d4d88', 'Red drip', '900.00', '1', '900.00', '2020-02-27 11:06:13', 'customer', '2020-02-27 11:06:13', 'customer', 1),
('671fba20-5940-11ea-85bf-48f17f8d4d88', '671ecadd-5940-11ea-85bf-48f17f8d4d88', '5e0eb0fd-47da-11ea-b608-48f17f8d4d88', '94c5b3cf-d170-11e9-b97c-48f17f8d4d88', 'Swmming cosume', '150.00', '1', '150.00', '2020-02-27 11:06:13', 'customer', '2020-02-27 11:06:13', 'customer', 1),
('72079075-5921-11ea-ad2e-48f17f8d4d88', '7207435c-5921-11ea-ad2e-48f17f8d4d88', '5e0e53ff-47da-11ea-b608-48f17f8d4d88', '94c5b3cf-d170-11e9-b97c-48f17f8d4d88', 'Red drip', '900.00', '1', '900.00', '2020-02-27 07:24:36', 'customer', '2020-02-27 07:24:36', 'customer', 1),
('7207ceb3-5921-11ea-ad2e-48f17f8d4d88', '7207435c-5921-11ea-ad2e-48f17f8d4d88', '5e0eb0fd-47da-11ea-b608-48f17f8d4d88', '94c5b3cf-d170-11e9-b97c-48f17f8d4d88', 'Swmming cosume', '150.00', '1', '150.00', '2020-02-27 07:24:36', 'customer', '2020-02-27 07:24:36', 'customer', 1);
INSERT INTO `order_products` (`Id`, `OrderId`, `ProductId`, `CompanyId`, `ProductName`, `UnitPrice`, `Quantity`, `subTotal`, `CreateDate`, `CreateUserId`, `ModifyDate`, `ModifyUserId`, `StatusId`) VALUES
('737e9936-5921-11ea-ad2e-48f17f8d4d88', '737e6485-5921-11ea-ad2e-48f17f8d4d88', '5e0e53ff-47da-11ea-b608-48f17f8d4d88', '94c5b3cf-d170-11e9-b97c-48f17f8d4d88', 'Red drip', '900.00', '1', '900.00', '2020-02-27 07:24:38', 'customer', '2020-02-27 07:24:38', 'customer', 1),
('737ec6fe-5921-11ea-ad2e-48f17f8d4d88', '737e6485-5921-11ea-ad2e-48f17f8d4d88', '5e0eb0fd-47da-11ea-b608-48f17f8d4d88', '94c5b3cf-d170-11e9-b97c-48f17f8d4d88', 'Swmming cosume', '150.00', '1', '150.00', '2020-02-27 07:24:38', 'customer', '2020-02-27 07:24:38', 'customer', 1),
('76016393-3ac2-11ea-807c-48f17f8d4d88', '75f59e19-3ac2-11ea-807c-48f17f8d4d88', '309554f4-3293-11ea-b970-48f17f8d4d88', 'f019c8c5-3292-11ea-b970-48f17f8d4d88', 'Golf tshirts', '250.00', '2', '500.00', '2020-01-19 15:49:06', 'f01d15d4-3292-11ea-b970-48f17f8d4d88', '2020-01-19 15:49:06', 'f01d15d4-3292-11ea-b970-48f17f8d4d88', 1),
('780f421d-385c-11ea-8780-48f17f8d4d88', '77ffd26b-385c-11ea-8780-48f17f8d4d88', '30949087-3293-11ea-b970-48f17f8d4d88', NULL, 'Plain tshirt', '150.00', '1', '150.00', '2020-01-16 14:33:46', 'f01d15d4-3292-11ea-b970-48f17f8d4d88', '2020-01-16 14:33:46', 'f01d15d4-3292-11ea-b970-48f17f8d4d88', 1),
('7adda26a-5934-11ea-85bf-48f17f8d4d88', '7add6296-5934-11ea-85bf-48f17f8d4d88', '5e0d8008-47da-11ea-b608-48f17f8d4d88', '94c5b3cf-d170-11e9-b97c-48f17f8d4d88', 'Red Nike shoes', '450.00', '1', '450.00', '2020-02-27 09:40:52', 'customer', '2020-02-27 09:40:52', 'customer', 1),
('7aded284-5934-11ea-85bf-48f17f8d4d88', '7add6296-5934-11ea-85bf-48f17f8d4d88', '5e0e53ff-47da-11ea-b608-48f17f8d4d88', '94c5b3cf-d170-11e9-b97c-48f17f8d4d88', 'Red drip', '900.00', '1', '900.00', '2020-02-27 09:40:52', 'customer', '2020-02-27 09:40:52', 'customer', 1),
('7adf6375-5934-11ea-85bf-48f17f8d4d88', '7add6296-5934-11ea-85bf-48f17f8d4d88', '5e0eb0fd-47da-11ea-b608-48f17f8d4d88', '94c5b3cf-d170-11e9-b97c-48f17f8d4d88', 'Swmming cosume', '150.00', '1', '150.00', '2020-02-27 09:40:52', 'customer', '2020-02-27 09:40:52', 'customer', 1),
('7c900464-5921-11ea-ad2e-48f17f8d4d88', '7c8fbdfc-5921-11ea-ad2e-48f17f8d4d88', '5e0e53ff-47da-11ea-b608-48f17f8d4d88', '94c5b3cf-d170-11e9-b97c-48f17f8d4d88', 'Red drip', '900.00', '1', '900.00', '2020-02-27 07:24:54', 'customer', '2020-02-27 07:24:54', 'customer', 1),
('7c9040a4-5921-11ea-ad2e-48f17f8d4d88', '7c8fbdfc-5921-11ea-ad2e-48f17f8d4d88', '5e0eb0fd-47da-11ea-b608-48f17f8d4d88', '94c5b3cf-d170-11e9-b97c-48f17f8d4d88', 'Swmming cosume', '150.00', '1', '150.00', '2020-02-27 07:24:54', 'customer', '2020-02-27 07:24:54', 'customer', 1),
('7cf494a8-591e-11ea-ad2e-48f17f8d4d88', '7cf45da0-591e-11ea-ad2e-48f17f8d4d88', '5e0d8008-47da-11ea-b608-48f17f8d4d88', '94c5b3cf-d170-11e9-b97c-48f17f8d4d88', 'Red Nike shoes', '450.00', '5', '2250.00', '2020-02-27 07:03:26', 'customer', '2020-02-27 07:03:26', 'customer', 1),
('7cf4c16e-591e-11ea-ad2e-48f17f8d4d88', '7cf45da0-591e-11ea-ad2e-48f17f8d4d88', '5e0e53ff-47da-11ea-b608-48f17f8d4d88', '94c5b3cf-d170-11e9-b97c-48f17f8d4d88', 'Red drip', '900.00', '6', '5400.00', '2020-02-27 07:03:26', 'customer', '2020-02-27 07:03:26', 'customer', 1),
('7d20d865-3aeb-11ea-be63-48f17f8d4d88', '7d04adc7-3aeb-11ea-be63-48f17f8d4d88', 'a9c6dcff-317a-11ea-a404-48f17f8d4d88', '94c5b3cf-d170-11e9-b97c-48f17f8d4d88', 'prawn raw 5kg', '65.00', '15', '975.00', '2020-01-19 20:42:47', '81de5b36-d170-11e9-b97c-48f17f8d4d88', '2020-01-19 20:42:47', '81de5b36-d170-11e9-b97c-48f17f8d4d88', 1),
('7d21f633-3aeb-11ea-be63-48f17f8d4d88', '7d04adc7-3aeb-11ea-be63-48f17f8d4d88', 'a9c4907e-317a-11ea-a404-48f17f8d4d88', '94c5b3cf-d170-11e9-b97c-48f17f8d4d88', 'Koo', '12.00', '3', '36.00', '2020-01-19 20:42:47', '81de5b36-d170-11e9-b97c-48f17f8d4d88', '2020-01-19 20:42:47', '81de5b36-d170-11e9-b97c-48f17f8d4d88', 1),
('7d22c072-3aeb-11ea-be63-48f17f8d4d88', '7d04adc7-3aeb-11ea-be63-48f17f8d4d88', 'a9c5b055-317a-11ea-a404-48f17f8d4d88', '94c5b3cf-d170-11e9-b97c-48f17f8d4d88', 'Beef tray', '55.00', '14', '770.00', '2020-01-19 20:42:47', '81de5b36-d170-11e9-b97c-48f17f8d4d88', '2020-01-19 20:42:47', '81de5b36-d170-11e9-b97c-48f17f8d4d88', 1),
('7d2335c6-3aeb-11ea-be63-48f17f8d4d88', '7d04adc7-3aeb-11ea-be63-48f17f8d4d88', 'a9c62997-317a-11ea-a404-48f17f8d4d88', '94c5b3cf-d170-11e9-b97c-48f17f8d4d88', 'Fish raw', '65.00', '13', '845.00', '2020-01-19 20:42:47', '81de5b36-d170-11e9-b97c-48f17f8d4d88', '2020-01-19 20:42:47', '81de5b36-d170-11e9-b97c-48f17f8d4d88', 1),
('7d23ac9f-3aeb-11ea-be63-48f17f8d4d88', '7d04adc7-3aeb-11ea-be63-48f17f8d4d88', '05e4ce65-31da-11ea-a404-48f17f8d4d88', '94c5b3cf-d170-11e9-b97c-48f17f8d4d88', 'prawn raw 5kg', '65.00', '13', '845.00', '2020-01-19 20:42:47', '81de5b36-d170-11e9-b97c-48f17f8d4d88', '2020-01-19 20:42:47', '81de5b36-d170-11e9-b97c-48f17f8d4d88', 1),
('7d241e8d-3aeb-11ea-be63-48f17f8d4d88', '7d04adc7-3aeb-11ea-be63-48f17f8d4d88', '05e3b73d-31da-11ea-a404-48f17f8d4d88', '94c5b3cf-d170-11e9-b97c-48f17f8d4d88', 'Beef tray', '55.00', '9', '495.00', '2020-01-19 20:42:47', '81de5b36-d170-11e9-b97c-48f17f8d4d88', '2020-01-19 20:42:47', '81de5b36-d170-11e9-b97c-48f17f8d4d88', 1),
('7d2491d0-3aeb-11ea-be63-48f17f8d4d88', '7d04adc7-3aeb-11ea-be63-48f17f8d4d88', '05e447a5-31da-11ea-a404-48f17f8d4d88', '94c5b3cf-d170-11e9-b97c-48f17f8d4d88', 'Fish raw', '65.00', '12', '780.00', '2020-01-19 20:42:47', '81de5b36-d170-11e9-b97c-48f17f8d4d88', '2020-01-19 20:42:47', '81de5b36-d170-11e9-b97c-48f17f8d4d88', 1),
('7d24f4aa-3aeb-11ea-be63-48f17f8d4d88', '7d04adc7-3aeb-11ea-be63-48f17f8d4d88', '750faf6c-3154-11ea-a404-48f17f8d4d88', '94c5b3cf-d170-11e9-b97c-48f17f8d4d88', 'Koo', '12.00', '11', '132.00', '2020-01-19 20:42:47', '81de5b36-d170-11e9-b97c-48f17f8d4d88', '2020-01-19 20:42:47', '81de5b36-d170-11e9-b97c-48f17f8d4d88', 1),
('7d25509f-3aeb-11ea-be63-48f17f8d4d88', '7d04adc7-3aeb-11ea-be63-48f17f8d4d88', '75108eb4-3154-11ea-a404-48f17f8d4d88', '94c5b3cf-d170-11e9-b97c-48f17f8d4d88', 'Coke can', '18.00', '11', '198.00', '2020-01-19 20:42:47', '81de5b36-d170-11e9-b97c-48f17f8d4d88', '2020-01-19 20:42:47', '81de5b36-d170-11e9-b97c-48f17f8d4d88', 1),
('7e592332-5934-11ea-85bf-48f17f8d4d88', '7e587614-5934-11ea-85bf-48f17f8d4d88', '5e0d8008-47da-11ea-b608-48f17f8d4d88', '94c5b3cf-d170-11e9-b97c-48f17f8d4d88', 'Red Nike shoes', '450.00', '1', '450.00', '2020-02-27 09:40:58', 'customer', '2020-02-27 09:40:58', 'customer', 1),
('7e597c3f-5934-11ea-85bf-48f17f8d4d88', '7e587614-5934-11ea-85bf-48f17f8d4d88', '5e0e53ff-47da-11ea-b608-48f17f8d4d88', '94c5b3cf-d170-11e9-b97c-48f17f8d4d88', 'Red drip', '900.00', '1', '900.00', '2020-02-27 09:40:58', 'customer', '2020-02-27 09:40:58', 'customer', 1),
('7e59bded-5934-11ea-85bf-48f17f8d4d88', '7e587614-5934-11ea-85bf-48f17f8d4d88', '5e0eb0fd-47da-11ea-b608-48f17f8d4d88', '94c5b3cf-d170-11e9-b97c-48f17f8d4d88', 'Swmming cosume', '150.00', '1', '150.00', '2020-02-27 09:40:58', 'customer', '2020-02-27 09:40:58', 'customer', 1),
('839b7025-60ab-11ea-a2e3-48f17f8d4d88', '839ad261-60ab-11ea-a2e3-48f17f8d4d88', '51915956-5ddc-11ea-a211-48f17f8d4d88', '94c5b3cf-d170-11e9-b97c-48f17f8d4d88', 'M2K Tekno', '1600.00', '1', '1600.00', '2020-03-07 21:40:35', 'customer', '2020-03-07 21:40:35', 'customer', 1),
('839bac75-60ab-11ea-a2e3-48f17f8d4d88', '839ad261-60ab-11ea-a2e3-48f17f8d4d88', '10f18237-5dde-11ea-b68c-48f17f8d4d88', '94c5b3cf-d170-11e9-b97c-48f17f8d4d88', 'Summer Chill Plain Short Sleeve T-shirt', '250.00', '8', '2000.00', '2020-03-07 21:40:35', 'customer', '2020-03-07 21:40:35', 'customer', 1),
('83e1eb94-60a7-11ea-a2e3-48f17f8d4d88', '83e14c07-60a7-11ea-a2e3-48f17f8d4d88', '389e2535-5dd7-11ea-a211-48f17f8d4d88', '94c5b3cf-d170-11e9-b97c-48f17f8d4d88', '550ML Unbreakable Outdoor Sports Travel Water Bottle Portable Leak-proof Cycling Camping Water Cup', '16.00', '1', '16.00', '2020-03-07 21:11:57', 'customer', '2020-03-07 21:11:57', 'customer', 1),
('83e23638-60a7-11ea-a2e3-48f17f8d4d88', '83e14c07-60a7-11ea-a2e3-48f17f8d4d88', '389e2535-5dd7-11ea-a211-48f17f8d4d88', '94c5b3cf-d170-11e9-b97c-48f17f8d4d88', '550ML Unbreakable Outdoor Sports Travel Water Bottle Portable Leak-proof Cycling Camping Water Cup', '16.00', '7', '112.00', '2020-03-07 21:11:57', 'customer', '2020-03-07 21:11:57', 'customer', 1),
('83fc2218-60ab-11ea-a2e3-48f17f8d4d88', '83fbaba4-60ab-11ea-a2e3-48f17f8d4d88', '51915956-5ddc-11ea-a211-48f17f8d4d88', '94c5b3cf-d170-11e9-b97c-48f17f8d4d88', 'M2K Tekno', '1600.00', '1', '1600.00', '2020-03-07 21:40:35', 'customer', '2020-03-07 21:40:35', 'customer', 1),
('83fc917d-60ab-11ea-a2e3-48f17f8d4d88', '83fbaba4-60ab-11ea-a2e3-48f17f8d4d88', '10f18237-5dde-11ea-b68c-48f17f8d4d88', '94c5b3cf-d170-11e9-b97c-48f17f8d4d88', 'Summer Chill Plain Short Sleeve T-shirt', '250.00', '8', '2000.00', '2020-03-07 21:40:35', 'customer', '2020-03-07 21:40:35', 'customer', 1),
('85b8037e-5921-11ea-ad2e-48f17f8d4d88', '85b7b8fd-5921-11ea-ad2e-48f17f8d4d88', '5e0e53ff-47da-11ea-b608-48f17f8d4d88', '94c5b3cf-d170-11e9-b97c-48f17f8d4d88', 'Red drip', '900.00', '1', '900.00', '2020-02-27 07:25:09', 'customer', '2020-02-27 07:25:09', 'customer', 1),
('85b841b9-5921-11ea-ad2e-48f17f8d4d88', '85b7b8fd-5921-11ea-ad2e-48f17f8d4d88', '5e0eb0fd-47da-11ea-b608-48f17f8d4d88', '94c5b3cf-d170-11e9-b97c-48f17f8d4d88', 'Swmming cosume', '150.00', '1', '150.00', '2020-02-27 07:25:09', 'customer', '2020-02-27 07:25:09', 'customer', 1),
('87281dc9-5934-11ea-85bf-48f17f8d4d88', '87276073-5934-11ea-85bf-48f17f8d4d88', '5e0d8008-47da-11ea-b608-48f17f8d4d88', '94c5b3cf-d170-11e9-b97c-48f17f8d4d88', 'Red Nike shoes', '450.00', '1', '450.00', '2020-02-27 09:41:13', 'customer', '2020-02-27 09:41:13', 'customer', 1),
('8728767f-5934-11ea-85bf-48f17f8d4d88', '87276073-5934-11ea-85bf-48f17f8d4d88', '5e0e53ff-47da-11ea-b608-48f17f8d4d88', '94c5b3cf-d170-11e9-b97c-48f17f8d4d88', 'Red drip', '900.00', '1', '900.00', '2020-02-27 09:41:13', 'customer', '2020-02-27 09:41:13', 'customer', 1),
('8728ea68-5934-11ea-85bf-48f17f8d4d88', '87276073-5934-11ea-85bf-48f17f8d4d88', '5e0eb0fd-47da-11ea-b608-48f17f8d4d88', '94c5b3cf-d170-11e9-b97c-48f17f8d4d88', 'Swmming cosume', '150.00', '1', '150.00', '2020-02-27 09:41:13', 'customer', '2020-02-27 09:41:13', 'customer', 1),
('8a179b54-3a30-11ea-952e-48f17f8d4d88', '8a0ad14a-3a30-11ea-952e-48f17f8d4d88', '04c46765-3a30-11ea-952e-48f17f8d4d88', '94c5b3cf-d170-11e9-b97c-48f17f8d4d88', 'test sale rep', '50.00', '2', '100.00', '2020-01-18 22:24:33', '81de5b36-d170-11e9-b97c-48f17f8d4d88', '2020-01-18 22:24:33', '81de5b36-d170-11e9-b97c-48f17f8d4d88', 1),
('8ae28416-5d84-11ea-a211-48f17f8d4d88', '8ae23b8f-5d84-11ea-a211-48f17f8d4d88', 'a9c5b055-317a-11ea-a404-48f17f8d4d88', '94c5b3cf-d170-11e9-b97c-48f17f8d4d88', 'Couples prints', '1200.00', '4', '4800.00', '2020-03-03 21:24:03', 'customer', '2020-03-03 21:24:03', 'customer', 1),
('8ae2c163-5d84-11ea-a211-48f17f8d4d88', '8ae23b8f-5d84-11ea-a211-48f17f8d4d88', '75108eb4-3154-11ea-a404-48f17f8d4d88', '94c5b3cf-d170-11e9-b97c-48f17f8d4d88', 'Coke can', '18.00', '1', '18.00', '2020-03-03 21:24:03', 'customer', '2020-03-03 21:24:03', 'customer', 1),
('8b9d7f70-2faa-11ea-8be9-48f17f8d4d88', '8b9123a3-2faa-11ea-8be9-48f17f8d4d88', '90ebf58a-2fa9-11ea-8be9-48f17f8d4d88', NULL, 'Red long dress', '1200', '1', '1200', '2020-01-05 13:00:12', '42bfaa8a-2fa9-11ea-8be9-48f17f8d4d88', '2020-01-05 13:00:12', '42bfaa8a-2fa9-11ea-8be9-48f17f8d4d88', 1),
('8bb2caf6-6523-11ea-80a3-48f17f8d4d88', '8bb23748-6523-11ea-80a3-48f17f8d4d88', '76baeac2-5dd8-11ea-a211-48f17f8d4d88', '94c5b3cf-d170-11e9-b97c-48f17f8d4d88', 'Mags', '10000.00', '1', '10000.00', '2020-03-13 14:09:52', '81de5b36-d170-11e9-b97c-48f17f8d4d88', '2020-03-13 14:09:52', '81de5b36-d170-11e9-b97c-48f17f8d4d88', 1),
('8c62ce03-652e-11ea-80a3-48f17f8d4d88', '8c628fa9-652e-11ea-80a3-48f17f8d4d88', '10f18237-5dde-11ea-b68c-48f17f8d4d88', '94c5b3cf-d170-11e9-b97c-48f17f8d4d88', 'Summer Chill Plain Short Sleeve T-shirt', '250.00', '1', '250.00', '2020-03-13 15:28:38', 'customer', '2020-03-13 15:28:38', 'customer', 1),
('8c632020-652e-11ea-80a3-48f17f8d4d88', '8c628fa9-652e-11ea-80a3-48f17f8d4d88', '5e0d8008-47da-11ea-b608-48f17f8d4d88', '94c5b3cf-d170-11e9-b97c-48f17f8d4d88', 'Red Nike shoes', '450.00', '5', '2250.00', '2020-03-13 15:28:38', 'customer', '2020-03-13 15:28:38', 'customer', 1),
('8c684a8a-593e-11ea-85bf-48f17f8d4d88', '8c67bb37-593e-11ea-85bf-48f17f8d4d88', '5e0e53ff-47da-11ea-b608-48f17f8d4d88', '94c5b3cf-d170-11e9-b97c-48f17f8d4d88', 'Red drip', '900.00', '1', '900.00', '2020-02-27 10:52:57', 'customer', '2020-02-27 10:52:57', 'customer', 1),
('8c68c93d-593e-11ea-85bf-48f17f8d4d88', '8c67bb37-593e-11ea-85bf-48f17f8d4d88', '5e0eb0fd-47da-11ea-b608-48f17f8d4d88', '94c5b3cf-d170-11e9-b97c-48f17f8d4d88', 'Swmming cosume', '150.00', '1', '150.00', '2020-02-27 10:52:57', 'customer', '2020-02-27 10:52:57', 'customer', 1),
('8f99c0ca-629a-11ea-9788-48f17f8d4d88', '8f996bbb-629a-11ea-9788-48f17f8d4d88', '10f18237-5dde-11ea-b68c-48f17f8d4d88', '94c5b3cf-d170-11e9-b97c-48f17f8d4d88', 'Summer Chill Plain Short Sleeve T-shirt', '250.00', '1', '250.00', '2020-03-10 08:44:16', 'customer', '2020-03-10 08:44:16', 'customer', 1),
('8f9a0351-629a-11ea-9788-48f17f8d4d88', '8f996bbb-629a-11ea-9788-48f17f8d4d88', 'c13b768a-dedd-11e9-a724-48f17f8d4d88', '94c5b3cf-d170-11e9-b97c-48f17f8d4d88', 'Baked Bread', '20.00', '6', '120.00', '2020-03-10 08:44:16', 'customer', '2020-03-10 08:44:16', 'customer', 1),
('9436b7e7-31de-11ea-9819-48f17f8d4d88', '942d874e-31de-11ea-9819-48f17f8d4d88', '736f3def-31de-11ea-9819-48f17f8d4d88', NULL, 'Fish raw', '65', '1', '65', '2020-01-08 08:17:42', '84e2fbdb-30b8-11ea-8b45-48f17f8d4d88', '2020-01-08 08:17:42', '84e2fbdb-30b8-11ea-8b45-48f17f8d4d88', 1),
('9436f4d1-31de-11ea-9819-48f17f8d4d88', '942d874e-31de-11ea-9819-48f17f8d4d88', '736ee776-31de-11ea-9819-48f17f8d4d88', NULL, 'Beef tray', '55', '1', '55', '2020-01-08 08:17:42', '84e2fbdb-30b8-11ea-8b45-48f17f8d4d88', '2020-01-08 08:17:42', '84e2fbdb-30b8-11ea-8b45-48f17f8d4d88', 1),
('943732b2-31de-11ea-9819-48f17f8d4d88', '942d874e-31de-11ea-9819-48f17f8d4d88', '736cbe75-31de-11ea-9819-48f17f8d4d88', NULL, 'Koo', '12', '1', '12', '2020-01-08 08:17:42', '84e2fbdb-30b8-11ea-8b45-48f17f8d4d88', '2020-01-08 08:17:42', '84e2fbdb-30b8-11ea-8b45-48f17f8d4d88', 1),
('94ec6369-5852-11ea-86fe-48f17f8d4d88', '94ec0275-5852-11ea-86fe-48f17f8d4d88', '5e0eb0fd-47da-11ea-b608-48f17f8d4d88', '94c5b3cf-d170-11e9-b97c-48f17f8d4d88', 'Swmming cosume', '150.00', '1', '150.00', '2020-02-26 06:43:49', 'customer', '2020-02-26 06:43:49', 'customer', 1),
('94ed4426-5852-11ea-86fe-48f17f8d4d88', '94ec0275-5852-11ea-86fe-48f17f8d4d88', '5e0f26d3-47da-11ea-b608-48f17f8d4d88', '94c5b3cf-d170-11e9-b97c-48f17f8d4d88', 'Log Red dress', '850.00', '1', '850.00', '2020-02-26 06:43:49', 'customer', '2020-02-26 06:43:49', 'customer', 1),
('99e7da7d-18e9-11ea-8276-48f17f8d4d88', '99d96fd3-18e9-11ea-8276-48f17f8d4d88', 'f55adf15-e29a-11e9-abbd-48f17f8d4d88', '94c5b3cf-d170-11e9-b97c-48f17f8d4d88', 'Peri peri source', '100', '2', '200', '2019-12-07 14:03:37', '81de5b36-d170-11e9-b97c-48f17f8d4d88', '2019-12-07 14:03:37', '81de5b36-d170-11e9-b97c-48f17f8d4d88', 1),
('99e873be-18e9-11ea-8276-48f17f8d4d88', '99d96fd3-18e9-11ea-8276-48f17f8d4d88', 'd6b01266-e159-11e9-9302-48f17f8d4d88', '94c5b3cf-d170-11e9-b97c-48f17f8d4d88', 'Vaseline', '12', '2', '24', '2019-12-07 14:03:37', '81de5b36-d170-11e9-b97c-48f17f8d4d88', '2019-12-07 14:03:37', '81de5b36-d170-11e9-b97c-48f17f8d4d88', 1),
('a024c567-39fb-11ea-9d4d-48f17f8d4d88', 'a014b47a-39fb-11ea-9d4d-48f17f8d4d88', '2bd1de61-3698-11ea-bd88-48f17f8d4d88', '94c5b3cf-d170-11e9-b97c-48f17f8d4d88', 'Nerderburg duet dry wine', '80.00', '4', '320.00', '2020-01-18 16:05:36', '81de5b36-d170-11e9-b97c-48f17f8d4d88', '2020-01-18 16:05:36', '81de5b36-d170-11e9-b97c-48f17f8d4d88', 1),
('a27f7931-63b8-11ea-81ab-48f17f8d4d88', 'a27ee7f2-63b8-11ea-81ab-48f17f8d4d88', '10f18237-5dde-11ea-b68c-48f17f8d4d88', '94c5b3cf-d170-11e9-b97c-48f17f8d4d88', 'Summer Chill Plain Short Sleeve T-shirt', '250.00', '1', '250.00', '2020-03-11 18:52:03', 'customer', '2020-03-11 18:52:03', 'customer', 1),
('a280231e-63b8-11ea-81ab-48f17f8d4d88', 'a27ee7f2-63b8-11ea-81ab-48f17f8d4d88', '10f18237-5dde-11ea-b68c-48f17f8d4d88', '94c5b3cf-d170-11e9-b97c-48f17f8d4d88', 'Summer Chill Plain Short Sleeve T-shirt', '250.00', '1', '250.00', '2020-03-11 18:52:03', 'customer', '2020-03-11 18:52:03', 'customer', 1),
('a2807e02-63b8-11ea-81ab-48f17f8d4d88', 'a27ee7f2-63b8-11ea-81ab-48f17f8d4d88', '22f70d71-5dd7-11ea-a211-48f17f8d4d88', '94c5b3cf-d170-11e9-b97c-48f17f8d4d88', 'NIKE AIR MAX THEA ', '1450.00', '8', '11600.00', '2020-03-11 18:52:03', 'customer', '2020-03-11 18:52:03', 'customer', 1),
('a4048839-31de-11ea-9819-48f17f8d4d88', 'a3f66e4b-31de-11ea-9819-48f17f8d4d88', '736ee776-31de-11ea-9819-48f17f8d4d88', NULL, 'Beef tray', '55', '2', '110', '2020-01-08 08:18:09', '84e2fbdb-30b8-11ea-8b45-48f17f8d4d88', '2020-01-08 08:18:09', '84e2fbdb-30b8-11ea-8b45-48f17f8d4d88', 1),
('a4051322-31de-11ea-9819-48f17f8d4d88', 'a3f66e4b-31de-11ea-9819-48f17f8d4d88', '736fb788-31de-11ea-9819-48f17f8d4d88', NULL, 'prawn raw 5kg', '65', '1', '65', '2020-01-08 08:18:09', '84e2fbdb-30b8-11ea-8b45-48f17f8d4d88', '2020-01-08 08:18:09', '84e2fbdb-30b8-11ea-8b45-48f17f8d4d88', 1),
('a73c66cd-60ac-11ea-a2e3-48f17f8d4d88', 'a73bc8ab-60ac-11ea-a2e3-48f17f8d4d88', '22f70d71-5dd7-11ea-a211-48f17f8d4d88', '94c5b3cf-d170-11e9-b97c-48f17f8d4d88', 'NIKE AIR MAX THEA ', '1450.00', '1', '1450.00', '2020-03-07 21:48:44', 'customer', '2020-03-07 21:48:44', 'customer', 1),
('a73cab66-60ac-11ea-a2e3-48f17f8d4d88', 'a73bc8ab-60ac-11ea-a2e3-48f17f8d4d88', '51915956-5ddc-11ea-a211-48f17f8d4d88', '94c5b3cf-d170-11e9-b97c-48f17f8d4d88', 'M2K Tekno', '1600.00', '1', '1600.00', '2020-03-07 21:48:44', 'customer', '2020-03-07 21:48:44', 'customer', 1),
('a73cedeb-60ac-11ea-a2e3-48f17f8d4d88', 'a73bc8ab-60ac-11ea-a2e3-48f17f8d4d88', '51915956-5ddc-11ea-a211-48f17f8d4d88', '94c5b3cf-d170-11e9-b97c-48f17f8d4d88', 'M2K Tekno', '1600.00', '7', '11200.00', '2020-03-07 21:48:44', 'customer', '2020-03-07 21:48:44', 'customer', 1),
('a73d23d9-60ac-11ea-a2e3-48f17f8d4d88', 'a73bc8ab-60ac-11ea-a2e3-48f17f8d4d88', '5e0d8008-47da-11ea-b608-48f17f8d4d88', '94c5b3cf-d170-11e9-b97c-48f17f8d4d88', 'Red Nike shoes', '450.00', '11', '4950.00', '2020-03-07 21:48:44', 'customer', '2020-03-07 21:48:44', 'customer', 1),
('a7e5211c-3e10-11ea-820f-48f17f8d4d88', 'a7e4a546-3e10-11ea-820f-48f17f8d4d88', '05e2e137-31da-11ea-a404-48f17f8d4d88', '94c5b3cf-d170-11e9-b97c-48f17f8d4d88', 'Markers', '12.00', '1', '12.00', '2020-01-23 20:46:24', '81de5b36-d170-11e9-b97c-48f17f8d4d88', '2020-01-23 20:46:24', '81de5b36-d170-11e9-b97c-48f17f8d4d88', 1),
('a7e56bc7-3e10-11ea-820f-48f17f8d4d88', 'a7e4a546-3e10-11ea-820f-48f17f8d4d88', 'dd5d9f0c-3c3c-11ea-9fda-48f17f8d4d88', '94c5b3cf-d170-11e9-b97c-48f17f8d4d88', 'Aromatic', '18.00', '1', '18.00', '2020-01-23 20:46:24', '81de5b36-d170-11e9-b97c-48f17f8d4d88', '2020-01-23 20:46:24', '81de5b36-d170-11e9-b97c-48f17f8d4d88', 1),
('a94b1466-652d-11ea-80a3-48f17f8d4d88', 'a94a9091-652d-11ea-80a3-48f17f8d4d88', '10f18237-5dde-11ea-b68c-48f17f8d4d88', '94c5b3cf-d170-11e9-b97c-48f17f8d4d88', 'Summer Chill Plain Short Sleeve T-shirt', '250.00', '1', '250.00', '2020-03-13 15:22:17', 'customer', '2020-03-13 15:22:17', 'customer', 1),
('a94b646e-652d-11ea-80a3-48f17f8d4d88', 'a94a9091-652d-11ea-80a3-48f17f8d4d88', '5e0d8008-47da-11ea-b608-48f17f8d4d88', '94c5b3cf-d170-11e9-b97c-48f17f8d4d88', 'Red Nike shoes', '450.00', '5', '2250.00', '2020-03-13 15:22:17', 'customer', '2020-03-13 15:22:17', 'customer', 1),
('a9652f67-3b92-11ea-94dc-48f17f8d4d88', 'a94c9a1b-3b92-11ea-94dc-48f17f8d4d88', '2126dad9-df0a-11e9-a724-48f17f8d4d88', '94c5b3cf-d170-11e9-b97c-48f17f8d4d88', '2l Fanta', '25.00', '1', '25.00', '2020-01-20 16:39:26', '81de5b36-d170-11e9-b97c-48f17f8d4d88', '2020-01-20 16:39:26', '81de5b36-d170-11e9-b97c-48f17f8d4d88', 1),
('ab9e6c0b-2fb3-11ea-8be9-48f17f8d4d88', 'ab81f19e-2fb3-11ea-8be9-48f17f8d4d88', 'a685d45e-2fb0-11ea-8be9-48f17f8d4d88', NULL, 'Logo Design', '500', '1', '500', '2020-01-05 14:05:31', 'ea6f3106-2faf-11ea-8be9-48f17f8d4d88', '2020-01-05 14:05:31', 'ea6f3106-2faf-11ea-8be9-48f17f8d4d88', 1),
('abe6d26a-652e-11ea-80a3-48f17f8d4d88', 'abe5cdba-652e-11ea-80a3-48f17f8d4d88', '10f18237-5dde-11ea-b68c-48f17f8d4d88', '94c5b3cf-d170-11e9-b97c-48f17f8d4d88', 'Summer Chill Plain Short Sleeve T-shirt', '250.00', '1', '250.00', '2020-03-13 15:29:31', 'customer', '2020-03-13 15:29:31', 'customer', 1),
('abe710bb-652e-11ea-80a3-48f17f8d4d88', 'abe5cdba-652e-11ea-80a3-48f17f8d4d88', '5e0d8008-47da-11ea-b608-48f17f8d4d88', '94c5b3cf-d170-11e9-b97c-48f17f8d4d88', 'Red Nike shoes', '450.00', '5', '2250.00', '2020-03-13 15:29:31', 'customer', '2020-03-13 15:29:31', 'customer', 1),
('ac58b31e-6523-11ea-80a3-48f17f8d4d88', 'ac58506a-6523-11ea-80a3-48f17f8d4d88', '22f70d71-5dd7-11ea-a211-48f17f8d4d88', '94c5b3cf-d170-11e9-b97c-48f17f8d4d88', 'NIKE AIR MAX THEA ', '1450.00', '1', '1450.00', '2020-03-13 14:10:47', '81de5b36-d170-11e9-b97c-48f17f8d4d88', '2020-03-13 14:10:47', '81de5b36-d170-11e9-b97c-48f17f8d4d88', 1),
('ae89e6d5-18e8-11ea-8276-48f17f8d4d88', 'ae815037-18e8-11ea-8276-48f17f8d4d88', 'f7f77f35-dfbc-11e9-850f-48f17f8d4d88', '94c5b3cf-d170-11e9-b97c-48f17f8d4d88', 'Swimwear', '1000', '1', '1000', '2019-12-07 13:57:02', '81de5b36-d170-11e9-b97c-48f17f8d4d88', '2019-12-07 13:57:02', '81de5b36-d170-11e9-b97c-48f17f8d4d88', 1),
('ae8a42a9-18e8-11ea-8276-48f17f8d4d88', 'ae815037-18e8-11ea-8276-48f17f8d4d88', 'd6b01266-e159-11e9-9302-48f17f8d4d88', '94c5b3cf-d170-11e9-b97c-48f17f8d4d88', 'Vaseline', '12', '3', '36', '2019-12-07 13:57:02', '81de5b36-d170-11e9-b97c-48f17f8d4d88', '2019-12-07 13:57:02', '81de5b36-d170-11e9-b97c-48f17f8d4d88', 1),
('ae8a82e4-18e8-11ea-8276-48f17f8d4d88', 'ae815037-18e8-11ea-8276-48f17f8d4d88', '2126dad9-df0a-11e9-a724-48f17f8d4d88', '94c5b3cf-d170-11e9-b97c-48f17f8d4d88', 'Mouse', '150', '3', '450', '2019-12-07 13:57:02', '81de5b36-d170-11e9-b97c-48f17f8d4d88', '2019-12-07 13:57:02', '81de5b36-d170-11e9-b97c-48f17f8d4d88', 1),
('b2cfd503-652c-11ea-80a3-48f17f8d4d88', 'b2cf7503-652c-11ea-80a3-48f17f8d4d88', '10f18237-5dde-11ea-b68c-48f17f8d4d88', '94c5b3cf-d170-11e9-b97c-48f17f8d4d88', 'Summer Chill Plain Short Sleeve T-shirt', '250.00', '1', '250.00', '2020-03-13 15:15:24', 'customer', '2020-03-13 15:15:24', 'customer', 1),
('b2d02c07-652c-11ea-80a3-48f17f8d4d88', 'b2cf7503-652c-11ea-80a3-48f17f8d4d88', '5e0d8008-47da-11ea-b608-48f17f8d4d88', '94c5b3cf-d170-11e9-b97c-48f17f8d4d88', 'Red Nike shoes', '450.00', '5', '2250.00', '2020-03-13 15:15:24', 'customer', '2020-03-13 15:15:24', 'customer', 1),
('b2e61655-3a20-11ea-9d4d-48f17f8d4d88', 'b2d34048-3a20-11ea-9d4d-48f17f8d4d88', '2bd1de61-3698-11ea-bd88-48f17f8d4d88', '94c5b3cf-d170-11e9-b97c-48f17f8d4d88', 'Nerderburg duet dry wine', '80.00', '1', '80.00', '2020-01-18 20:30:59', '81de5b36-d170-11e9-b97c-48f17f8d4d88', '2020-01-18 20:30:59', '81de5b36-d170-11e9-b97c-48f17f8d4d88', 1),
('b2e6f810-3a20-11ea-9d4d-48f17f8d4d88', 'b2d34048-3a20-11ea-9d4d-48f17f8d4d88', '05e2e137-31da-11ea-a404-48f17f8d4d88', '94c5b3cf-d170-11e9-b97c-48f17f8d4d88', 'Markers', '12.00', '1', '12.00', '2020-01-18 20:30:59', '81de5b36-d170-11e9-b97c-48f17f8d4d88', '2020-01-18 20:30:59', '81de5b36-d170-11e9-b97c-48f17f8d4d88', 1),
('b2e75886-3a20-11ea-9d4d-48f17f8d4d88', 'b2d34048-3a20-11ea-9d4d-48f17f8d4d88', '05e4ce65-31da-11ea-a404-48f17f8d4d88', '94c5b3cf-d170-11e9-b97c-48f17f8d4d88', 'prawn raw 5kg', '65.00', '1', '65.00', '2020-01-18 20:30:59', '81de5b36-d170-11e9-b97c-48f17f8d4d88', '2020-01-18 20:30:59', '81de5b36-d170-11e9-b97c-48f17f8d4d88', 1),
('b3247c43-61c8-11ea-a962-48f17f8d4d88', 'b3244183-61c8-11ea-a962-48f17f8d4d88', '10f18237-5dde-11ea-b68c-48f17f8d4d88', '94c5b3cf-d170-11e9-b97c-48f17f8d4d88', 'Summer Chill Plain Short Sleeve T-shirt', '250.00', '1', '250.00', '2020-03-09 07:42:01', 'customer', '2020-03-09 07:42:01', 'customer', 1),
('b4bbd396-158e-11ea-bfd0-48f17f8d4d88', 'b4ac382c-158e-11ea-bfd0-48f17f8d4d88', '417ffc60-df08-11e9-a724-48f17f8d4d88', '94c5b3cf-d170-11e9-b97c-48f17f8d4d88', 'Peri peri source', '37', '2', '74', '2019-12-03 07:35:24', '81de5b36-d170-11e9-b97c-48f17f8d4d88', '2019-12-03 07:35:24', '81de5b36-d170-11e9-b97c-48f17f8d4d88', 1),
('b4bc37bb-158e-11ea-bfd0-48f17f8d4d88', 'b4ac382c-158e-11ea-bfd0-48f17f8d4d88', '0c1f21ca-dc76-11e9-84fb-c8f7501047dc', '94c5b3cf-d170-11e9-b97c-48f17f8d4d88', '2019 Flex Genie', '450000', '2', '900000', '2019-12-03 07:35:24', '81de5b36-d170-11e9-b97c-48f17f8d4d88', '2019-12-03 07:35:24', '81de5b36-d170-11e9-b97c-48f17f8d4d88', 1),
('b4ff03a4-3ac2-11ea-807c-48f17f8d4d88', 'b4e7c9ed-3ac2-11ea-807c-48f17f8d4d88', '05e3b73d-31da-11ea-a404-48f17f8d4d88', '94c5b3cf-d170-11e9-b97c-48f17f8d4d88', 'Beef tray', '55.00', '1', '55.00', '2020-01-19 15:50:52', '81de5b36-d170-11e9-b97c-48f17f8d4d88', '2020-01-19 15:50:52', '81de5b36-d170-11e9-b97c-48f17f8d4d88', 1),
('b4ffbb7c-3ac2-11ea-807c-48f17f8d4d88', 'b4e7c9ed-3ac2-11ea-807c-48f17f8d4d88', '2126dad9-df0a-11e9-a724-48f17f8d4d88', '94c5b3cf-d170-11e9-b97c-48f17f8d4d88', '2l Fanta', '25.00', '1', '25.00', '2020-01-19 15:50:52', '81de5b36-d170-11e9-b97c-48f17f8d4d88', '2020-01-19 15:50:52', '81de5b36-d170-11e9-b97c-48f17f8d4d88', 1),
('b4ffe921-3ac2-11ea-807c-48f17f8d4d88', 'b4e7c9ed-3ac2-11ea-807c-48f17f8d4d88', 'c13b768a-dedd-11e9-a724-48f17f8d4d88', '94c5b3cf-d170-11e9-b97c-48f17f8d4d88', 'Baked Bread', '20.00', '1', '20.00', '2020-01-19 15:50:52', '81de5b36-d170-11e9-b97c-48f17f8d4d88', '2020-01-19 15:50:52', '81de5b36-d170-11e9-b97c-48f17f8d4d88', 1),
('b500138b-3ac2-11ea-807c-48f17f8d4d88', 'b4e7c9ed-3ac2-11ea-807c-48f17f8d4d88', '62bdfb82-d724-11e9-a568-c8f7501047dc', '94c5b3cf-d170-11e9-b97c-48f17f8d4d88', 'Jacobs Kronung Instant Coffee 100 Gram', '65.00', '1', '65.00', '2020-01-19 15:50:52', '81de5b36-d170-11e9-b97c-48f17f8d4d88', '2020-01-19 15:50:52', '81de5b36-d170-11e9-b97c-48f17f8d4d88', 1),
('b5004312-3ac2-11ea-807c-48f17f8d4d88', 'b4e7c9ed-3ac2-11ea-807c-48f17f8d4d88', '0c1f21ca-dc76-11e9-84fb-c8f7501047dc', '94c5b3cf-d170-11e9-b97c-48f17f8d4d88', 'Well Olive Oil 1lt', '62.00', '1', '62.00', '2020-01-19 15:50:52', '81de5b36-d170-11e9-b97c-48f17f8d4d88', '2020-01-19 15:50:52', '81de5b36-d170-11e9-b97c-48f17f8d4d88', 1),
('b5008bf9-3ac2-11ea-807c-48f17f8d4d88', 'b4e7c9ed-3ac2-11ea-807c-48f17f8d4d88', '8aadcceb-d6f7-11e9-a5a1-c8f7501047dc', '94c5b3cf-d170-11e9-b97c-48f17f8d4d88', 'Selati - Golden Brown Sugar 2kg', '35.00', '1', '35.00', '2020-01-19 15:50:52', '81de5b36-d170-11e9-b97c-48f17f8d4d88', '2020-01-19 15:50:52', '81de5b36-d170-11e9-b97c-48f17f8d4d88', 1),
('b500ca7f-3ac2-11ea-807c-48f17f8d4d88', 'b4e7c9ed-3ac2-11ea-807c-48f17f8d4d88', 'd6b01266-e159-11e9-9302-48f17f8d4d88', '94c5b3cf-d170-11e9-b97c-48f17f8d4d88', 'Vaseline', '12.00', '1', '12.00', '2020-01-19 15:50:52', '81de5b36-d170-11e9-b97c-48f17f8d4d88', '2020-01-19 15:50:52', '81de5b36-d170-11e9-b97c-48f17f8d4d88', 1),
('b90e2e1c-3c3e-11ea-9fda-48f17f8d4d88', 'b8ee77d6-3c3e-11ea-9fda-48f17f8d4d88', 'dd5d9f0c-3c3c-11ea-9fda-48f17f8d4d88', '94c5b3cf-d170-11e9-b97c-48f17f8d4d88', 'Aromatic', '18.00', '1', '18.00', '2020-01-21 13:11:07', '81de5b36-d170-11e9-b97c-48f17f8d4d88', '2020-01-21 13:11:07', '81de5b36-d170-11e9-b97c-48f17f8d4d88', 1),
('be77b870-652e-11ea-80a3-48f17f8d4d88', 'be776cf4-652e-11ea-80a3-48f17f8d4d88', '10f18237-5dde-11ea-b68c-48f17f8d4d88', '94c5b3cf-d170-11e9-b97c-48f17f8d4d88', 'Summer Chill Plain Short Sleeve T-shirt', '250.00', '1', '250.00', '2020-03-13 15:30:02', 'customer', '2020-03-13 15:30:02', 'customer', 1),
('be78475f-652e-11ea-80a3-48f17f8d4d88', 'be776cf4-652e-11ea-80a3-48f17f8d4d88', '5e0d8008-47da-11ea-b608-48f17f8d4d88', '94c5b3cf-d170-11e9-b97c-48f17f8d4d88', 'Red Nike shoes', '450.00', '5', '2250.00', '2020-03-13 15:30:02', 'customer', '2020-03-13 15:30:02', 'customer', 1),
('bef0a815-50f4-11ea-ad2e-48f17f8d4d88', 'bef02e0a-50f4-11ea-ad2e-48f17f8d4d88', '5e0d8008-47da-11ea-b608-48f17f8d4d88', '94c5b3cf-d170-11e9-b97c-48f17f8d4d88', 'Red shoes', '450.00', '1', '450.00', '2020-02-16 21:44:29', '81de5b36-d170-11e9-b97c-48f17f8d4d88', '2020-02-16 21:44:29', '81de5b36-d170-11e9-b97c-48f17f8d4d88', 1),
('bef1109e-50f4-11ea-ad2e-48f17f8d4d88', 'bef02e0a-50f4-11ea-ad2e-48f17f8d4d88', 'b099a62b-3697-11ea-bd88-48f17f8d4d88', '94c5b3cf-d170-11e9-b97c-48f17f8d4d88', 'Simba Chips 36g Creamy Cheddar', '11.00', '1', '11.00', '2020-02-16 21:44:29', '81de5b36-d170-11e9-b97c-48f17f8d4d88', '2020-02-16 21:44:29', '81de5b36-d170-11e9-b97c-48f17f8d4d88', 1),
('c0182f1f-3697-11ea-bd88-48f17f8d4d88', 'c00c0b7a-3697-11ea-bd88-48f17f8d4d88', 'b099a62b-3697-11ea-bd88-48f17f8d4d88', '94c5b3cf-d170-11e9-b97c-48f17f8d4d88', 'test', '11', '1', '11', '2020-01-14 08:33:17', '81de5b36-d170-11e9-b97c-48f17f8d4d88', '2020-01-14 08:33:17', '81de5b36-d170-11e9-b97c-48f17f8d4d88', 1),
('c05bac71-652d-11ea-80a3-48f17f8d4d88', 'c05afda2-652d-11ea-80a3-48f17f8d4d88', '10f18237-5dde-11ea-b68c-48f17f8d4d88', '94c5b3cf-d170-11e9-b97c-48f17f8d4d88', 'Summer Chill Plain Short Sleeve T-shirt', '250.00', '1', '250.00', '2020-03-13 15:22:56', 'customer', '2020-03-13 15:22:56', 'customer', 1),
('c05cb34e-652d-11ea-80a3-48f17f8d4d88', 'c05afda2-652d-11ea-80a3-48f17f8d4d88', '5e0d8008-47da-11ea-b608-48f17f8d4d88', '94c5b3cf-d170-11e9-b97c-48f17f8d4d88', 'Red Nike shoes', '450.00', '5', '2250.00', '2020-03-13 15:22:56', 'customer', '2020-03-13 15:22:56', 'customer', 1),
('c2fbaf30-5924-11ea-ad2e-48f17f8d4d88', 'c2fb1021-5924-11ea-ad2e-48f17f8d4d88', '5e0e53ff-47da-11ea-b608-48f17f8d4d88', '94c5b3cf-d170-11e9-b97c-48f17f8d4d88', 'Red drip', '900.00', '1', '900.00', '2020-02-27 07:48:20', 'customer', '2020-02-27 07:48:20', 'customer', 1),
('c2fbf738-5924-11ea-ad2e-48f17f8d4d88', 'c2fb1021-5924-11ea-ad2e-48f17f8d4d88', '5e0eb0fd-47da-11ea-b608-48f17f8d4d88', '94c5b3cf-d170-11e9-b97c-48f17f8d4d88', 'Swmming cosume', '150.00', '1', '150.00', '2020-02-27 07:48:20', 'customer', '2020-02-27 07:48:20', 'customer', 1),
('c544f433-47dd-11ea-b608-48f17f8d4d88', 'c5445557-47dd-11ea-b608-48f17f8d4d88', '21d5eb9b-47dd-11ea-b608-48f17f8d4d88', 'e967061e-47dc-11ea-b608-48f17f8d4d88', 'Lather jacket', '1500.00', '2', '3000.00', '2020-02-05 08:07:21', 'e9694a64-47dc-11ea-b608-48f17f8d4d88', '2020-02-05 08:07:21', 'e9694a64-47dc-11ea-b608-48f17f8d4d88', 1),
('c7c54fe8-5940-11ea-85bf-48f17f8d4d88', 'c7c489d5-5940-11ea-85bf-48f17f8d4d88', '5e0e53ff-47da-11ea-b608-48f17f8d4d88', '94c5b3cf-d170-11e9-b97c-48f17f8d4d88', 'Red drip', '900.00', '1', '900.00', '2020-02-27 11:08:55', 'customer', '2020-02-27 11:08:55', 'customer', 1),
('c7c5ad2d-5940-11ea-85bf-48f17f8d4d88', 'c7c489d5-5940-11ea-85bf-48f17f8d4d88', '5e0eb0fd-47da-11ea-b608-48f17f8d4d88', '94c5b3cf-d170-11e9-b97c-48f17f8d4d88', 'Swmming cosume', '150.00', '1', '150.00', '2020-02-27 11:08:55', 'customer', '2020-02-27 11:08:55', 'customer', 1),
('c8afd05a-593e-11ea-85bf-48f17f8d4d88', 'c8af619f-593e-11ea-85bf-48f17f8d4d88', '5e0e53ff-47da-11ea-b608-48f17f8d4d88', '94c5b3cf-d170-11e9-b97c-48f17f8d4d88', 'Red drip', '900.00', '1', '900.00', '2020-02-27 10:54:38', 'customer', '2020-02-27 10:54:38', 'customer', 1),
('c8b037a6-593e-11ea-85bf-48f17f8d4d88', 'c8af619f-593e-11ea-85bf-48f17f8d4d88', '5e0eb0fd-47da-11ea-b608-48f17f8d4d88', '94c5b3cf-d170-11e9-b97c-48f17f8d4d88', 'Swmming cosume', '150.00', '1', '150.00', '2020-02-27 10:54:38', 'customer', '2020-02-27 10:54:38', 'customer', 1),
('ca80eab4-3a0c-11ea-9d4d-48f17f8d4d88', 'ca6de7dc-3a0c-11ea-9d4d-48f17f8d4d88', 'b099a62b-3697-11ea-bd88-48f17f8d4d88', '94c5b3cf-d170-11e9-b97c-48f17f8d4d88', 'test', '10.88', '1', '10.88', '2020-01-18 18:08:28', '81de5b36-d170-11e9-b97c-48f17f8d4d88', '2020-01-18 18:08:28', '81de5b36-d170-11e9-b97c-48f17f8d4d88', 1),
('ca819fcd-3a0c-11ea-9d4d-48f17f8d4d88', 'ca6de7dc-3a0c-11ea-9d4d-48f17f8d4d88', '05e447a5-31da-11ea-a404-48f17f8d4d88', '94c5b3cf-d170-11e9-b97c-48f17f8d4d88', 'Fish raw', '65.00', '1', '65.00', '2020-01-18 18:08:28', '81de5b36-d170-11e9-b97c-48f17f8d4d88', '2020-01-18 18:08:28', '81de5b36-d170-11e9-b97c-48f17f8d4d88', 1),
('ca81f4ed-3a0c-11ea-9d4d-48f17f8d4d88', 'ca6de7dc-3a0c-11ea-9d4d-48f17f8d4d88', 'a9c5b055-317a-11ea-a404-48f17f8d4d88', '94c5b3cf-d170-11e9-b97c-48f17f8d4d88', 'Beef tray', '55.00', '1', '55.00', '2020-01-18 18:08:28', '81de5b36-d170-11e9-b97c-48f17f8d4d88', '2020-01-18 18:08:28', '81de5b36-d170-11e9-b97c-48f17f8d4d88', 1),
('ca825a43-3a0c-11ea-9d4d-48f17f8d4d88', 'ca6de7dc-3a0c-11ea-9d4d-48f17f8d4d88', '75108eb4-3154-11ea-a404-48f17f8d4d88', '94c5b3cf-d170-11e9-b97c-48f17f8d4d88', 'Coke can', '18.00', '1', '18.00', '2020-01-18 18:08:28', '81de5b36-d170-11e9-b97c-48f17f8d4d88', '2020-01-18 18:08:28', '81de5b36-d170-11e9-b97c-48f17f8d4d88', 1),
('ce1dd950-3b92-11ea-94dc-48f17f8d4d88', 'cdff2e5c-3b92-11ea-94dc-48f17f8d4d88', 'c54e67a9-dd62-11e9-8ffb-c8f7501047dc', '94c5b3cf-d170-11e9-b97c-48f17f8d4d88', 'ROBERTSONS spice', '25.00', '1', '25.00', '2020-01-20 16:40:28', '81de5b36-d170-11e9-b97c-48f17f8d4d88', '2020-01-20 16:40:28', '81de5b36-d170-11e9-b97c-48f17f8d4d88', 1),
('cf86ba8d-50f4-11ea-ad2e-48f17f8d4d88', 'cf8656b0-50f4-11ea-ad2e-48f17f8d4d88', '5e0d8008-47da-11ea-b608-48f17f8d4d88', '94c5b3cf-d170-11e9-b97c-48f17f8d4d88', 'Red shoes', '450.00', '1', '450.00', '2020-02-16 21:44:57', '81de5b36-d170-11e9-b97c-48f17f8d4d88', '2020-02-16 21:44:57', '81de5b36-d170-11e9-b97c-48f17f8d4d88', 1),
('d0ea174f-2ba4-11ea-84fd-48f17f8d4d88', 'd0e20298-2ba4-11ea-84fd-48f17f8d4d88', 'f7f77f35-dfbc-11e9-850f-48f17f8d4d88', '94c5b3cf-d170-11e9-b97c-48f17f8d4d88', 'Swimwear', '1000', '1', '1000', '2019-12-31 10:09:06', '81de5b36-d170-11e9-b97c-48f17f8d4d88', '2019-12-31 10:09:06', '81de5b36-d170-11e9-b97c-48f17f8d4d88', 1),
('d0ea4f3f-2ba4-11ea-84fd-48f17f8d4d88', 'd0e20298-2ba4-11ea-84fd-48f17f8d4d88', '417ffc60-df08-11e9-a724-48f17f8d4d88', '94c5b3cf-d170-11e9-b97c-48f17f8d4d88', 'Peri peri source', '37', '1', '37', '2019-12-31 10:09:06', '81de5b36-d170-11e9-b97c-48f17f8d4d88', '2019-12-31 10:09:06', '81de5b36-d170-11e9-b97c-48f17f8d4d88', 1),
('d0ea7fb5-2ba4-11ea-84fd-48f17f8d4d88', 'd0e20298-2ba4-11ea-84fd-48f17f8d4d88', '0c1f21ca-dc76-11e9-84fb-c8f7501047dc', '94c5b3cf-d170-11e9-b97c-48f17f8d4d88', '2019 Flex Genie', '450000', '1', '450000', '2019-12-31 10:09:06', '81de5b36-d170-11e9-b97c-48f17f8d4d88', '2019-12-31 10:09:06', '81de5b36-d170-11e9-b97c-48f17f8d4d88', 1),
('d0eaa527-2ba4-11ea-84fd-48f17f8d4d88', 'd0e20298-2ba4-11ea-84fd-48f17f8d4d88', 'c54e67a9-dd62-11e9-8ffb-c8f7501047dc', '94c5b3cf-d170-11e9-b97c-48f17f8d4d88', 'Fanta', '25', '1', '25', '2019-12-31 10:09:06', '81de5b36-d170-11e9-b97c-48f17f8d4d88', '2019-12-31 10:09:06', '81de5b36-d170-11e9-b97c-48f17f8d4d88', 1),
('d0ead363-2ba4-11ea-84fd-48f17f8d4d88', 'd0e20298-2ba4-11ea-84fd-48f17f8d4d88', 'aa4825ec-df08-11e9-a724-48f17f8d4d88', '94c5b3cf-d170-11e9-b97c-48f17f8d4d88', '60 Eggs', '75', '1', '75', '2019-12-31 10:09:06', '81de5b36-d170-11e9-b97c-48f17f8d4d88', '2019-12-31 10:09:06', '81de5b36-d170-11e9-b97c-48f17f8d4d88', 1),
('d0eb1622-2ba4-11ea-84fd-48f17f8d4d88', 'd0e20298-2ba4-11ea-84fd-48f17f8d4d88', 'd6b01266-e159-11e9-9302-48f17f8d4d88', '94c5b3cf-d170-11e9-b97c-48f17f8d4d88', 'Vaseline', '12', '1', '12', '2019-12-31 10:09:06', '81de5b36-d170-11e9-b97c-48f17f8d4d88', '2019-12-31 10:09:06', '81de5b36-d170-11e9-b97c-48f17f8d4d88', 1),
('d0fdb780-3a34-11ea-952e-48f17f8d4d88', 'd0ea976b-3a34-11ea-952e-48f17f8d4d88', 'f7f77f35-dfbc-11e9-850f-48f17f8d4d88', '94c5b3cf-d170-11e9-b97c-48f17f8d4d88', '2l coke', '25.00', '2', '50.00', '2020-01-18 22:55:10', '81de5b36-d170-11e9-b97c-48f17f8d4d88', '2020-01-18 22:55:10', '81de5b36-d170-11e9-b97c-48f17f8d4d88', 1),
('d2256adf-652a-11ea-80a3-48f17f8d4d88', 'd2250b5e-652a-11ea-80a3-48f17f8d4d88', '10f18237-5dde-11ea-b68c-48f17f8d4d88', '94c5b3cf-d170-11e9-b97c-48f17f8d4d88', 'Summer Chill Plain Short Sleeve T-shirt', '250.00', '1', '250.00', '2020-03-13 15:01:57', 'customer', '2020-03-13 15:01:57', 'customer', 1),
('d225a0fb-652a-11ea-80a3-48f17f8d4d88', 'd2250b5e-652a-11ea-80a3-48f17f8d4d88', '5e0d8008-47da-11ea-b608-48f17f8d4d88', '94c5b3cf-d170-11e9-b97c-48f17f8d4d88', 'Red Nike shoes', '450.00', '5', '2250.00', '2020-03-13 15:01:57', 'customer', '2020-03-13 15:01:57', 'customer', 1),
('d41dfb0f-652a-11ea-80a3-48f17f8d4d88', 'd41d5cdb-652a-11ea-80a3-48f17f8d4d88', '10f18237-5dde-11ea-b68c-48f17f8d4d88', '94c5b3cf-d170-11e9-b97c-48f17f8d4d88', 'Summer Chill Plain Short Sleeve T-shirt', '250.00', '1', '250.00', '2020-03-13 15:02:00', 'customer', '2020-03-13 15:02:00', 'customer', 1),
('d41e403f-652a-11ea-80a3-48f17f8d4d88', 'd41d5cdb-652a-11ea-80a3-48f17f8d4d88', '5e0d8008-47da-11ea-b608-48f17f8d4d88', '94c5b3cf-d170-11e9-b97c-48f17f8d4d88', 'Red Nike shoes', '450.00', '5', '2250.00', '2020-03-13 15:02:00', 'customer', '2020-03-13 15:02:00', 'customer', 1),
('d46f72ba-5cb5-11ea-aca8-48f17f8d4d88', 'd46f0a74-5cb5-11ea-aca8-48f17f8d4d88', '5e0e53ff-47da-11ea-b608-48f17f8d4d88', '94c5b3cf-d170-11e9-b97c-48f17f8d4d88', 'Red drip', '900.00', '1', '900.00', '2020-03-02 20:44:21', 'customer', '2020-03-02 20:44:21', 'customer', 1),
('d46fe93c-5cb5-11ea-aca8-48f17f8d4d88', 'd46f0a74-5cb5-11ea-aca8-48f17f8d4d88', '5e0eb0fd-47da-11ea-b608-48f17f8d4d88', '94c5b3cf-d170-11e9-b97c-48f17f8d4d88', 'Swmming cosume', '150.00', '1', '150.00', '2020-03-02 20:44:21', 'customer', '2020-03-02 20:44:21', 'customer', 1),
('d4703aa9-5cb5-11ea-aca8-48f17f8d4d88', 'd46f0a74-5cb5-11ea-aca8-48f17f8d4d88', '75108eb4-3154-11ea-a404-48f17f8d4d88', '94c5b3cf-d170-11e9-b97c-48f17f8d4d88', 'Coke can', '18.00', '1', '18.00', '2020-03-02 20:44:21', 'customer', '2020-03-02 20:44:21', 'customer', 1),
('d4708e10-5cb5-11ea-aca8-48f17f8d4d88', 'd46f0a74-5cb5-11ea-aca8-48f17f8d4d88', 'a9c4907e-317a-11ea-a404-48f17f8d4d88', '94c5b3cf-d170-11e9-b97c-48f17f8d4d88', 'Koo', '12.00', '1', '12.00', '2020-03-02 20:44:21', 'customer', '2020-03-02 20:44:21', 'customer', 1),
('d470f6be-5cb5-11ea-aca8-48f17f8d4d88', 'd46f0a74-5cb5-11ea-aca8-48f17f8d4d88', 'a9c5b055-317a-11ea-a404-48f17f8d4d88', '94c5b3cf-d170-11e9-b97c-48f17f8d4d88', 'Couples prints', '1200.00', '1', '1200.00', '2020-03-02 20:44:21', 'customer', '2020-03-02 20:44:21', 'customer', 1),
('d56718cb-5cb5-11ea-aca8-48f17f8d4d88', 'd5665ff6-5cb5-11ea-aca8-48f17f8d4d88', '5e0e53ff-47da-11ea-b608-48f17f8d4d88', '94c5b3cf-d170-11e9-b97c-48f17f8d4d88', 'Red drip', '900.00', '1', '900.00', '2020-03-02 20:44:22', 'customer', '2020-03-02 20:44:22', 'customer', 1),
('d5678159-5cb5-11ea-aca8-48f17f8d4d88', 'd5665ff6-5cb5-11ea-aca8-48f17f8d4d88', '5e0eb0fd-47da-11ea-b608-48f17f8d4d88', '94c5b3cf-d170-11e9-b97c-48f17f8d4d88', 'Swmming cosume', '150.00', '1', '150.00', '2020-03-02 20:44:22', 'customer', '2020-03-02 20:44:22', 'customer', 1),
('d567e5fe-5cb5-11ea-aca8-48f17f8d4d88', 'd5665ff6-5cb5-11ea-aca8-48f17f8d4d88', '75108eb4-3154-11ea-a404-48f17f8d4d88', '94c5b3cf-d170-11e9-b97c-48f17f8d4d88', 'Coke can', '18.00', '1', '18.00', '2020-03-02 20:44:22', 'customer', '2020-03-02 20:44:22', 'customer', 1),
('d5684bb5-5cb5-11ea-aca8-48f17f8d4d88', 'd5665ff6-5cb5-11ea-aca8-48f17f8d4d88', 'a9c4907e-317a-11ea-a404-48f17f8d4d88', '94c5b3cf-d170-11e9-b97c-48f17f8d4d88', 'Koo', '12.00', '1', '12.00', '2020-03-02 20:44:22', 'customer', '2020-03-02 20:44:22', 'customer', 1),
('d568a9e4-5cb5-11ea-aca8-48f17f8d4d88', 'd5665ff6-5cb5-11ea-aca8-48f17f8d4d88', 'a9c5b055-317a-11ea-a404-48f17f8d4d88', '94c5b3cf-d170-11e9-b97c-48f17f8d4d88', 'Couples prints', '1200.00', '1', '1200.00', '2020-03-02 20:44:22', 'customer', '2020-03-02 20:44:22', 'customer', 1),
('d9f47a6f-3973-11ea-9d4d-48f17f8d4d88', 'd9de4acc-3973-11ea-9d4d-48f17f8d4d88', '05e3b73d-31da-11ea-a404-48f17f8d4d88', '94c5b3cf-d170-11e9-b97c-48f17f8d4d88', 'Beef tray', '55.00', '1', '55.00', '2020-01-17 23:53:52', '81de5b36-d170-11e9-b97c-48f17f8d4d88', '2020-01-17 23:53:52', '81de5b36-d170-11e9-b97c-48f17f8d4d88', 1),
('d9f50f0a-3973-11ea-9d4d-48f17f8d4d88', 'd9de4acc-3973-11ea-9d4d-48f17f8d4d88', '05e447a5-31da-11ea-a404-48f17f8d4d88', '94c5b3cf-d170-11e9-b97c-48f17f8d4d88', 'Fish raw', '65.00', '1', '65.00', '2020-01-17 23:53:52', '81de5b36-d170-11e9-b97c-48f17f8d4d88', '2020-01-17 23:53:52', '81de5b36-d170-11e9-b97c-48f17f8d4d88', 1),
('db212598-3699-11ea-bd88-48f17f8d4d88', 'dafecb04-3699-11ea-bd88-48f17f8d4d88', 'b099a62b-3697-11ea-bd88-48f17f8d4d88', '94c5b3cf-d170-11e9-b97c-48f17f8d4d88', 'test', '11', '1', '11', '2020-01-14 08:48:21', '81de5b36-d170-11e9-b97c-48f17f8d4d88', '2020-01-14 08:48:21', '81de5b36-d170-11e9-b97c-48f17f8d4d88', 1),
('dc025e62-3e07-11ea-820f-48f17f8d4d88', 'dc01aba6-3e07-11ea-820f-48f17f8d4d88', 'a9c4907e-317a-11ea-a404-48f17f8d4d88', '94c5b3cf-d170-11e9-b97c-48f17f8d4d88', 'Koo', '12.00', '1', '12.00', '2020-01-23 19:43:26', '81de5b36-d170-11e9-b97c-48f17f8d4d88', '2020-01-23 19:43:26', '81de5b36-d170-11e9-b97c-48f17f8d4d88', 1),
('dc02a4a4-3e07-11ea-820f-48f17f8d4d88', 'dc01aba6-3e07-11ea-820f-48f17f8d4d88', '4c2f21df-3154-11ea-a404-48f17f8d4d88', '94c5b3cf-d170-11e9-b97c-48f17f8d4d88', 'Koo', '12.00', '1', '12.00', '2020-01-23 19:43:26', '81de5b36-d170-11e9-b97c-48f17f8d4d88', '2020-01-23 19:43:26', '81de5b36-d170-11e9-b97c-48f17f8d4d88', 1),
('dc02f9f7-3e07-11ea-820f-48f17f8d4d88', 'dc01aba6-3e07-11ea-820f-48f17f8d4d88', '417ffc60-df08-11e9-a724-48f17f8d4d88', '94c5b3cf-d170-11e9-b97c-48f17f8d4d88', 'mayonnaise', '30.00', '1', '30.00', '2020-01-23 19:43:26', '81de5b36-d170-11e9-b97c-48f17f8d4d88', '2020-01-23 19:43:26', '81de5b36-d170-11e9-b97c-48f17f8d4d88', 1),
('dcb9b2dd-3c46-11ea-9fda-48f17f8d4d88', 'dca71943-3c46-11ea-9fda-48f17f8d4d88', 'dd5d9f0c-3c3c-11ea-9fda-48f17f8d4d88', '94c5b3cf-d170-11e9-b97c-48f17f8d4d88', 'Aromatic', '18.00', '1', '18.00', '2020-01-21 14:09:23', '81de5b36-d170-11e9-b97c-48f17f8d4d88', '2020-01-21 14:09:23', '81de5b36-d170-11e9-b97c-48f17f8d4d88', 1),
('e5d35c33-2fb0-11ea-8be9-48f17f8d4d88', 'e5ba4945-2fb0-11ea-8be9-48f17f8d4d88', 'a685d45e-2fb0-11ea-8be9-48f17f8d4d88', NULL, 'Logo Design', '500', '1', '500', '2020-01-05 13:45:40', 'ea6f3106-2faf-11ea-8be9-48f17f8d4d88', '2020-01-05 13:45:40', 'ea6f3106-2faf-11ea-8be9-48f17f8d4d88', 1),
('e6c92374-652b-11ea-80a3-48f17f8d4d88', 'e6c89cfb-652b-11ea-80a3-48f17f8d4d88', '10f18237-5dde-11ea-b68c-48f17f8d4d88', '94c5b3cf-d170-11e9-b97c-48f17f8d4d88', 'Summer Chill Plain Short Sleeve T-shirt', '250.00', '1', '250.00', '2020-03-13 15:09:41', 'customer', '2020-03-13 15:09:41', 'customer', 1),
('e6c97fd9-652b-11ea-80a3-48f17f8d4d88', 'e6c89cfb-652b-11ea-80a3-48f17f8d4d88', '5e0d8008-47da-11ea-b608-48f17f8d4d88', '94c5b3cf-d170-11e9-b97c-48f17f8d4d88', 'Red Nike shoes', '450.00', '5', '2250.00', '2020-03-13 15:09:41', 'customer', '2020-03-13 15:09:41', 'customer', 1),
('e89581f4-3b92-11ea-94dc-48f17f8d4d88', 'e8858c7b-3b92-11ea-94dc-48f17f8d4d88', '2126dad9-df0a-11e9-a724-48f17f8d4d88', '94c5b3cf-d170-11e9-b97c-48f17f8d4d88', '2l Fanta', '25.00', '3', '75.00', '2020-01-20 16:41:12', '81de5b36-d170-11e9-b97c-48f17f8d4d88', '2020-01-20 16:41:12', '81de5b36-d170-11e9-b97c-48f17f8d4d88', 1),
('eff71739-1be4-11ea-8867-48f17f8d4d88', 'efeb5ac3-1be4-11ea-8867-48f17f8d4d88', '400a31bd-e8fd-11e9-bc5d-0050569fd205', NULL, 'LEGACY', '85', '1', '85', '2019-12-11 09:07:48', '704bf544-e517-11e9-bc5d-0050569fd205', '2019-12-11 09:07:48', '704bf544-e517-11e9-bc5d-0050569fd205', 1),
('eff7abfa-1be4-11ea-8867-48f17f8d4d88', 'efeb5ac3-1be4-11ea-8867-48f17f8d4d88', '0fb993dd-e513-11e9-bc5d-0050569fd205', NULL, 'Maboneng Brew', '100', '1', '100', '2019-12-11 09:07:48', '704bf544-e517-11e9-bc5d-0050569fd205', '2019-12-11 09:07:48', '704bf544-e517-11e9-bc5d-0050569fd205', 1),
('eff7fe2a-1be4-11ea-8867-48f17f8d4d88', 'efeb5ac3-1be4-11ea-8867-48f17f8d4d88', '7cd35931-e515-11e9-bc5d-0050569fd205', NULL, '2014 NIGHT SKY', '165', '1', '165', '2019-12-11 09:07:48', '704bf544-e517-11e9-bc5d-0050569fd205', '2019-12-11 09:07:48', '704bf544-e517-11e9-bc5d-0050569fd205', 1),
('f02e0ad2-2fb3-11ea-8be9-48f17f8d4d88', 'f0152ccc-2fb3-11ea-8be9-48f17f8d4d88', 'a685d45e-2fb0-11ea-8be9-48f17f8d4d88', NULL, 'Logo Design', '500', '1', '500', '2020-01-05 14:07:26', 'ea6f3106-2faf-11ea-8be9-48f17f8d4d88', '2020-01-05 14:07:26', 'ea6f3106-2faf-11ea-8be9-48f17f8d4d88', 1),
('f02ef8e9-2fb3-11ea-8be9-48f17f8d4d88', 'f0152ccc-2fb3-11ea-8be9-48f17f8d4d88', '7922a687-2fb0-11ea-8be9-48f17f8d4d88', NULL, 'Website Design', '5500', '1', '5500', '2020-01-05 14:07:26', 'ea6f3106-2faf-11ea-8be9-48f17f8d4d88', '2020-01-05 14:07:26', 'ea6f3106-2faf-11ea-8be9-48f17f8d4d88', 1),
('f248ba79-591e-11ea-ad2e-48f17f8d4d88', 'f2481ec8-591e-11ea-ad2e-48f17f8d4d88', '5e0d8008-47da-11ea-b608-48f17f8d4d88', '94c5b3cf-d170-11e9-b97c-48f17f8d4d88', 'Red Nike shoes', '450.00', '5', '2250.00', '2020-02-27 07:06:43', 'customer', '2020-02-27 07:06:43', 'customer', 1),
('f248fa90-591e-11ea-ad2e-48f17f8d4d88', 'f2481ec8-591e-11ea-ad2e-48f17f8d4d88', '5e0e53ff-47da-11ea-b608-48f17f8d4d88', '94c5b3cf-d170-11e9-b97c-48f17f8d4d88', 'Red drip', '900.00', '6', '5400.00', '2020-02-27 07:06:43', 'customer', '2020-02-27 07:06:43', 'customer', 1),
('f54d2b90-3a33-11ea-952e-48f17f8d4d88', 'f540a326-3a33-11ea-952e-48f17f8d4d88', 'f7f77f35-dfbc-11e9-850f-48f17f8d4d88', '94c5b3cf-d170-11e9-b97c-48f17f8d4d88', '2l coke', '25.00', '3', '75.00', '2020-01-18 22:49:02', '81de5b36-d170-11e9-b97c-48f17f8d4d88', '2020-01-18 22:49:02', '81de5b36-d170-11e9-b97c-48f17f8d4d88', 1),
('f638ab09-3aeb-11ea-be63-48f17f8d4d88', 'f6264c6d-3aeb-11ea-be63-48f17f8d4d88', '05e2e137-31da-11ea-a404-48f17f8d4d88', '94c5b3cf-d170-11e9-b97c-48f17f8d4d88', 'Markers', '12.00', '1', '12.00', '2020-01-19 20:46:11', '81de5b36-d170-11e9-b97c-48f17f8d4d88', '2020-01-19 20:46:11', '81de5b36-d170-11e9-b97c-48f17f8d4d88', 1),
('f63949b8-3aeb-11ea-be63-48f17f8d4d88', 'f6264c6d-3aeb-11ea-be63-48f17f8d4d88', '05e3b73d-31da-11ea-a404-48f17f8d4d88', '94c5b3cf-d170-11e9-b97c-48f17f8d4d88', 'Beef tray', '55.00', '2', '110.00', '2020-01-19 20:46:11', '81de5b36-d170-11e9-b97c-48f17f8d4d88', '2020-01-19 20:46:11', '81de5b36-d170-11e9-b97c-48f17f8d4d88', 1),
('f7b5dde2-5851-11ea-86fe-48f17f8d4d88', 'f7b52aaf-5851-11ea-86fe-48f17f8d4d88', '5e0eb0fd-47da-11ea-b608-48f17f8d4d88', '94c5b3cf-d170-11e9-b97c-48f17f8d4d88', 'Swmming cosume', '150.00', '1', '150.00', '2020-02-26 06:39:25', 'customer', '2020-02-26 06:39:25', 'customer', 1),
('f7b660ea-5851-11ea-86fe-48f17f8d4d88', 'f7b52aaf-5851-11ea-86fe-48f17f8d4d88', '5e0f26d3-47da-11ea-b608-48f17f8d4d88', '94c5b3cf-d170-11e9-b97c-48f17f8d4d88', 'Log Red dress', '850.00', '1', '850.00', '2020-02-26 06:39:25', 'customer', '2020-02-26 06:39:25', 'customer', 1),
('fc42637c-3c49-11ea-9fda-48f17f8d4d88', 'fc41bb30-3c49-11ea-9fda-48f17f8d4d88', 'dd5d9f0c-3c3c-11ea-9fda-48f17f8d4d88', '94c5b3cf-d170-11e9-b97c-48f17f8d4d88', 'Aromatic', '18.00', '1', '18.00', '2020-01-21 14:31:45', '81de5b36-d170-11e9-b97c-48f17f8d4d88', '2020-01-21 14:31:45', '81de5b36-d170-11e9-b97c-48f17f8d4d88', 1),
('fc42a434-3c49-11ea-9fda-48f17f8d4d88', 'fc41bb30-3c49-11ea-9fda-48f17f8d4d88', '04c46765-3a30-11ea-952e-48f17f8d4d88', '94c5b3cf-d170-11e9-b97c-48f17f8d4d88', 'Vaseline leap therapy', '50.00', '1', '50.00', '2020-01-21 14:31:45', '81de5b36-d170-11e9-b97c-48f17f8d4d88', '2020-01-21 14:31:45', '81de5b36-d170-11e9-b97c-48f17f8d4d88', 1),
('fd70e3d6-3b93-11ea-94dc-48f17f8d4d88', 'fd5cba17-3b93-11ea-94dc-48f17f8d4d88', '417ffc60-df08-11e9-a724-48f17f8d4d88', '94c5b3cf-d170-11e9-b97c-48f17f8d4d88', 'mayonnaise', '30.00', '1', '30.00', '2020-01-20 16:48:57', '81de5b36-d170-11e9-b97c-48f17f8d4d88', '2020-01-20 16:48:57', '81de5b36-d170-11e9-b97c-48f17f8d4d88', 1),
('fe54e6d6-2f3d-11ea-99b8-48f17f8d4d88', 'fe457b66-2f3d-11ea-99b8-48f17f8d4d88', 'f55adf15-e29a-11e9-abbd-48f17f8d4d88', '94c5b3cf-d170-11e9-b97c-48f17f8d4d88', '500ml Peri peri source', '32', '1', '32', '2020-01-05 00:03:09', '81de5b36-d170-11e9-b97c-48f17f8d4d88', '2020-01-05 00:03:09', '81de5b36-d170-11e9-b97c-48f17f8d4d88', 1),
('fe557214-2f3d-11ea-99b8-48f17f8d4d88', 'fe457b66-2f3d-11ea-99b8-48f17f8d4d88', '2126dad9-df0a-11e9-a724-48f17f8d4d88', '94c5b3cf-d170-11e9-b97c-48f17f8d4d88', '2l Fanta', '25', '1', '25', '2020-01-05 00:03:09', '81de5b36-d170-11e9-b97c-48f17f8d4d88', '2020-01-05 00:03:09', '81de5b36-d170-11e9-b97c-48f17f8d4d88', 1);

-- --------------------------------------------------------

--
-- Table structure for table `partner`
--

CREATE TABLE `partner` (
  `PartnerId` varchar(225) NOT NULL,
  `CompanyId` varchar(225) NOT NULL,
  `PartnerType` varchar(20) NOT NULL,
  `Name` varchar(100) NOT NULL,
  `Surname` varchar(100) DEFAULT NULL,
  `CellphoneNumber` varchar(20) NOT NULL,
  `EmailAddress` varchar(225) NOT NULL,
  `Password` varchar(50) DEFAULT NULL,
  `Address` varchar(225) NOT NULL,
  `CreateDate` datetime NOT NULL DEFAULT current_timestamp(),
  `CreateUserId` varchar(225) NOT NULL,
  `ModifyDate` datetime NOT NULL DEFAULT current_timestamp(),
  `ModifyUserId` varchar(225) NOT NULL,
  `StatusId` int(11) NOT NULL
) ENGINE=InnoDB DEFAULT CHARSET=latin1;

--
-- Dumping data for table `partner`
--

INSERT INTO `partner` (`PartnerId`, `CompanyId`, `PartnerType`, `Name`, `Surname`, `CellphoneNumber`, `EmailAddress`, `Password`, `Address`, `CreateDate`, `CreateUserId`, `ModifyDate`, `ModifyUserId`, `StatusId`) VALUES
('035b1b23-60a2-11ea-a2e3-48f17f8d4d88', '94c5b3cf-d170-11e9-b97c-48f17f8d4d88', 'customer', 'dsf', '', 'fds', 'd@saDS', '', 'fds', '2020-03-07 20:32:34', 'customer', '2020-03-07 20:32:34', 'customer', 1),
('112da94a-0d3a-11ea-be49-48f17f8d4d88', '94c5b3cf-d170-11e9-b97c-48f17f8d4d88', 'customer', 'Sizwe ', 'xaba', '084778787', 'xaba@mail.com', '', 'test address', '2019-11-22 17:09:23', '81de5b36-d170-11e9-b97c-48f17f8d4d88', '2019-11-22 17:09:23', '81de5b36-d170-11e9-b97c-48f17f8d4d88', 1),
('181f3bcc-586d-11ea-86fe-48f17f8d4d88', '94c5b3cf-d170-11e9-b97c-48f17f8d4d88', 'customer', 'John', '', '7878781', 'test@mail.com', '', '55 Tua st Malbro', '2020-02-26 09:53:36', 'customer', '2020-02-26 09:53:36', 'customer', 1),
('1ab13359-593e-11ea-85bf-48f17f8d4d88', '94c5b3cf-d170-11e9-b97c-48f17f8d4d88', 'customer', '3213', '', '3213', 'sdfds@sad', '', '321', '2020-02-27 10:49:46', 'customer', '2020-02-27 10:49:46', 'customer', 1),
('27e2e62a-044e-11ea-80c4-4ad9491261dd', 'dfd5ee69-e6ac-11e9-bc5d-0050569fd205', 'customer', 'Jj', 'H', '86', 'mrnnmthembu@gmail.com', '', '', '2019-11-11 08:40:31', 'bfb9480e-e6ac-11e9-bc5d-0050569fd205', '2019-11-11 08:40:31', 'bfb9480e-e6ac-11e9-bc5d-0050569fd205', 1),
('2fa61660-3291-11ea-b970-48f17f8d4d88', '47de8a17-3290-11ea-b970-48f17f8d4d88', 'customer', 'Ndu', 'Mthembu', '0842529475', 'ndu@mail.com', '', '', '2020-01-09 05:36:13', '47e43de7-3290-11ea-b970-48f17f8d4d88', '2020-01-09 05:36:13', '47e43de7-3290-11ea-b970-48f17f8d4d88', 1),
('3f853407-3c4a-11ea-9fda-48f17f8d4d88', '94c5b3cf-d170-11e9-b97c-48f17f8d4d88', 'customer', 'volkswagen', 'VW', '0117878168797', 'info@volkswagen.co.za', '', '', '2020-01-21 14:33:37', '81de5b36-d170-11e9-b97c-48f17f8d4d88', '2020-01-21 14:33:37', '81de5b36-d170-11e9-b97c-48f17f8d4d88', 1),
('4349bc5c-47dd-11ea-b608-48f17f8d4d88', 'e967061e-47dc-11ea-b608-48f17f8d4d88', 'customer', 'Wing', 'Caldwell', '1-127-422-0527', 'velit.Quisque.varius@enimnec.org', '', 'Ap #827-3454 Gravida Rd.', '2020-02-05 08:03:43', 'e9694a64-47dc-11ea-b608-48f17f8d4d88', '2020-02-05 08:03:43', 'e9694a64-47dc-11ea-b608-48f17f8d4d88', 1),
('434a6a6e-47dd-11ea-b608-48f17f8d4d88', 'e967061e-47dc-11ea-b608-48f17f8d4d88', 'customer', 'Tashya', 'Cooke', '607-2167', 'dolor@justositamet.co.uk', '', 'Ap #372-5820 Eu St.', '2020-02-05 08:03:43', 'e9694a64-47dc-11ea-b608-48f17f8d4d88', '2020-02-05 08:03:43', 'e9694a64-47dc-11ea-b608-48f17f8d4d88', 1),
('434acd34-47dd-11ea-b608-48f17f8d4d88', 'e967061e-47dc-11ea-b608-48f17f8d4d88', 'customer', 'Ruby', 'Baker', '841-5851', 'non@elitfermentum.ca', '', '2240 Magna. Rd.', '2020-02-05 08:03:43', 'e9694a64-47dc-11ea-b608-48f17f8d4d88', '2020-02-05 08:03:43', 'e9694a64-47dc-11ea-b608-48f17f8d4d88', 1),
('434b0bc7-47dd-11ea-b608-48f17f8d4d88', 'e967061e-47dc-11ea-b608-48f17f8d4d88', 'customer', 'Eve', 'West', '1-473-393-7552', 'dictum@adipiscinglobortis.co.uk', '', 'Ap #661-905 Ante Road', '2020-02-05 08:03:43', 'e9694a64-47dc-11ea-b608-48f17f8d4d88', '2020-02-05 08:03:43', 'e9694a64-47dc-11ea-b608-48f17f8d4d88', 1),
('434b4c50-47dd-11ea-b608-48f17f8d4d88', 'e967061e-47dc-11ea-b608-48f17f8d4d88', 'customer', 'Colton', 'Armstrong', '333-8016', 'et.lacinia.vitae@sem.net', '', '637-2038 Fusce Av.', '2020-02-05 08:03:43', 'e9694a64-47dc-11ea-b608-48f17f8d4d88', '2020-02-05 08:03:43', 'e9694a64-47dc-11ea-b608-48f17f8d4d88', 1),
('477fa1b2-3293-11ea-b970-48f17f8d4d88', 'f019c8c5-3292-11ea-b970-48f17f8d4d88', 'customer', 'Ndu', 'Mthembu', '0842529472', 'ndu@mail.com', '', '', '2020-01-09 05:51:12', 'f01d15d4-3292-11ea-b970-48f17f8d4d88', '2020-01-09 05:51:12', 'f01d15d4-3292-11ea-b970-48f17f8d4d88', 1),
('4f1c38ad-1be2-11ea-8867-48f17f8d4d88', '23b82588-e370-11e9-bc5d-0050569fd205', 'customer', 'Sizwe', 'Msane', '087445454', 'sizwe@gmail.com', '', '', '2019-12-11 08:48:59', '704bf544-e517-11e9-bc5d-0050569fd205', '2019-12-11 08:48:59', '704bf544-e517-11e9-bc5d-0050569fd205', 1),
('5ba04397-652f-11ea-80a3-48f17f8d4d88', '94c5b3cf-d170-11e9-b97c-48f17f8d4d88', 'customer', 'fds', '', '3213', 'dsa@ds.fds', '', 'fdsf', '2020-03-13 15:34:26', 'customer', '2020-03-13 15:34:26', 'customer', 1),
('6ad547a3-3962-11ea-9d4d-48f17f8d4d88', 'f019c8c5-3292-11ea-b970-48f17f8d4d88', 'supplier', 'John', 'Doe', '842529548', 'john@mail.com', '', '25 Fox St, JHB 2021', '2020-01-17 21:49:04', 'f01d15d4-3292-11ea-b970-48f17f8d4d88', '2020-01-17 21:49:04', 'f01d15d4-3292-11ea-b970-48f17f8d4d88', 1),
('6ad5f66b-3962-11ea-9d4d-48f17f8d4d88', 'f019c8c5-3292-11ea-b970-48f17f8d4d88', 'supplier', 'John', 'Doe', '842529549', 'john@mail.com', '', '26 Fox St, JHB 2021', '2020-01-17 21:49:04', 'f01d15d4-3292-11ea-b970-48f17f8d4d88', '2020-01-17 21:49:04', 'f01d15d4-3292-11ea-b970-48f17f8d4d88', 1),
('6ad63f2a-3962-11ea-9d4d-48f17f8d4d88', 'f019c8c5-3292-11ea-b970-48f17f8d4d88', 'supplier', 'John', 'Doe', '842529550', 'john@mail.com', '', '27 Fox St, JHB 2021', '2020-01-17 21:49:04', 'f01d15d4-3292-11ea-b970-48f17f8d4d88', '2020-01-17 21:49:04', 'f01d15d4-3292-11ea-b970-48f17f8d4d88', 1),
('6ad69fc7-3962-11ea-9d4d-48f17f8d4d88', 'f019c8c5-3292-11ea-b970-48f17f8d4d88', 'supplier', 'John', 'Doe', '842529551', 'john@mail.com', '', '28 Fox St, JHB 2021', '2020-01-17 21:49:04', 'f01d15d4-3292-11ea-b970-48f17f8d4d88', '2020-01-17 21:49:04', 'f01d15d4-3292-11ea-b970-48f17f8d4d88', 1),
('6ad72d00-3962-11ea-9d4d-48f17f8d4d88', 'f019c8c5-3292-11ea-b970-48f17f8d4d88', 'supplier', 'John', 'Doe', '842529552', 'john@mail.com', '', '29 Fox St, JHB 2021', '2020-01-17 21:49:04', 'f01d15d4-3292-11ea-b970-48f17f8d4d88', '2020-01-17 21:49:04', 'f01d15d4-3292-11ea-b970-48f17f8d4d88', 1),
('6ad78314-3962-11ea-9d4d-48f17f8d4d88', 'f019c8c5-3292-11ea-b970-48f17f8d4d88', 'supplier', 'John', 'Doe', '842529553', 'john@mail.com', '', '30 Fox St, JHB 2021', '2020-01-17 21:49:04', 'f01d15d4-3292-11ea-b970-48f17f8d4d88', '2020-01-17 21:49:04', 'f01d15d4-3292-11ea-b970-48f17f8d4d88', 1),
('6ad7e3b2-3962-11ea-9d4d-48f17f8d4d88', 'f019c8c5-3292-11ea-b970-48f17f8d4d88', 'supplier', 'John', 'Doe', '842529554', 'john@mail.com', '', '31 Fox St, JHB 2021', '2020-01-17 21:49:04', 'f01d15d4-3292-11ea-b970-48f17f8d4d88', '2020-01-17 21:49:04', 'f01d15d4-3292-11ea-b970-48f17f8d4d88', 1),
('6ad84feb-3962-11ea-9d4d-48f17f8d4d88', 'f019c8c5-3292-11ea-b970-48f17f8d4d88', 'supplier', 'John', 'Doe', '842529555', 'john@mail.com', '', '32 Fox St, JHB 2021', '2020-01-17 21:49:04', 'f01d15d4-3292-11ea-b970-48f17f8d4d88', '2020-01-17 21:49:04', 'f01d15d4-3292-11ea-b970-48f17f8d4d88', 1),
('6ad8a63f-3962-11ea-9d4d-48f17f8d4d88', 'f019c8c5-3292-11ea-b970-48f17f8d4d88', 'supplier', 'John', 'Doe', '842529556', 'john@mail.com', '', '33 Fox St, JHB 2021', '2020-01-17 21:49:04', 'f01d15d4-3292-11ea-b970-48f17f8d4d88', '2020-01-17 21:49:04', 'f01d15d4-3292-11ea-b970-48f17f8d4d88', 1),
('6ad8ee26-3962-11ea-9d4d-48f17f8d4d88', 'f019c8c5-3292-11ea-b970-48f17f8d4d88', 'supplier', 'John', 'Doe', '842529557', 'john@mail.com', '', '34 Fox St, JHB 2021', '2020-01-17 21:49:04', 'f01d15d4-3292-11ea-b970-48f17f8d4d88', '2020-01-17 21:49:04', 'f01d15d4-3292-11ea-b970-48f17f8d4d88', 1),
('6ad93369-3962-11ea-9d4d-48f17f8d4d88', 'f019c8c5-3292-11ea-b970-48f17f8d4d88', 'supplier', 'John', 'Doe', '842529558', 'john@mail.com', '', '35 Fox St, JHB 2021', '2020-01-17 21:49:04', 'f01d15d4-3292-11ea-b970-48f17f8d4d88', '2020-01-17 21:49:04', 'f01d15d4-3292-11ea-b970-48f17f8d4d88', 1),
('6ad984a6-3962-11ea-9d4d-48f17f8d4d88', 'f019c8c5-3292-11ea-b970-48f17f8d4d88', 'supplier', 'John', 'Doe', '842529559', 'john@mail.com', '', '36 Fox St, JHB 2021', '2020-01-17 21:49:04', 'f01d15d4-3292-11ea-b970-48f17f8d4d88', '2020-01-17 21:49:04', 'f01d15d4-3292-11ea-b970-48f17f8d4d88', 1),
('6ad9d8ba-3962-11ea-9d4d-48f17f8d4d88', 'f019c8c5-3292-11ea-b970-48f17f8d4d88', 'supplier', 'John', 'Doe', '842529560', 'john@mail.com', '', '37 Fox St, JHB 2021', '2020-01-17 21:49:04', 'f01d15d4-3292-11ea-b970-48f17f8d4d88', '2020-01-17 21:49:04', 'f01d15d4-3292-11ea-b970-48f17f8d4d88', 1),
('6ada3066-3962-11ea-9d4d-48f17f8d4d88', 'f019c8c5-3292-11ea-b970-48f17f8d4d88', 'supplier', 'John', 'Doe', '842529561', 'john@mail.com', '', '38 Fox St, JHB 2021', '2020-01-17 21:49:04', 'f01d15d4-3292-11ea-b970-48f17f8d4d88', '2020-01-17 21:49:04', 'f01d15d4-3292-11ea-b970-48f17f8d4d88', 1),
('6ada813c-3962-11ea-9d4d-48f17f8d4d88', 'f019c8c5-3292-11ea-b970-48f17f8d4d88', 'supplier', 'John', 'Doe', '842529562', 'john@mail.com', '', '39 Fox St, JHB 2021', '2020-01-17 21:49:04', 'f01d15d4-3292-11ea-b970-48f17f8d4d88', '2020-01-17 21:49:04', 'f01d15d4-3292-11ea-b970-48f17f8d4d88', 1),
('6adac1f9-3962-11ea-9d4d-48f17f8d4d88', 'f019c8c5-3292-11ea-b970-48f17f8d4d88', 'supplier', 'John', 'Doe', '842529563', 'john@mail.com', '', '40 Fox St, JHB 2021', '2020-01-17 21:49:04', 'f01d15d4-3292-11ea-b970-48f17f8d4d88', '2020-01-17 21:49:04', 'f01d15d4-3292-11ea-b970-48f17f8d4d88', 1),
('6adb0d89-3962-11ea-9d4d-48f17f8d4d88', 'f019c8c5-3292-11ea-b970-48f17f8d4d88', 'supplier', 'John', 'Doe', '842529564', 'john@mail.com', '', '41 Fox St, JHB 2021', '2020-01-17 21:49:04', 'f01d15d4-3292-11ea-b970-48f17f8d4d88', '2020-01-17 21:49:04', 'f01d15d4-3292-11ea-b970-48f17f8d4d88', 1),
('7cf3915b-591e-11ea-ad2e-48f17f8d4d88', '94c5b3cf-d170-11e9-b97c-48f17f8d4d88', 'customer', 'e34', '', '4324', '4324', '', '4324', '2020-02-27 07:03:26', 'customer', '2020-02-27 07:03:26', 'customer', 1),
('85b700a4-5921-11ea-ad2e-48f17f8d4d88', '94c5b3cf-d170-11e9-b97c-48f17f8d4d88', 'customer', '3', '', '323321', 'wew@dd3', '', '323', '2020-02-27 07:25:09', 'customer', '2020-02-27 07:25:09', 'customer', 1),
('86d53a83-2faa-11ea-8be9-48f17f8d4d88', '42be6167-2fa9-11ea-8be9-48f17f8d4d88', 'customer', 'Ciara', 'lee', '073 578 7845', 'ciara@gmail.com', '', '', '2020-01-05 13:00:04', '42bfaa8a-2fa9-11ea-8be9-48f17f8d4d88', '2020-01-05 13:00:04', '42bfaa8a-2fa9-11ea-8be9-48f17f8d4d88', 1),
('8ae1dfa5-5d84-11ea-a211-48f17f8d4d88', '94c5b3cf-d170-11e9-b97c-48f17f8d4d88', 'customer', 'Nduhh', '', '087878', 'ndumiso@gmail.com', '', '502 Sand St', '2020-03-03 21:24:03', 'customer', '2020-03-03 21:24:03', 'customer', 1),
('8b4ec4bd-18e8-11ea-8276-48f17f8d4d88', '94c5b3cf-d170-11e9-b97c-48f17f8d4d88', 'customer', 'Mnqobi', '', '0745454544', 'mqobi@mail.com', '', '', '2019-12-07 13:56:03', '81de5b36-d170-11e9-b97c-48f17f8d4d88', '2019-12-07 13:56:03', '81de5b36-d170-11e9-b97c-48f17f8d4d88', 1),
('8c61f530-652e-11ea-80a3-48f17f8d4d88', '94c5b3cf-d170-11e9-b97c-48f17f8d4d88', 'customer', 'fdf', '', '324', 'ds@ddfd', '', 'fdsf', '2020-03-13 15:28:38', 'customer', '2020-03-13 15:28:38', 'customer', 1),
('8c66caf4-593e-11ea-85bf-48f17f8d4d88', '94c5b3cf-d170-11e9-b97c-48f17f8d4d88', 'customer', 'dsf', '', '3213', 'dsa@dsad', '', 'fds', '2020-02-27 10:52:57', 'customer', '2020-02-27 10:52:57', 'customer', 1),
('917be261-379f-11ea-ba14-48f17f8d4d88', 'f019c8c5-3292-11ea-b970-48f17f8d4d88', 'supplier', 'ZZZZ', 'AAAA', '842529548', 'john@mail.com', '', '25 Fox St, JHB 2021', '2020-01-15 16:01:46', 'f01d15d4-3292-11ea-b970-48f17f8d4d88', '2020-01-15 16:01:46', 'f01d15d4-3292-11ea-b970-48f17f8d4d88', 1),
('917c339b-379f-11ea-ba14-48f17f8d4d88', 'f019c8c5-3292-11ea-b970-48f17f8d4d88', 'supplier', 'makoti', 'AAAA', '842529549', 'john@mail.com', '', '26 Fox St, JHB 2021', '2020-01-15 16:01:46', 'f01d15d4-3292-11ea-b970-48f17f8d4d88', '2020-01-15 16:01:46', 'f01d15d4-3292-11ea-b970-48f17f8d4d88', 1),
('917cc58c-379f-11ea-ba14-48f17f8d4d88', 'f019c8c5-3292-11ea-b970-48f17f8d4d88', 'supplier', 'crt', 'AAAA', '842529550', 'john@mail.com', '', '27 Fox St, JHB 2021', '2020-01-15 16:01:46', 'f01d15d4-3292-11ea-b970-48f17f8d4d88', '2020-01-15 16:01:46', 'f01d15d4-3292-11ea-b970-48f17f8d4d88', 1),
('9f243761-31de-11ea-9819-48f17f8d4d88', '84e1b6d9-30b8-11ea-8b45-48f17f8d4d88', 'customer', 'fds', 'fds', '32132', 'fsd@wqe.df', '', '', '2020-01-08 08:18:01', '84e2fbdb-30b8-11ea-8b45-48f17f8d4d88', '2020-01-08 08:18:01', '84e2fbdb-30b8-11ea-8b45-48f17f8d4d88', 1),
('a09ac0d9-379b-11ea-ba14-48f17f8d4d88', 'f019c8c5-3292-11ea-b970-48f17f8d4d88', 'Array', 'John', 'Array', 'Array', 'Array', 'Array', 'Array', '2020-01-15 15:33:34', 'f01d15d4-3292-11ea-b970-48f17f8d4d88', '2020-01-15 15:33:34', 'f01d15d4-3292-11ea-b970-48f17f8d4d88', 1),
('a09c2a07-379b-11ea-ba14-48f17f8d4d88', 'f019c8c5-3292-11ea-b970-48f17f8d4d88', 'Array', 'John', 'Array', 'Array', 'Array', 'Array', 'Array', '2020-01-15 15:33:34', 'f01d15d4-3292-11ea-b970-48f17f8d4d88', '2020-01-15 15:33:34', 'f01d15d4-3292-11ea-b970-48f17f8d4d88', 1),
('a09cb4c0-379b-11ea-ba14-48f17f8d4d88', 'f019c8c5-3292-11ea-b970-48f17f8d4d88', 'Array', 'John', 'Array', 'Array', 'Array', 'Array', 'Array', '2020-01-15 15:33:34', 'f01d15d4-3292-11ea-b970-48f17f8d4d88', '2020-01-15 15:33:34', 'f01d15d4-3292-11ea-b970-48f17f8d4d88', 1),
('a09d13af-379b-11ea-ba14-48f17f8d4d88', 'f019c8c5-3292-11ea-b970-48f17f8d4d88', 'Array', 'John', 'Array', 'Array', 'Array', 'Array', 'Array', '2020-01-15 15:33:34', 'f01d15d4-3292-11ea-b970-48f17f8d4d88', '2020-01-15 15:33:34', 'f01d15d4-3292-11ea-b970-48f17f8d4d88', 1),
('a09dfb53-379b-11ea-ba14-48f17f8d4d88', 'f019c8c5-3292-11ea-b970-48f17f8d4d88', 'Array', 'John', 'Array', 'Array', 'Array', 'Array', 'Array', '2020-01-15 15:33:34', 'f01d15d4-3292-11ea-b970-48f17f8d4d88', '2020-01-15 15:33:34', 'f01d15d4-3292-11ea-b970-48f17f8d4d88', 1),
('a09f0b35-379b-11ea-ba14-48f17f8d4d88', 'f019c8c5-3292-11ea-b970-48f17f8d4d88', 'Array', 'John', 'Array', 'Array', 'Array', 'Array', 'Array', '2020-01-15 15:33:34', 'f01d15d4-3292-11ea-b970-48f17f8d4d88', '2020-01-15 15:33:34', 'f01d15d4-3292-11ea-b970-48f17f8d4d88', 1),
('a09f6a45-379b-11ea-ba14-48f17f8d4d88', 'f019c8c5-3292-11ea-b970-48f17f8d4d88', 'Array', 'John', 'Array', 'Array', 'Array', 'Array', 'Array', '2020-01-15 15:33:34', 'f01d15d4-3292-11ea-b970-48f17f8d4d88', '2020-01-15 15:33:34', 'f01d15d4-3292-11ea-b970-48f17f8d4d88', 1),
('a09fc1a5-379b-11ea-ba14-48f17f8d4d88', 'f019c8c5-3292-11ea-b970-48f17f8d4d88', 'Array', 'John', 'Array', 'Array', 'Array', 'Array', 'Array', '2020-01-15 15:33:34', 'f01d15d4-3292-11ea-b970-48f17f8d4d88', '2020-01-15 15:33:34', 'f01d15d4-3292-11ea-b970-48f17f8d4d88', 1),
('a0a01ebc-379b-11ea-ba14-48f17f8d4d88', 'f019c8c5-3292-11ea-b970-48f17f8d4d88', 'Array', 'John', 'Array', 'Array', 'Array', 'Array', 'Array', '2020-01-15 15:33:34', 'f01d15d4-3292-11ea-b970-48f17f8d4d88', '2020-01-15 15:33:34', 'f01d15d4-3292-11ea-b970-48f17f8d4d88', 1),
('a0a07aa7-379b-11ea-ba14-48f17f8d4d88', 'f019c8c5-3292-11ea-b970-48f17f8d4d88', 'Array', 'John', 'Array', 'Array', 'Array', 'Array', 'Array', '2020-01-15 15:33:34', 'f01d15d4-3292-11ea-b970-48f17f8d4d88', '2020-01-15 15:33:34', 'f01d15d4-3292-11ea-b970-48f17f8d4d88', 1),
('a0a0dc4a-379b-11ea-ba14-48f17f8d4d88', 'f019c8c5-3292-11ea-b970-48f17f8d4d88', 'Array', 'John', 'Array', 'Array', 'Array', 'Array', 'Array', '2020-01-15 15:33:34', 'f01d15d4-3292-11ea-b970-48f17f8d4d88', '2020-01-15 15:33:34', 'f01d15d4-3292-11ea-b970-48f17f8d4d88', 1),
('a0a19a42-379b-11ea-ba14-48f17f8d4d88', 'f019c8c5-3292-11ea-b970-48f17f8d4d88', 'Array', 'John', 'Array', 'Array', 'Array', 'Array', 'Array', '2020-01-15 15:33:34', 'f01d15d4-3292-11ea-b970-48f17f8d4d88', '2020-01-15 15:33:34', 'f01d15d4-3292-11ea-b970-48f17f8d4d88', 1),
('a0a20568-379b-11ea-ba14-48f17f8d4d88', 'f019c8c5-3292-11ea-b970-48f17f8d4d88', 'Array', 'John', 'Array', 'Array', 'Array', 'Array', 'Array', '2020-01-15 15:33:34', 'f01d15d4-3292-11ea-b970-48f17f8d4d88', '2020-01-15 15:33:34', 'f01d15d4-3292-11ea-b970-48f17f8d4d88', 1),
('a0a25e13-379b-11ea-ba14-48f17f8d4d88', 'f019c8c5-3292-11ea-b970-48f17f8d4d88', 'Array', 'John', 'Array', 'Array', 'Array', 'Array', 'Array', '2020-01-15 15:33:34', 'f01d15d4-3292-11ea-b970-48f17f8d4d88', '2020-01-15 15:33:34', 'f01d15d4-3292-11ea-b970-48f17f8d4d88', 1),
('a0a2c540-379b-11ea-ba14-48f17f8d4d88', 'f019c8c5-3292-11ea-b970-48f17f8d4d88', 'Array', 'John', 'Array', 'Array', 'Array', 'Array', 'Array', '2020-01-15 15:33:34', 'f01d15d4-3292-11ea-b970-48f17f8d4d88', '2020-01-15 15:33:34', 'f01d15d4-3292-11ea-b970-48f17f8d4d88', 1),
('a0a32686-379b-11ea-ba14-48f17f8d4d88', 'f019c8c5-3292-11ea-b970-48f17f8d4d88', 'Array', 'John', 'Array', 'Array', 'Array', 'Array', 'Array', '2020-01-15 15:33:34', 'f01d15d4-3292-11ea-b970-48f17f8d4d88', '2020-01-15 15:33:34', 'f01d15d4-3292-11ea-b970-48f17f8d4d88', 1),
('a0a3a9d5-379b-11ea-ba14-48f17f8d4d88', 'f019c8c5-3292-11ea-b970-48f17f8d4d88', 'Array', 'John', 'Array', 'Array', 'Array', 'Array', 'Array', '2020-01-15 15:33:34', 'f01d15d4-3292-11ea-b970-48f17f8d4d88', '2020-01-15 15:33:34', 'f01d15d4-3292-11ea-b970-48f17f8d4d88', 1),
('acc5b624-379b-11ea-ba14-48f17f8d4d88', 'f019c8c5-3292-11ea-b970-48f17f8d4d88', 'Array', 'John', 'Array', 'Array', 'Array', 'Array', 'Array', '2020-01-15 15:33:54', 'f01d15d4-3292-11ea-b970-48f17f8d4d88', '2020-01-15 15:33:54', 'f01d15d4-3292-11ea-b970-48f17f8d4d88', 1),
('acc6a894-379b-11ea-ba14-48f17f8d4d88', 'f019c8c5-3292-11ea-b970-48f17f8d4d88', 'Array', 'John', 'Array', 'Array', 'Array', 'Array', 'Array', '2020-01-15 15:33:54', 'f01d15d4-3292-11ea-b970-48f17f8d4d88', '2020-01-15 15:33:54', 'f01d15d4-3292-11ea-b970-48f17f8d4d88', 1),
('acc753c7-379b-11ea-ba14-48f17f8d4d88', 'f019c8c5-3292-11ea-b970-48f17f8d4d88', 'Array', 'John', 'Array', 'Array', 'Array', 'Array', 'Array', '2020-01-15 15:33:54', 'f01d15d4-3292-11ea-b970-48f17f8d4d88', '2020-01-15 15:33:54', 'f01d15d4-3292-11ea-b970-48f17f8d4d88', 1),
('acc8142f-379b-11ea-ba14-48f17f8d4d88', 'f019c8c5-3292-11ea-b970-48f17f8d4d88', 'Array', 'John', 'Array', 'Array', 'Array', 'Array', 'Array', '2020-01-15 15:33:54', 'f01d15d4-3292-11ea-b970-48f17f8d4d88', '2020-01-15 15:33:54', 'f01d15d4-3292-11ea-b970-48f17f8d4d88', 1),
('acc895ea-379b-11ea-ba14-48f17f8d4d88', 'f019c8c5-3292-11ea-b970-48f17f8d4d88', 'Array', 'John', 'Array', 'Array', 'Array', 'Array', 'Array', '2020-01-15 15:33:54', 'f01d15d4-3292-11ea-b970-48f17f8d4d88', '2020-01-15 15:33:54', 'f01d15d4-3292-11ea-b970-48f17f8d4d88', 1),
('acc93705-379b-11ea-ba14-48f17f8d4d88', 'f019c8c5-3292-11ea-b970-48f17f8d4d88', 'Array', 'John', 'Array', 'Array', 'Array', 'Array', 'Array', '2020-01-15 15:33:54', 'f01d15d4-3292-11ea-b970-48f17f8d4d88', '2020-01-15 15:33:54', 'f01d15d4-3292-11ea-b970-48f17f8d4d88', 1),
('acca11cb-379b-11ea-ba14-48f17f8d4d88', 'f019c8c5-3292-11ea-b970-48f17f8d4d88', 'Array', 'John', 'Array', 'Array', 'Array', 'Array', 'Array', '2020-01-15 15:33:54', 'f01d15d4-3292-11ea-b970-48f17f8d4d88', '2020-01-15 15:33:54', 'f01d15d4-3292-11ea-b970-48f17f8d4d88', 1),
('accab005-379b-11ea-ba14-48f17f8d4d88', 'f019c8c5-3292-11ea-b970-48f17f8d4d88', 'Array', 'John', 'Array', 'Array', 'Array', 'Array', 'Array', '2020-01-15 15:33:54', 'f01d15d4-3292-11ea-b970-48f17f8d4d88', '2020-01-15 15:33:54', 'f01d15d4-3292-11ea-b970-48f17f8d4d88', 1),
('accb2c8d-379b-11ea-ba14-48f17f8d4d88', 'f019c8c5-3292-11ea-b970-48f17f8d4d88', 'Array', 'John', 'Array', 'Array', 'Array', 'Array', 'Array', '2020-01-15 15:33:54', 'f01d15d4-3292-11ea-b970-48f17f8d4d88', '2020-01-15 15:33:54', 'f01d15d4-3292-11ea-b970-48f17f8d4d88', 1),
('accbae7f-379b-11ea-ba14-48f17f8d4d88', 'f019c8c5-3292-11ea-b970-48f17f8d4d88', 'Array', 'John', 'Array', 'Array', 'Array', 'Array', 'Array', '2020-01-15 15:33:54', 'f01d15d4-3292-11ea-b970-48f17f8d4d88', '2020-01-15 15:33:54', 'f01d15d4-3292-11ea-b970-48f17f8d4d88', 1),
('accc3085-379b-11ea-ba14-48f17f8d4d88', 'f019c8c5-3292-11ea-b970-48f17f8d4d88', 'Array', 'John', 'Array', 'Array', 'Array', 'Array', 'Array', '2020-01-15 15:33:54', 'f01d15d4-3292-11ea-b970-48f17f8d4d88', '2020-01-15 15:33:54', 'f01d15d4-3292-11ea-b970-48f17f8d4d88', 1),
('acccf70e-379b-11ea-ba14-48f17f8d4d88', 'f019c8c5-3292-11ea-b970-48f17f8d4d88', 'Array', 'John', 'Array', 'Array', 'Array', 'Array', 'Array', '2020-01-15 15:33:54', 'f01d15d4-3292-11ea-b970-48f17f8d4d88', '2020-01-15 15:33:54', 'f01d15d4-3292-11ea-b970-48f17f8d4d88', 1),
('accd80c0-379b-11ea-ba14-48f17f8d4d88', 'f019c8c5-3292-11ea-b970-48f17f8d4d88', 'Array', 'John', 'Array', 'Array', 'Array', 'Array', 'Array', '2020-01-15 15:33:54', 'f01d15d4-3292-11ea-b970-48f17f8d4d88', '2020-01-15 15:33:54', 'f01d15d4-3292-11ea-b970-48f17f8d4d88', 1),
('accde372-379b-11ea-ba14-48f17f8d4d88', 'f019c8c5-3292-11ea-b970-48f17f8d4d88', 'Array', 'John', 'Array', 'Array', 'Array', 'Array', 'Array', '2020-01-15 15:33:54', 'f01d15d4-3292-11ea-b970-48f17f8d4d88', '2020-01-15 15:33:54', 'f01d15d4-3292-11ea-b970-48f17f8d4d88', 1),
('acce4a72-379b-11ea-ba14-48f17f8d4d88', 'f019c8c5-3292-11ea-b970-48f17f8d4d88', 'Array', 'John', 'Array', 'Array', 'Array', 'Array', 'Array', '2020-01-15 15:33:54', 'f01d15d4-3292-11ea-b970-48f17f8d4d88', '2020-01-15 15:33:54', 'f01d15d4-3292-11ea-b970-48f17f8d4d88', 1),
('accf4353-379b-11ea-ba14-48f17f8d4d88', 'f019c8c5-3292-11ea-b970-48f17f8d4d88', 'Array', 'John', 'Array', 'Array', 'Array', 'Array', 'Array', '2020-01-15 15:33:54', 'f01d15d4-3292-11ea-b970-48f17f8d4d88', '2020-01-15 15:33:54', 'f01d15d4-3292-11ea-b970-48f17f8d4d88', 1),
('accfb94d-379b-11ea-ba14-48f17f8d4d88', 'f019c8c5-3292-11ea-b970-48f17f8d4d88', 'Array', 'John', 'Array', 'Array', 'Array', 'Array', 'Array', '2020-01-15 15:33:54', 'f01d15d4-3292-11ea-b970-48f17f8d4d88', '2020-01-15 15:33:54', 'f01d15d4-3292-11ea-b970-48f17f8d4d88', 1),
('b2ceb599-652c-11ea-80a3-48f17f8d4d88', '94c5b3cf-d170-11e9-b97c-48f17f8d4d88', 'customer', '3', '', '3213', 'ndu@mail.com222', '', '4', '2020-03-13 15:15:24', 'customer', '2020-03-13 15:15:24', 'customer', 1),
('b323ef14-61c8-11ea-a962-48f17f8d4d88', '94c5b3cf-d170-11e9-b97c-48f17f8d4d88', 'customer', 'fdf', '', '32132', 'fds@dsa.cc', '', 'fsd', '2020-03-09 07:42:01', 'customer', '2020-03-09 07:42:01', 'customer', 1),
('bb9b52e2-379c-11ea-ba14-48f17f8d4d88', 'f019c8c5-3292-11ea-b970-48f17f8d4d88', 'supplier', 'ZZZZ', 'AAAA', '842529548', 'john@mail.com', '', '25 Fox St, JHB 2021', '2020-01-15 15:41:29', 'f01d15d4-3292-11ea-b970-48f17f8d4d88', '2020-01-15 15:41:29', 'f01d15d4-3292-11ea-b970-48f17f8d4d88', 1),
('bb9bf1ce-379c-11ea-ba14-48f17f8d4d88', 'f019c8c5-3292-11ea-b970-48f17f8d4d88', 'supplier', 'makoti', 'AAAA', '842529549', 'john@mail.com', '', '26 Fox St, JHB 2021', '2020-01-15 15:41:29', 'f01d15d4-3292-11ea-b970-48f17f8d4d88', '2020-01-15 15:41:29', 'f01d15d4-3292-11ea-b970-48f17f8d4d88', 1),
('bb9c30e6-379c-11ea-ba14-48f17f8d4d88', 'f019c8c5-3292-11ea-b970-48f17f8d4d88', 'supplier', 'crt', 'AAAA', '842529550', 'john@mail.com', '', '27 Fox St, JHB 2021', '2020-01-15 15:41:29', 'f01d15d4-3292-11ea-b970-48f17f8d4d88', '2020-01-15 15:41:29', 'f01d15d4-3292-11ea-b970-48f17f8d4d88', 1),
('bfd24e73-3a0d-11ea-9d4d-48f17f8d4d88', '94c5b3cf-d170-11e9-b97c-48f17f8d4d88', 'customer', 'Itemba', 'Properties', '01157878', 'ithemba@mail.com', '', '270 Marshall St, Marshalltown, Johannesburg, 2107', '2020-01-18 18:15:20', '81de5b36-d170-11e9-b97c-48f17f8d4d88', '2020-01-18 18:15:20', '81de5b36-d170-11e9-b97c-48f17f8d4d88', 1),
('c8aea16a-593e-11ea-85bf-48f17f8d4d88', '94c5b3cf-d170-11e9-b97c-48f17f8d4d88', 'customer', 'fds', '', '324', 'dfd@e', '', 'fsd', '2020-02-27 10:54:38', 'customer', '2020-02-27 10:54:38', 'customer', 1),
('dc2beb6f-2fb0-11ea-8be9-48f17f8d4d88', 'ea6c6f96-2faf-11ea-8be9-48f17f8d4d88', 'customer', 'John', 'Doe', '0845154545', 'john@mail.com', '', '', '2020-01-05 13:45:24', 'ea6f3106-2faf-11ea-8be9-48f17f8d4d88', '2020-01-05 13:45:24', 'ea6f3106-2faf-11ea-8be9-48f17f8d4d88', 1),
('de532fb0-379b-11ea-ba14-48f17f8d4d88', 'f019c8c5-3292-11ea-b970-48f17f8d4d88', 'customer', 'John', 'Doe', '842529548', 'john@mail.com', '', '25 Fox St, JHB 2021', '2020-01-15 15:35:17', 'f01d15d4-3292-11ea-b970-48f17f8d4d88', '2020-01-15 15:35:17', 'f01d15d4-3292-11ea-b970-48f17f8d4d88', 1),
('de53f4ca-379b-11ea-ba14-48f17f8d4d88', 'f019c8c5-3292-11ea-b970-48f17f8d4d88', 'customer', 'John', 'Doe', '842529549', 'john@mail.com', '', '26 Fox St, JHB 2021', '2020-01-15 15:35:17', 'f01d15d4-3292-11ea-b970-48f17f8d4d88', '2020-01-15 15:35:17', 'f01d15d4-3292-11ea-b970-48f17f8d4d88', 1),
('de5453b6-379b-11ea-ba14-48f17f8d4d88', 'f019c8c5-3292-11ea-b970-48f17f8d4d88', 'customer', 'John', 'Doe', '842529550', 'john@mail.com', '', '27 Fox St, JHB 2021', '2020-01-15 15:35:17', 'f01d15d4-3292-11ea-b970-48f17f8d4d88', '2020-01-15 15:35:17', 'f01d15d4-3292-11ea-b970-48f17f8d4d88', 1),
('de54d836-379b-11ea-ba14-48f17f8d4d88', 'f019c8c5-3292-11ea-b970-48f17f8d4d88', 'customer', 'John', 'Doe', '842529551', 'john@mail.com', '', '28 Fox St, JHB 2021', '2020-01-15 15:35:17', 'f01d15d4-3292-11ea-b970-48f17f8d4d88', '2020-01-15 15:35:17', 'f01d15d4-3292-11ea-b970-48f17f8d4d88', 1),
('de55714d-379b-11ea-ba14-48f17f8d4d88', 'f019c8c5-3292-11ea-b970-48f17f8d4d88', 'customer', 'John', 'Doe', '842529552', 'john@mail.com', '', '29 Fox St, JHB 2021', '2020-01-15 15:35:17', 'f01d15d4-3292-11ea-b970-48f17f8d4d88', '2020-01-15 15:35:17', 'f01d15d4-3292-11ea-b970-48f17f8d4d88', 1),
('de561341-379b-11ea-ba14-48f17f8d4d88', 'f019c8c5-3292-11ea-b970-48f17f8d4d88', 'customer', 'John', 'Doe', '842529553', 'john@mail.com', '', '30 Fox St, JHB 2021', '2020-01-15 15:35:17', 'f01d15d4-3292-11ea-b970-48f17f8d4d88', '2020-01-15 15:35:17', 'f01d15d4-3292-11ea-b970-48f17f8d4d88', 1),
('de5664fe-379b-11ea-ba14-48f17f8d4d88', 'f019c8c5-3292-11ea-b970-48f17f8d4d88', 'customer', 'John', 'Doe', '842529554', 'john@mail.com', '', '31 Fox St, JHB 2021', '2020-01-15 15:35:17', 'f01d15d4-3292-11ea-b970-48f17f8d4d88', '2020-01-15 15:35:17', 'f01d15d4-3292-11ea-b970-48f17f8d4d88', 1),
('de56af2e-379b-11ea-ba14-48f17f8d4d88', 'f019c8c5-3292-11ea-b970-48f17f8d4d88', 'customer', 'John', 'Doe', '842529555', 'john@mail.com', '', '32 Fox St, JHB 2021', '2020-01-15 15:35:17', 'f01d15d4-3292-11ea-b970-48f17f8d4d88', '2020-01-15 15:35:17', 'f01d15d4-3292-11ea-b970-48f17f8d4d88', 1),
('de56fec1-379b-11ea-ba14-48f17f8d4d88', 'f019c8c5-3292-11ea-b970-48f17f8d4d88', 'customer', 'John', 'Doe', '842529556', 'john@mail.com', '', '33 Fox St, JHB 2021', '2020-01-15 15:35:17', 'f01d15d4-3292-11ea-b970-48f17f8d4d88', '2020-01-15 15:35:17', 'f01d15d4-3292-11ea-b970-48f17f8d4d88', 1),
('de576527-379b-11ea-ba14-48f17f8d4d88', 'f019c8c5-3292-11ea-b970-48f17f8d4d88', 'customer', 'John', 'Doe', '842529557', 'john@mail.com', '', '34 Fox St, JHB 2021', '2020-01-15 15:35:17', 'f01d15d4-3292-11ea-b970-48f17f8d4d88', '2020-01-15 15:35:17', 'f01d15d4-3292-11ea-b970-48f17f8d4d88', 1),
('de57b303-379b-11ea-ba14-48f17f8d4d88', 'f019c8c5-3292-11ea-b970-48f17f8d4d88', 'customer', 'John', 'Doe', '842529558', 'john@mail.com', '', '35 Fox St, JHB 2021', '2020-01-15 15:35:17', 'f01d15d4-3292-11ea-b970-48f17f8d4d88', '2020-01-15 15:35:17', 'f01d15d4-3292-11ea-b970-48f17f8d4d88', 1),
('de57fc34-379b-11ea-ba14-48f17f8d4d88', 'f019c8c5-3292-11ea-b970-48f17f8d4d88', 'customer', 'John', 'Doe', '842529559', 'john@mail.com', '', '36 Fox St, JHB 2021', '2020-01-15 15:35:17', 'f01d15d4-3292-11ea-b970-48f17f8d4d88', '2020-01-15 15:35:17', 'f01d15d4-3292-11ea-b970-48f17f8d4d88', 1),
('de58421f-379b-11ea-ba14-48f17f8d4d88', 'f019c8c5-3292-11ea-b970-48f17f8d4d88', 'customer', 'John', 'Doe', '842529560', 'john@mail.com', '', '37 Fox St, JHB 2021', '2020-01-15 15:35:17', 'f01d15d4-3292-11ea-b970-48f17f8d4d88', '2020-01-15 15:35:17', 'f01d15d4-3292-11ea-b970-48f17f8d4d88', 1),
('de587ce4-379b-11ea-ba14-48f17f8d4d88', 'f019c8c5-3292-11ea-b970-48f17f8d4d88', 'customer', 'John', 'Doe', '842529561', 'john@mail.com', '', '38 Fox St, JHB 2021', '2020-01-15 15:35:17', 'f01d15d4-3292-11ea-b970-48f17f8d4d88', '2020-01-15 15:35:17', 'f01d15d4-3292-11ea-b970-48f17f8d4d88', 1),
('de58b940-379b-11ea-ba14-48f17f8d4d88', 'f019c8c5-3292-11ea-b970-48f17f8d4d88', 'customer', 'John', 'Doe', '842529562', 'john@mail.com', '', '39 Fox St, JHB 2021', '2020-01-15 15:35:17', 'f01d15d4-3292-11ea-b970-48f17f8d4d88', '2020-01-15 15:35:17', 'f01d15d4-3292-11ea-b970-48f17f8d4d88', 1),
('de58f9e1-379b-11ea-ba14-48f17f8d4d88', 'f019c8c5-3292-11ea-b970-48f17f8d4d88', 'customer', 'John', 'Doe', '842529563', 'john@mail.com', '', '40 Fox St, JHB 2021', '2020-01-15 15:35:17', 'f01d15d4-3292-11ea-b970-48f17f8d4d88', '2020-01-15 15:35:17', 'f01d15d4-3292-11ea-b970-48f17f8d4d88', 1),
('de593a8a-379b-11ea-ba14-48f17f8d4d88', 'f019c8c5-3292-11ea-b970-48f17f8d4d88', 'customer', 'John', 'Doe', '842529564', 'john@mail.com', '', '41 Fox St, JHB 2021', '2020-01-15 15:35:17', 'f01d15d4-3292-11ea-b970-48f17f8d4d88', '2020-01-15 15:35:17', 'f01d15d4-3292-11ea-b970-48f17f8d4d88', 1),
('e6c7df5b-652b-11ea-80a3-48f17f8d4d88', '94c5b3cf-d170-11e9-b97c-48f17f8d4d88', 'customer', 'ndu', '', '11212', 'ndu@mial.com', '', 'teat', '2020-03-13 15:09:41', 'customer', '2020-03-13 15:09:41', 'customer', 1),
('e8de2617-1be4-11ea-8867-48f17f8d4d88', '23b82588-e370-11e9-bc5d-0050569fd205', 'customer', 'Joseph', 'Shabang', '0127878', 'jshabangu747@gmail.com', '', '', '2019-12-11 09:07:36', '704bf544-e517-11e9-bc5d-0050569fd205', '2019-12-11 09:07:36', '704bf544-e517-11e9-bc5d-0050569fd205', 1);

-- --------------------------------------------------------

--
-- Table structure for table `permision_actions`
--

CREATE TABLE `permision_actions` (
  `Id` int(10) NOT NULL,
  `PermissionId` varchar(225) NOT NULL,
  `Action` varchar(50) NOT NULL,
  `Section` varchar(50) NOT NULL,
  `CreateDate` datetime NOT NULL DEFAULT current_timestamp(),
  `CreateUserId` varchar(225) NOT NULL,
  `ModifyDate` datetime NOT NULL DEFAULT current_timestamp(),
  `ModifyUserId` varchar(225) NOT NULL,
  `StatusId` int(11) NOT NULL
) ENGINE=InnoDB DEFAULT CHARSET=latin1;

-- --------------------------------------------------------

--
-- Table structure for table `permissions`
--

CREATE TABLE `permissions` (
  `PermissionId` varchar(225) NOT NULL,
  `Name` varchar(50) NOT NULL,
  `CompanyId` varchar(225) NOT NULL,
  `CreateDate` datetime NOT NULL DEFAULT current_timestamp(),
  `CreateUserId` varchar(225) NOT NULL,
  `ModifyDate` datetime NOT NULL DEFAULT current_timestamp(),
  `ModifyUserId` varchar(225) NOT NULL,
  `StatusId` int(11) NOT NULL
) ENGINE=InnoDB DEFAULT CHARSET=latin1;

--
-- Dumping data for table `permissions`
--

INSERT INTO `permissions` (`PermissionId`, `Name`, `CompanyId`, `CreateDate`, `CreateUserId`, `ModifyDate`, `ModifyUserId`, `StatusId`) VALUES
('00c8ce1d-e558-11e9-bc5d-0050569fd205', 'can_add_products', '4b1f410b-e523-11e9-bc5d-0050569fd205', '2019-10-02 23:02:54', '1154faf5-e523-11e9-bc5d-0050569fd205', '2019-10-02 23:02:54', '1154faf5-e523-11e9-bc5d-0050569fd205', 1),
('05c678d6-e45a-11e9-bc5d-0050569fd205', 'can_add_products', '23b82588-e370-11e9-bc5d-0050569fd205', '2019-10-01 16:44:50', 'c57c153d-e36e-11e9-bc5d-0050569fd205', '2019-10-01 16:44:50', 'c57c153d-e36e-11e9-bc5d-0050569fd205', 1),
('05fb6122-e558-11e9-bc5d-0050569fd205', 'can_order_products', '4b1f410b-e523-11e9-bc5d-0050569fd205', '2019-10-02 23:03:03', '1154faf5-e523-11e9-bc5d-0050569fd205', '2019-10-02 23:03:03', '1154faf5-e523-11e9-bc5d-0050569fd205', 1),
('0c863c82-ffae-11e9-91af-363532eb0721', 'can_configure', '0c852198-ffae-11e9-91af-363532eb0721', '2019-11-05 11:24:21', 'web', '2019-11-05 11:24:21', 'web', 1),
('0c8b1873-02ca-11ea-91af-363532eb0721', 'can_configure', '0c89e134-02ca-11ea-91af-363532eb0721', '2019-11-09 10:22:20', 'web', '2019-11-09 10:22:20', 'web', 1),
('0ce19127-6130-11ea-a2e3-48f17f8d4d88', 'can_configure', '0ce0bb91-6130-11ea-a2e3-48f17f8d4d88', '2020-03-08 13:29:19', 'web', '2020-03-08 13:29:19', 'web', 1),
('0db15dc3-47dc-11ea-b608-48f17f8d4d88', 'can_configure', '0daff1dd-47dc-11ea-b608-48f17f8d4d88', '2020-02-05 07:55:03', 'web', '2020-02-05 07:55:03', 'web', 1),
('1265be58-dc8e-11e9-9da6-c8f7501047dc', 'can_sell_products', '94c5b3cf-d170-11e9-b97c-48f17f8d4d88', '2019-09-21 18:37:16', 'SYS', '2019-09-21 18:37:16', 'SYS', 1),
('15a1d446-008b-11ea-91af-363532eb0721', 'can_configure', '159fe132-008b-11ea-91af-363532eb0721', '2019-11-06 13:46:35', 'web', '2019-11-06 13:46:35', 'web', 1),
('2a88d75b-f66b-11e9-987f-363532eb0721', 'can_configure', '2a87e487-f66b-11e9-987f-363532eb0721', '2019-10-24 16:32:54', 'web', '2019-10-24 16:32:54', 'web', 1),
('2f396b0f-3963-11ea-9d4d-48f17f8d4d88', 'can_add_products', 'f019c8c5-3292-11ea-b970-48f17f8d4d88', '2020-01-17 21:54:34', 'f01d15d4-3292-11ea-b970-48f17f8d4d88', '2020-01-17 21:54:34', 'f01d15d4-3292-11ea-b970-48f17f8d4d88', 1),
('30fabf3b-f978-11e9-987f-363532eb0721', 'can_configure', '30f96e3f-f978-11e9-987f-363532eb0721', '2019-10-28 13:43:42', 'web', '2019-10-28 13:43:42', 'web', 1),
('39a2a498-3963-11ea-9d4d-48f17f8d4d88', 'can_order_products', 'f019c8c5-3292-11ea-b970-48f17f8d4d88', '2020-01-17 21:54:51', 'f01d15d4-3292-11ea-b970-48f17f8d4d88', '2020-01-17 21:54:51', 'f01d15d4-3292-11ea-b970-48f17f8d4d88', 1),
('3a46a025-008b-11ea-91af-363532eb0721', 'can_configure', '3a458a6c-008b-11ea-91af-363532eb0721', '2019-11-06 13:47:36', 'web', '2019-11-06 13:47:36', 'web', 1),
('3e892019-e55a-11e9-bc5d-0050569fd205', 'can_read_products', '4b1f410b-e523-11e9-bc5d-0050569fd205', '2019-10-02 23:18:57', '1154faf5-e523-11e9-bc5d-0050569fd205', '2019-10-02 23:18:57', '1154faf5-e523-11e9-bc5d-0050569fd205', 1),
('410d2a1f-f668-11e9-987f-363532eb0721', 'can_configure', '41094864-f668-11e9-987f-363532eb0721', '2019-10-24 16:12:03', 'web', '2019-10-24 16:12:03', 'web', 1),
('42bf18b2-2fa9-11ea-8be9-48f17f8d4d88', 'can_configure', '42be6167-2fa9-11ea-8be9-48f17f8d4d88', '2020-01-05 12:51:00', 'web', '2020-01-05 12:51:00', 'web', 1),
('47e357f8-3290-11ea-b970-48f17f8d4d88', 'can_configure', '47de8a17-3290-11ea-b970-48f17f8d4d88', '2020-01-09 05:29:45', 'web', '2020-01-09 05:29:45', 'web', 1),
('49a905a4-fff0-11e9-91af-363532eb0721', 'can_configure', '49a75007-fff0-11e9-91af-363532eb0721', '2019-11-05 19:18:30', 'web', '2019-11-05 19:18:30', 'web', 1),
('504a54ff-f66c-11e9-987f-363532eb0721', 'can_configure', '5048f837-f66c-11e9-987f-363532eb0721', '2019-10-24 16:41:07', 'web', '2019-10-24 16:41:07', 'web', 1),
('5462be21-f668-11e9-987f-363532eb0721', 'can_configure', '5461f5f7-f668-11e9-987f-363532eb0721', '2019-10-24 16:12:36', 'web', '2019-10-24 16:12:36', 'web', 1),
('57c4dacd-2fc4-11ea-8be9-48f17f8d4d88', 'can_configure', '57c2fda6-2fc4-11ea-8be9-48f17f8d4d88', '2020-01-05 16:04:52', 'web', '2020-01-05 16:04:52', 'web', 1),
('60dde6f1-dd5d-11e9-8ffb-c8f7501047dc', 'can_read_products', '94c5b3cf-d170-11e9-b97c-48f17f8d4d88', '2019-09-22 19:21:06', 'SYS', '2019-09-22 19:21:06', 'SYS', 1),
('84e26f8d-30b8-11ea-8b45-48f17f8d4d88', 'can_configure', '84e1b6d9-30b8-11ea-8b45-48f17f8d4d88', '2020-01-06 21:12:44', 'web', '2020-01-06 21:12:44', 'web', 1),
('b56702f0-30cd-11ea-8b45-48f17f8d4d88', 'can_configure', 'b565b481-30cd-11ea-8b45-48f17f8d4d88', '2020-01-06 23:44:25', 'web', '2020-01-06 23:44:25', 'web', 1),
('b5fefde1-05e4-11ea-abc0-4ad9491261dd', 'can_configure', 'b5fdc28c-05e4-11ea-abc0-4ad9491261dd', '2019-11-13 09:10:45', 'web', '2019-11-13 09:10:45', 'web', 1),
('b5fefde1-05e4-11ea-abc0-4ad949181dd', 'can_configure', '94c5b3cf-d170-11e9-b97c-48f17f8d4d88', '2019-11-13 09:10:45', 'web', '2019-11-13 09:10:45', 'web', 1),
('da59f011-dc8e-11e9-9da6-c8f7501047dc', 'can_order_products', '94c5b3cf-d170-11e9-b97c-48f17f8d4d88', '2019-09-21 18:42:51', 'SYS', '2019-09-22 19:20:43', 'SYS', 1),
('e81cd0d8-005b-11ea-91af-363532eb0721', 'can_configure', 'e81ad518-005b-11ea-91af-363532eb0721', '2019-11-06 08:08:52', 'web', '2019-11-06 08:08:52', 'web', 1),
('e968a29d-47dc-11ea-b608-48f17f8d4d88', 'can_configure', 'e967061e-47dc-11ea-b608-48f17f8d4d88', '2020-02-05 08:01:12', 'web', '2020-02-05 08:01:12', 'web', 1),
('ea6e102c-2faf-11ea-8be9-48f17f8d4d88', 'can_configure', 'ea6c6f96-2faf-11ea-8be9-48f17f8d4d88', '2020-01-05 13:38:38', 'web', '2020-01-05 13:38:38', 'web', 1),
('f01bb4a2-3292-11ea-b970-48f17f8d4d88', 'can_configure', 'f019c8c5-3292-11ea-b970-48f17f8d4d88', '2020-01-09 05:48:46', 'web', '2020-01-09 05:48:46', 'web', 1);

-- --------------------------------------------------------

--
-- Table structure for table `product`
--

CREATE TABLE `product` (
  `ProductId` varchar(225) NOT NULL,
  `BrandId` varchar(225) DEFAULT NULL,
  `CatergoryId` varchar(225) DEFAULT NULL,
  `CompanyId` varchar(225) DEFAULT NULL,
  `SupplierId` varchar(225) DEFAULT NULL,
  `Name` varchar(100) NOT NULL,
  `Description` text DEFAULT NULL,
  `UnitPrice` varchar(20) DEFAULT NULL,
  `UnitCost` decimal(10,0) DEFAULT 0,
  `Code` varchar(50) DEFAULT NULL,
  `SKU` varchar(20) DEFAULT NULL,
  `TrackInventory` tinyint(1) DEFAULT NULL,
  `Shop` int(1) DEFAULT NULL,
  `Quantity` int(11) DEFAULT NULL,
  `LowStock` int(10) DEFAULT NULL,
  `CreateDate` datetime NOT NULL DEFAULT current_timestamp(),
  `CreateUserId` varchar(225) NOT NULL,
  `ModifyDate` datetime NOT NULL DEFAULT current_timestamp(),
  `ModifyUserId` varchar(225) NOT NULL,
  `StatusId` int(11) NOT NULL
) ENGINE=InnoDB DEFAULT CHARSET=latin1;

--
-- Dumping data for table `product`
--

INSERT INTO `product` (`ProductId`, `BrandId`, `CatergoryId`, `CompanyId`, `SupplierId`, `Name`, `Description`, `UnitPrice`, `UnitCost`, `Code`, `SKU`, `TrackInventory`, `Shop`, `Quantity`, `LowStock`, `CreateDate`, `CreateUserId`, `ModifyDate`, `ModifyUserId`, `StatusId`) VALUES
('04c46765-3a30-11ea-952e-48f17f8d4d88', '', '', '94c5b3cf-d170-11e9-b97c-48f17f8d4d88', NULL, 'Cutie Copie', ' ', '120', '50', '8714100597347', 'na', NULL, NULL, 100, 0, '2020-01-18 22:20:50', '81de5b36-d170-11e9-b97c-48f17f8d4d88', '2020-02-17 21:15:17', '81de5b36-d170-11e9-b97c-48f17f8d4d88', 1),
('05e2e137-31da-11ea-a404-48f17f8d4d88', '', 'tin', '94c5b3cf-d170-11e9-b97c-48f17f8d4d88', NULL, 'Markers', '', '12', '8', '0031901950972', '', 1, NULL, 109, 10, '2020-01-08 07:45:05', '81de5b36-d170-11e9-b97c-48f17f8d4d88', '2020-01-23 20:46:24', '81de5b36-d170-11e9-b97c-48f17f8d4d88', 1),
('05e3b73d-31da-11ea-a404-48f17f8d4d88', '', 'cold meet', '94c5b3cf-d170-11e9-b97c-48f17f8d4d88', NULL, 'carvela', '', '1400', '900', '', '', NULL, NULL, 100, 0, '2020-01-08 07:45:05', '81de5b36-d170-11e9-b97c-48f17f8d4d88', '2020-02-17 22:54:22', '81de5b36-d170-11e9-b97c-48f17f8d4d88', 1),
('05e447a5-31da-11ea-a404-48f17f8d4d88', '', 'cold meet', '94c5b3cf-d170-11e9-b97c-48f17f8d4d88', NULL, 'All wite suite', '', '65', '44', '', '', NULL, NULL, 0, 0, '2020-01-08 07:45:05', '81de5b36-d170-11e9-b97c-48f17f8d4d88', '2020-02-17 23:28:47', '81de5b36-d170-11e9-b97c-48f17f8d4d88', 1),
('05e4ce65-31da-11ea-a404-48f17f8d4d88', '', '', '94c5b3cf-d170-11e9-b97c-48f17f8d4d88', NULL, 'prawn raw 5kg', '', '65', '44', '', '', 1, NULL, 0, 0, '2020-01-08 07:45:05', '81de5b36-d170-11e9-b97c-48f17f8d4d88', '2020-01-19 20:42:47', '81de5b36-d170-11e9-b97c-48f17f8d4d88', 1),
('06cd6a13-fdff-11e9-91af-363532eb0721', '5c67df71-e519-11e9-bc5d-0050569fd205', '', '9b8ea912-e518-11e9-bc5d-0050569fd205', NULL, 'Cup', ' ', '50', '8', '', 'na', 1, NULL, -1, NULL, '2019-11-03 07:58:58', '41f977a7-e518-11e9-bc5d-0050569fd205', '2019-11-04 10:05:51', '41f977a7-e518-11e9-bc5d-0050569fd205', 1),
('0baaf6db-02e1-11ea-bc5e-363532eb0721', 'c39af95e-02cb-11ea-91af-363532eb0721', 'bb28d608-02e1-11ea-bc5e-363532eb0721', '0c89e134-02ca-11ea-91af-363532eb0721', NULL, 'Living the LEGACY 250g Bean', ' ', '85', '0', '', 'N/A', 1, NULL, 8, 3, '2019-11-09 13:06:57', '0c8c1818-02ca-11ea-91af-363532eb0721', '2019-11-09 13:40:10', '0c8c1818-02ca-11ea-91af-363532eb0721', 1),
('0c1f21ca-dc76-11e9-84fb-c8f7501047dc', '57600c70-d6ef-11e9-a5a1-c8f7501047dc', '5dfa3060-d6ef-11e9-a5a1-c8f7501047dc', '94c5b3cf-d170-11e9-b97c-48f17f8d4d88', NULL, 'Well Olive Oil 1lt', 'New and exciting', '62', '40', '1234567814', '1234586', 1, NULL, 27, 7, '2019-09-21 15:45:17', '81de5b36-d170-11e9-b97c-48f17f8d4d88', '2020-01-22 21:14:11', '81de5b36-d170-11e9-b97c-48f17f8d4d88', 1),
('0ef06688-f631-11e9-987f-363532eb0721', '10664ace-e5bd-11e9-bc5d-0050569fd205', '6fca7387-e51a-11e9-bc5d-0050569fd205', '9b8ea912-e518-11e9-bc5d-0050569fd205', NULL, 'Moo', ' ', '23232', '323', '', 'na', 1, NULL, 30, 33, '2019-10-24 09:36:57', '41f977a7-e518-11e9-bc5d-0050569fd205', '2019-10-27 17:29:52', '41f977a7-e518-11e9-bc5d-0050569fd205', 1),
('0f4f6743-2fb7-11ea-8be9-48f17f8d4d88', '', '', 'ea6c6f96-2faf-11ea-8be9-48f17f8d4d88', NULL, 'Business cards', ' ', '500', '0', '', 'na', 1, NULL, 7, 0, '2020-01-05 14:29:47', 'ea6f3106-2faf-11ea-8be9-48f17f8d4d88', '2020-01-05 20:34:28', 'ea6f3106-2faf-11ea-8be9-48f17f8d4d88', 1),
('0fb993dd-e513-11e9-bc5d-0050569fd205', '74512919-e457-11e9-bc5d-0050569fd205', '7574508c-e45b-11e9-bc5d-0050569fd205', '23b82588-e370-11e9-bc5d-0050569fd205', NULL, 'Maboneng Brew', 'Coffee beans', '100', '70', '', 'MB101', 1, NULL, 39, 10, '2019-10-02 14:49:24', 'c57c153d-e36e-11e9-bc5d-0050569fd205', '2019-12-11 09:07:47', 'c57c153d-e36e-11e9-bc5d-0050569fd205', 1),
('0ff9ae70-02ea-11ea-bc5e-363532eb0721', 'c39af95e-02cb-11ea-91af-363532eb0721', '716d5a86-02df-11ea-bc5e-363532eb0721', '0c89e134-02ca-11ea-91af-363532eb0721', NULL, 'Shakas Rock 250 Ground ', ' ', '85', '0', '', 'MAB01-1-1', 1, NULL, 7, 3, '2019-11-09 14:11:30', '0c8c1818-02ca-11ea-91af-363532eb0721', '2019-11-09 14:11:30', '0c8c1818-02ca-11ea-91af-363532eb0721', 1),
('104dcbe8-02eb-11ea-bc5e-363532eb0721', 'c39af95e-02cb-11ea-91af-363532eb0721', '4aaa291d-02df-11ea-bc5e-363532eb0721', '0c89e134-02ca-11ea-91af-363532eb0721', NULL, 'Maboneng Brew 1kg Bean', ' ', '310', '0', '', 'MAB02', 1, NULL, 0, 3, '2019-11-09 14:18:40', '0c8c1818-02ca-11ea-91af-363532eb0721', '2019-11-20 07:04:50', '0c8c1818-02ca-11ea-91af-363532eb0721', 1),
('10f18237-5dde-11ea-b68c-48f17f8d4d88', '', '', '94c5b3cf-d170-11e9-b97c-48f17f8d4d88', NULL, 'Summer Chill Plain Short Sleeve T-shirt', ' ', '250', '0', '', '', NULL, NULL, 10, 0, '2020-03-04 08:04:53', '81de5b36-d170-11e9-b97c-48f17f8d4d88', '2020-03-05 20:57:35', '81de5b36-d170-11e9-b97c-48f17f8d4d88', 1),
('12a62f68-f5c4-11e9-987f-363532eb0721', '3f40c927-e5a8-11e9-bc5d-0050569fd205', '72f06087-e519-11e9-bc5d-0050569fd205', '9b8ea912-e518-11e9-bc5d-0050569fd205', NULL, 'cc2', ' ', '11', '1', '', 'na', 1, NULL, 1, 1, '2019-10-23 20:36:48', '41f977a7-e518-11e9-bc5d-0050569fd205', '2019-10-23 20:36:48', '41f977a7-e518-11e9-bc5d-0050569fd205', 1),
('148d64c6-e6ad-11e9-bc5d-0050569fd205', '', '', 'dfd5ee69-e6ac-11e9-bc5d-0050569fd205', NULL, 'Noted t-shirt', ' ', '350', '300', '', 'Tsh', 1, NULL, 26, 10, '2019-10-04 15:44:26', 'bfb9480e-e6ac-11e9-bc5d-0050569fd205', '2019-10-04 20:09:36', 'bfb9480e-e6ac-11e9-bc5d-0050569fd205', 1),
('1971058a-e5a6-11e9-bc5d-0050569fd205', 'fe7cffe5-e5a5-11e9-bc5d-0050569fd205', '6fca7387-e51a-11e9-bc5d-0050569fd205', '9b8ea912-e518-11e9-bc5d-0050569fd205', NULL, 'BBS FI-R Wheel - 20x11.5 / 5x112 / 40mm Offset', ' BBS FI-R Wheel - 20x11.5 / 5x112 / 40mm Offset', '5000', '4500', '', 'BBS-FI-112', 1, NULL, 8, 5, '2019-10-03 08:21:56', '41f977a7-e518-11e9-bc5d-0050569fd205', '2019-10-25 12:38:19', '41f977a7-e518-11e9-bc5d-0050569fd205', 1),
('1fa390e8-f687-11e9-987f-363532eb0721', '', '', '9b8ea912-e518-11e9-bc5d-0050569fd205', NULL, 'Red chair ', ' ', '4000', '2800', '', 'na', 1, NULL, 50, 2, '2019-10-24 19:53:02', '41f977a7-e518-11e9-bc5d-0050569fd205', '2019-10-31 09:33:10', '41f977a7-e518-11e9-bc5d-0050569fd205', 1),
('1fd11612-6130-11ea-a2e3-48f17f8d4d88', '', 'tin', '0ce0bb91-6130-11ea-a2e3-48f17f8d4d88', NULL, 'ZALOU PINK ANKARA', '', '650', '8', '', '', 1, NULL, 120, 10, '2020-03-08 13:29:50', '0ce27b7b-6130-11ea-a2e3-48f17f8d4d88', '2020-03-08 13:29:50', '0ce27b7b-6130-11ea-a2e3-48f17f8d4d88', 1),
('1fd1ad9d-6130-11ea-a2e3-48f17f8d4d88', '', '', '0ce0bb91-6130-11ea-a2e3-48f17f8d4d88', NULL, 'Floral maxi dress', '', '800', '8', '', '', 1, NULL, 120, 10, '2020-03-08 13:29:50', '0ce27b7b-6130-11ea-a2e3-48f17f8d4d88', '2020-03-08 13:29:50', '0ce27b7b-6130-11ea-a2e3-48f17f8d4d88', 1),
('1fd25f4b-6130-11ea-a2e3-48f17f8d4d88', '', '', '0ce0bb91-6130-11ea-a2e3-48f17f8d4d88', NULL, 'ankara yellow', '', '1000', '8', '', '', 1, NULL, 120, 10, '2020-03-08 13:29:50', '0ce27b7b-6130-11ea-a2e3-48f17f8d4d88', '2020-03-08 13:29:50', '0ce27b7b-6130-11ea-a2e3-48f17f8d4d88', 1),
('1fd2d966-6130-11ea-a2e3-48f17f8d4d88', '', '', '0ce0bb91-6130-11ea-a2e3-48f17f8d4d88', NULL, 'As gold as the sun rising', '', '600', '8', '', '', 1, NULL, 120, 10, '2020-03-08 13:29:50', '0ce27b7b-6130-11ea-a2e3-48f17f8d4d88', '2020-03-08 13:29:50', '0ce27b7b-6130-11ea-a2e3-48f17f8d4d88', 1),
('1ff4af11-d73a-11e9-a568-c8f7501047dc', '9f32cf78-d737-11e9-a568-c8f7501047dc', 'd5f42399-d737-11e9-a568-c8f7501047dc', '4523af94-d172-11e9-b97c-48f17f8d4d88', NULL, 'Marvel logo (Red)', 'Marvel Merchendise', '900', '700', '122454874521', '123456789540', 1, NULL, 0, 0, '2019-09-14 23:53:45', 'ba6257ea-d307-11e9-a45b-0050569fd205', '2019-09-14 23:53:45', 'ba6257ea-d307-11e9-a45b-0050569fd205', 1),
('2126dad9-df0a-11e9-a724-48f17f8d4d88', '2a13f21d-dfde-11e9-850f-48f17f8d4d88', 'c5ce3456-e29b-11e9-abbd-48f17f8d4d88', '94c5b3cf-d170-11e9-b97c-48f17f8d4d88', NULL, '2l Fanta', ' ', '25', '18', ' 5449000236371', 'f4343', 1, NULL, 5, 3, '2019-09-24 22:30:21', '81de5b36-d170-11e9-b97c-48f17f8d4d88', '2020-01-21 14:34:02', '81de5b36-d170-11e9-b97c-48f17f8d4d88', 1),
('21d3c1b0-47dd-11ea-b608-48f17f8d4d88', '', '', 'e967061e-47dc-11ea-b608-48f17f8d4d88', NULL, 'Long red dress', '', '850', '8', '', '', NULL, NULL, 119, 10, '2020-02-05 08:02:46', 'e9694a64-47dc-11ea-b608-48f17f8d4d88', '2020-02-05 08:04:10', 'e9694a64-47dc-11ea-b608-48f17f8d4d88', 1),
('21d4e935-47dd-11ea-b608-48f17f8d4d88', '', '', 'e967061e-47dc-11ea-b608-48f17f8d4d88', NULL, 'Crop top', '', '170', '8', '', '', NULL, NULL, 119, 10, '2020-02-05 08:02:46', 'e9694a64-47dc-11ea-b608-48f17f8d4d88', '2020-02-05 08:04:10', 'e9694a64-47dc-11ea-b608-48f17f8d4d88', 1),
('21d56655-47dd-11ea-b608-48f17f8d4d88', '', '', 'e967061e-47dc-11ea-b608-48f17f8d4d88', NULL, 'Office pants', '', '320', '8', '', '', 1, NULL, 120, 10, '2020-02-05 08:02:46', 'e9694a64-47dc-11ea-b608-48f17f8d4d88', '2020-02-05 08:02:46', 'e9694a64-47dc-11ea-b608-48f17f8d4d88', 1),
('21d5eb9b-47dd-11ea-b608-48f17f8d4d88', '', '', 'e967061e-47dc-11ea-b608-48f17f8d4d88', NULL, 'Lather jacket', '', '1500', '8', '', '', NULL, NULL, 118, 10, '2020-02-05 08:02:46', 'e9694a64-47dc-11ea-b608-48f17f8d4d88', '2020-02-05 08:07:21', 'e9694a64-47dc-11ea-b608-48f17f8d4d88', 1),
('22f70d71-5dd7-11ea-a211-48f17f8d4d88', '', '', '94c5b3cf-d170-11e9-b97c-48f17f8d4d88', NULL, 'NIKE AIR MAX THEA ', ' ', '1450', '6', '1545', '', 1, NULL, 99, 0, '2020-03-04 07:15:16', '81de5b36-d170-11e9-b97c-48f17f8d4d88', '2020-03-13 14:10:47', '81de5b36-d170-11e9-b97c-48f17f8d4d88', 1),
('23b93d30-fe1a-11e9-91af-363532eb0721', 'e2ea95e5-e47a-11e9-bc5d-0050569fd205', 'fcfd2a2b-e47a-11e9-bc5d-0050569fd205', 'ac9db3c5-e47a-11e9-bc5d-0050569fd205', NULL, 'Long dress', ' ', '1200', '800', '', 'na', 1, NULL, 9, 4, '2019-11-03 11:13:03', '70648b1d-e47a-11e9-bc5d-0050569fd205', '2019-11-03 12:33:35', '70648b1d-e47a-11e9-bc5d-0050569fd205', 1),
('2407b643-f5c3-11e9-987f-363532eb0721', '3f40c927-e5a8-11e9-bc5d-0050569fd205', '72f06087-e519-11e9-bc5d-0050569fd205', '9b8ea912-e518-11e9-bc5d-0050569fd205', NULL, 'cc', ' ', '11', '1', '', 'na', 1, NULL, 1, 1, '2019-10-23 20:30:08', '41f977a7-e518-11e9-bc5d-0050569fd205', '2019-10-23 20:30:08', '41f977a7-e518-11e9-bc5d-0050569fd205', 1),
('293460c8-02e9-11ea-bc5e-363532eb0721', 'c39af95e-02cb-11ea-91af-363532eb0721', '549a1ea5-02df-11ea-bc5e-363532eb0721', '0c89e134-02ca-11ea-91af-363532eb0721', NULL, 'Freedom Brew 250g Bean', ' ', '85', '0', '', 'na', 1, NULL, 8, 3, '2019-11-09 14:05:03', '0c8c1818-02ca-11ea-91af-363532eb0721', '2019-11-09 14:05:03', '0c8c1818-02ca-11ea-91af-363532eb0721', 1),
('2996657d-02e2-11ea-bc5e-363532eb0721', 'c39af95e-02cb-11ea-91af-363532eb0721', '87ae0cee-02e1-11ea-bc5e-363532eb0721', '0c89e134-02ca-11ea-91af-363532eb0721', NULL, 'Monate Decaf 250g Bean Flavoured', ' ', '115', '0', '', 'N/A', 1, NULL, 0, 3, '2019-11-09 13:14:57', '0c8c1818-02ca-11ea-91af-363532eb0721', '2019-11-09 13:44:57', '0c8c1818-02ca-11ea-91af-363532eb0721', 1),
('2bd1de61-3698-11ea-bd88-48f17f8d4d88', '', '', '94c5b3cf-d170-11e9-b97c-48f17f8d4d88', NULL, 'Golfer', ' ', '220', '140', '6001452348706', 'na', NULL, NULL, 580, 0, '2020-01-14 08:36:17', '81de5b36-d170-11e9-b97c-48f17f8d4d88', '2020-02-17 21:15:46', '81de5b36-d170-11e9-b97c-48f17f8d4d88', 1),
('2cd7f8de-fff1-11e9-91af-363532eb0721', 'f354490f-fff0-11e9-91af-363532eb0721', 'ab1432f8-fff0-11e9-91af-363532eb0721', '49a75007-fff0-11e9-91af-363532eb0721', NULL, '1 Family Insurance', ' ', '250', '250', '', 'life-123', 1, NULL, 10, 5, '2019-11-05 19:24:51', '49aa0dc7-fff0-11e9-91af-363532eb0721', '2019-11-05 19:24:51', '49aa0dc7-fff0-11e9-91af-363532eb0721', 1),
('30949087-3293-11ea-b970-48f17f8d4d88', '', '', 'f019c8c5-3292-11ea-b970-48f17f8d4d88', NULL, 'Plain tshirt', '', '150', '100', '', '', 1, NULL, 118, 50, '2020-01-09 05:50:34', 'f01d15d4-3292-11ea-b970-48f17f8d4d88', '2020-01-16 14:33:46', 'f01d15d4-3292-11ea-b970-48f17f8d4d88', 1),
('309554f4-3293-11ea-b970-48f17f8d4d88', '', 'd0f84af7-39e9-11ea-9d4d-48f17f8d4d88', 'f019c8c5-3292-11ea-b970-48f17f8d4d88', NULL, 'Golf tshirts', '', '250', '150', '', '', 1, NULL, 96, 30, '2020-01-09 05:50:34', 'f01d15d4-3292-11ea-b970-48f17f8d4d88', '2020-01-19 15:49:06', 'f01d15d4-3292-11ea-b970-48f17f8d4d88', 1),
('3325dac6-f721-11e9-987f-363532eb0721', '4bf57eac-e519-11e9-bc5d-0050569fd205', '6fca7387-e51a-11e9-bc5d-0050569fd205', '9b8ea912-e518-11e9-bc5d-0050569fd205', NULL, 'Rotray ', ' ', '5000', '4100', '', 'na', 1, NULL, 43, 10, '2019-10-25 14:15:57', '41f977a7-e518-11e9-bc5d-0050569fd205', '2019-11-04 10:05:51', '41f977a7-e518-11e9-bc5d-0050569fd205', 1),
('37dc6136-e47b-11e9-bc5d-0050569fd205', 'e2ea95e5-e47a-11e9-bc5d-0050569fd205', 'fcfd2a2b-e47a-11e9-bc5d-0050569fd205', 'ac9db3c5-e47a-11e9-bc5d-0050569fd205', NULL, 'Tshirt', ' ', '150', '70', '', '56473345', 1, NULL, 1, 2, '2019-10-01 20:42:28', '70648b1d-e47a-11e9-bc5d-0050569fd205', '2019-11-03 12:33:35', '70648b1d-e47a-11e9-bc5d-0050569fd205', 1),
('389e2535-5dd7-11ea-a211-48f17f8d4d88', '', '', '94c5b3cf-d170-11e9-b97c-48f17f8d4d88', NULL, '550ML Unbreakable Outdoor Sports Travel Water Bottle Portable Leak-proof Cycling Camping Water Cup', ' ', '16', '6', '1545', '', 1, NULL, 100, 0, '2020-03-04 07:15:53', '81de5b36-d170-11e9-b97c-48f17f8d4d88', '2020-03-04 07:15:53', '81de5b36-d170-11e9-b97c-48f17f8d4d88', 1),
('3bc765d0-e5a4-11e9-bc5d-0050569fd205', 'b949c5cd-e5a3-11e9-bc5d-0050569fd205', '99558bcf-e519-11e9-bc5d-0050569fd205', '9b8ea912-e518-11e9-bc5d-0050569fd205', NULL, 'Dunlop ', ' Second hand Tyre 205/40/R16\"', '700', '500', '1111', 'D101', 1, NULL, 5, 4, '2019-10-03 08:08:35', '41f977a7-e518-11e9-bc5d-0050569fd205', '2019-10-15 23:04:01', '41f977a7-e518-11e9-bc5d-0050569fd205', 1),
('3ef1315b-f630-11e9-987f-363532eb0721', '', '', '9b8ea912-e518-11e9-bc5d-0050569fd205', NULL, 'ndutest24', ' ', '500', '280', '', 'na', 1, NULL, 6, 0, '2019-10-24 09:31:08', '41f977a7-e518-11e9-bc5d-0050569fd205', '2019-10-29 20:17:54', '41f977a7-e518-11e9-bc5d-0050569fd205', 1),
('400a31bd-e8fd-11e9-bc5d-0050569fd205', '74512919-e457-11e9-bc5d-0050569fd205', '7574508c-e45b-11e9-bc5d-0050569fd205', '23b82588-e370-11e9-bc5d-0050569fd205', NULL, 'LEGACY', ' COFFEE BEANS', '85', '60', '', 'L101', 1, NULL, 10, 5, '2019-10-07 14:23:21', '704bf544-e517-11e9-bc5d-0050569fd205', '2019-12-11 09:07:47', '704bf544-e517-11e9-bc5d-0050569fd205', 1),
('417ffc60-df08-11e9-a724-48f17f8d4d88', '', '', '94c5b3cf-d170-11e9-b97c-48f17f8d4d88', NULL, 'mayonnaise', 'etra hot Peri peri source', '30', '19', ' ', 'HSC', 1, NULL, 36, 5, '2019-09-24 22:16:56', '81de5b36-d170-11e9-b97c-48f17f8d4d88', '2020-01-23 19:43:26', '81de5b36-d170-11e9-b97c-48f17f8d4d88', 1),
('43662134-fe26-11e9-91af-363532eb0721', 'e2ea95e5-e47a-11e9-bc5d-0050569fd205', 'fcfd2a2b-e47a-11e9-bc5d-0050569fd205', 'ac9db3c5-e47a-11e9-bc5d-0050569fd205', NULL, 'Ndu', ' ', '200', '120', '', 'na', 1, NULL, 100, 40, '2019-11-03 12:39:50', '70648b1d-e47a-11e9-bc5d-0050569fd205', '2019-11-03 12:39:50', '70648b1d-e47a-11e9-bc5d-0050569fd205', 1),
('44d795d6-02eb-11ea-bc5e-363532eb0721', 'c39af95e-02cb-11ea-91af-363532eb0721', '716d5a86-02df-11ea-bc5e-363532eb0721', '0c89e134-02ca-11ea-91af-363532eb0721', NULL, 'Maboneng Brew 250g Ground ', ' ', '95', '0', '', 'MAB01', 1, NULL, 7, 3, '2019-11-09 14:20:08', '0c8c1818-02ca-11ea-91af-363532eb0721', '2019-11-18 07:31:23', '0c8c1818-02ca-11ea-91af-363532eb0721', 1),
('4816abad-d739-11e9-a568-c8f7501047dc', '9f32cf78-d737-11e9-a568-c8f7501047dc', 'd5f42399-d737-11e9-a568-c8f7501047dc', '4523af94-d172-11e9-b97c-48f17f8d4d88', NULL, 'Agents ', 'News ', '500', '350', '12345487576321', '1234548757', 1, NULL, 0, 0, '2019-09-14 23:47:43', 'ba6257ea-d307-11e9-a45b-0050569fd205', '2019-09-14 23:47:43', 'ba6257ea-d307-11e9-a45b-0050569fd205', 1),
('48ffe7f7-e6ad-11e9-bc5d-0050569fd205', '', '', 'dfd5ee69-e6ac-11e9-bc5d-0050569fd205', NULL, 'Red long dress', ' ', '500', '380', '', 'Cap ', 1, NULL, 96, 50, '2019-10-04 15:45:53', 'bfb9480e-e6ac-11e9-bc5d-0050569fd205', '2019-10-04 20:09:36', 'bfb9480e-e6ac-11e9-bc5d-0050569fd205', 1),
('49e930fb-e45b-11e9-bc5d-0050569fd205', '74512919-e457-11e9-bc5d-0050569fd205', '7574508c-e45b-11e9-bc5d-0050569fd205', '23b82588-e370-11e9-bc5d-0050569fd205', NULL, 'Shaka\'s Rock', ' Coffee beans', '250', '100', '11111111', 'SR101', 1, NULL, 12, 6, '2019-10-01 16:53:54', 'c57c153d-e36e-11e9-bc5d-0050569fd205', '2019-10-28 08:08:04', 'c57c153d-e36e-11e9-bc5d-0050569fd205', 1),
('4ad4272e-fdff-11e9-91af-363532eb0721', '', '', '9b8ea912-e518-11e9-bc5d-0050569fd205', NULL, 'test', ' ', '200', '20', '', 'na', 1, NULL, -1, 2, '2019-11-03 08:00:52', '41f977a7-e518-11e9-bc5d-0050569fd205', '2019-11-04 10:05:51', '41f977a7-e518-11e9-bc5d-0050569fd205', 1),
('4b593bda-e5bd-11e9-bc5d-0050569fd205', '10664ace-e5bd-11e9-bc5d-0050569fd205', '', '9b8ea912-e518-11e9-bc5d-0050569fd205', NULL, 'Green lander 205 45 17', ' ', '850', '700', '', 'Gl', 1, NULL, 0, 2, '2019-10-03 11:07:58', '41f977a7-e518-11e9-bc5d-0050569fd205', '2019-10-15 23:04:01', '41f977a7-e518-11e9-bc5d-0050569fd205', 1),
('4c104caa-e35d-11e9-bc5d-0050569fd205', '27dd4942-e2e1-11e9-bc5d-0050569fd205', '', '2d3aafa8-e2e0-11e9-bc5d-0050569fd205', NULL, 'Traditional basket ', 'Yealink Sip phone ', '800', '60', '1212121212231', 'YSIP101', 1, NULL, 41, 5, '2019-09-30 10:35:45', '5506426f-e2e1-11e9-bc5d-0050569fd205', '2019-10-07 09:03:29', '5506426f-e2e1-11e9-bc5d-0050569fd205', 1),
('4c2f21df-3154-11ea-a404-48f17f8d4d88', '', 'tin', '94c5b3cf-d170-11e9-b97c-48f17f8d4d88', NULL, 'Koo', '', '12', '8', '', '', 1, NULL, 118, 10, '2020-01-07 15:47:51', '81de5b36-d170-11e9-b97c-48f17f8d4d88', '2020-01-23 19:43:26', '81de5b36-d170-11e9-b97c-48f17f8d4d88', 1),
('4c43a581-e51b-11e9-bc5d-0050569fd205', '54b5877f-e519-11e9-bc5d-0050569fd205', '8eb73c16-e519-11e9-bc5d-0050569fd205', '9b8ea912-e518-11e9-bc5d-0050569fd205', NULL, 'Goodyear Tyre', ' 175/40R17\'\'', '350', '300', ' ', 'GYR17', 1, NULL, 16, 30, '2019-10-02 15:48:21', '41f977a7-e518-11e9-bc5d-0050569fd205', '2019-10-15 23:04:01', '41f977a7-e518-11e9-bc5d-0050569fd205', 1),
('4c6536c5-f62d-11e9-987f-363532eb0721', '', '', '9b8ea912-e518-11e9-bc5d-0050569fd205', NULL, 'Crush', ' ', '444', '222', '', 'na', 1, NULL, 20, 83, '2019-10-24 09:10:02', '41f977a7-e518-11e9-bc5d-0050569fd205', '2019-10-24 19:54:49', '41f977a7-e518-11e9-bc5d-0050569fd205', 1),
('51915956-5ddc-11ea-a211-48f17f8d4d88', '', '', '94c5b3cf-d170-11e9-b97c-48f17f8d4d88', NULL, 'M2K Tekno', ' ', '1600', '0', '', '', 1, NULL, -1, 0, '2020-03-04 07:52:22', '81de5b36-d170-11e9-b97c-48f17f8d4d88', '2020-03-13 14:06:50', '81de5b36-d170-11e9-b97c-48f17f8d4d88', 1),
('51f66f25-5dd6-11ea-a211-48f17f8d4d88', '', '', '94c5b3cf-d170-11e9-b97c-48f17f8d4d88', NULL, '550ML Unbreakable Outdoor Sports Travel Water Bottle Portable Leak-proof Cycling Camping Water Cup', ' ', '16', '6', '1545', '', 1, NULL, 100, 0, '2020-03-04 07:09:26', '81de5b36-d170-11e9-b97c-48f17f8d4d88', '2020-03-04 07:09:26', '81de5b36-d170-11e9-b97c-48f17f8d4d88', 1),
('5264b66d-d6f0-11e9-a5a1-c8f7501047dc', '', '', '94c5b3cf-d170-11e9-b97c-48f17f8d4d88', NULL, 'Valpre still water 440ml', 'New and exciting', '12', '6', '12345678142', '1234586', 1, NULL, 186, 50, '2019-09-14 15:05:21', '81de5b36-d170-11e9-b97c-48f17f8d4d88', '2020-01-21 14:34:02', '81de5b36-d170-11e9-b97c-48f17f8d4d88', 1),
('52e5f00a-02e9-11ea-bc5e-363532eb0721', 'c39af95e-02cb-11ea-91af-363532eb0721', '716d5a86-02df-11ea-bc5e-363532eb0721', '0c89e134-02ca-11ea-91af-363532eb0721', NULL, 'Freedom Brew 250g Ground ', ' ', '85', '0', '', 'MAB01-1-1-1', 1, NULL, 7, 3, '2019-11-09 14:06:12', '0c8c1818-02ca-11ea-91af-363532eb0721', '2019-11-20 07:04:50', '0c8c1818-02ca-11ea-91af-363532eb0721', 1),
('52f44ac0-e5a5-11e9-bc5d-0050569fd205', '888c5e79-e5a6-11e9-bc5d-0050569fd205', '6fca7387-e51a-11e9-bc5d-0050569fd205', '9b8ea912-e518-11e9-bc5d-0050569fd205', NULL, '18 Audi Machined/Black Wheels Rims', ' Set Of 4 Rims NEW!', '7000', '5000', '111', 'AUD-321-18-MB', 1, NULL, 8, 3, '2019-10-03 08:16:23', '41f977a7-e518-11e9-bc5d-0050569fd205', '2019-10-15 23:04:01', '41f977a7-e518-11e9-bc5d-0050569fd205', 1),
('532d9305-f630-11e9-987f-363532eb0721', '', '', '9b8ea912-e518-11e9-bc5d-0050569fd205', NULL, 'ndutest24', ' ', '500', '280', '', 'na', 1, NULL, 4, 0, '2019-10-24 09:31:42', '41f977a7-e518-11e9-bc5d-0050569fd205', '2019-10-27 17:29:52', '41f977a7-e518-11e9-bc5d-0050569fd205', 1),
('53696c98-f62b-11e9-987f-363532eb0721', '', '', '9b8ea912-e518-11e9-bc5d-0050569fd205', NULL, 'ndutest24', ' ', '500', '280', '', 'na', 1, NULL, 10, 0, '2019-10-24 08:55:55', '41f977a7-e518-11e9-bc5d-0050569fd205', '2019-10-24 08:55:55', '41f977a7-e518-11e9-bc5d-0050569fd205', 1),
('53c2c7c4-fff1-11e9-91af-363532eb0721', 'c8e33adb-fff0-11e9-91af-363532eb0721', 'ab1432f8-fff0-11e9-91af-363532eb0721', '49a75007-fff0-11e9-91af-363532eb0721', NULL, 'Left Insurance', ' ', '1800', '1000', '', 'car-123', 1, NULL, 50, 10, '2019-11-05 19:25:56', '49aa0dc7-fff0-11e9-91af-363532eb0721', '2019-11-05 19:25:56', '49aa0dc7-fff0-11e9-91af-363532eb0721', 1),
('572220fa-f631-11e9-987f-363532eb0721', '', '', '9b8ea912-e518-11e9-bc5d-0050569fd205', NULL, 'noou', ' ', '33', '33', '', 'na', 1, NULL, 31, NULL, '2019-10-24 09:38:58', '41f977a7-e518-11e9-bc5d-0050569fd205', '2019-10-29 20:17:54', '41f977a7-e518-11e9-bc5d-0050569fd205', 1),
('57703b24-02ea-11ea-bc5e-363532eb0721', 'c39af95e-02cb-11ea-91af-363532eb0721', '549a1ea5-02df-11ea-bc5e-363532eb0721', '0c89e134-02ca-11ea-91af-363532eb0721', NULL, 'Maboneng Brew 250g Bean', ' ', '95', '0', '', 'na', 1, NULL, 4, 3, '2019-11-09 14:13:30', '0c8c1818-02ca-11ea-91af-363532eb0721', '2019-11-09 14:13:30', '0c8c1818-02ca-11ea-91af-363532eb0721', 1),
('58f0ab00-f594-11e9-987f-363532eb0721', '4bf57eac-e519-11e9-bc5d-0050569fd205', '72f06087-e519-11e9-bc5d-0050569fd205', '9b8ea912-e518-11e9-bc5d-0050569fd205', NULL, 'Good morning ', ' ', '600', '6000', '', 'na', 1, NULL, 66, 10, '2019-10-23 14:55:10', '41f977a7-e518-11e9-bc5d-0050569fd205', '2019-10-23 14:55:10', '41f977a7-e518-11e9-bc5d-0050569fd205', 1),
('5a64f79d-f5c6-11e9-987f-363532eb0721', '3f40c927-e5a8-11e9-bc5d-0050569fd205', '72f06087-e519-11e9-bc5d-0050569fd205', '9b8ea912-e518-11e9-bc5d-0050569fd205', NULL, 'cc2510s', ' ', '11', '1', '', 'na', 1, NULL, 1, 1, '2019-10-23 20:53:08', '41f977a7-e518-11e9-bc5d-0050569fd205', '2019-10-23 20:53:08', '41f977a7-e518-11e9-bc5d-0050569fd205', 1),
('5e0d8008-47da-11ea-b608-48f17f8d4d88', '', '', '94c5b3cf-d170-11e9-b97c-48f17f8d4d88', NULL, 'Red Nike shoes', '', '450', '100', '', '', NULL, NULL, 117, 10, '2020-02-05 07:42:59', '81de5b36-d170-11e9-b97c-48f17f8d4d88', '2020-02-17 23:03:23', '81de5b36-d170-11e9-b97c-48f17f8d4d88', 1),
('5e0e53ff-47da-11ea-b608-48f17f8d4d88', '', '', '94c5b3cf-d170-11e9-b97c-48f17f8d4d88', NULL, 'Red drip', '', '900', '100', '', '', NULL, NULL, 119, 10, '2020-02-05 07:42:59', '81de5b36-d170-11e9-b97c-48f17f8d4d88', '2020-02-25 08:51:19', '81de5b36-d170-11e9-b97c-48f17f8d4d88', 1),
('5e0eb0fd-47da-11ea-b608-48f17f8d4d88', '', '', '94c5b3cf-d170-11e9-b97c-48f17f8d4d88', NULL, 'Swmming cosume', '', '150', '100', '', '', NULL, NULL, 120, 10, '2020-02-05 07:42:59', '81de5b36-d170-11e9-b97c-48f17f8d4d88', '2020-02-25 08:53:50', '81de5b36-d170-11e9-b97c-48f17f8d4d88', 1),
('5e0f26d3-47da-11ea-b608-48f17f8d4d88', '', '', '94c5b3cf-d170-11e9-b97c-48f17f8d4d88', NULL, 'Log Red dress', '', '850', '100', '', '', NULL, NULL, 120, 10, '2020-02-05 07:42:59', '81de5b36-d170-11e9-b97c-48f17f8d4d88', '2020-02-17 21:11:40', '81de5b36-d170-11e9-b97c-48f17f8d4d88', 1),
('5f3ec6db-f63d-11e9-987f-363532eb0721', '54b5877f-e519-11e9-bc5d-0050569fd205', '99558bcf-e519-11e9-bc5d-0050569fd205', '9b8ea912-e518-11e9-bc5d-0050569fd205', NULL, 'Washing bassin', ' ', '888', '0', '', 'na', 1, NULL, 60, 6, '2019-10-24 11:05:06', '41f977a7-e518-11e9-bc5d-0050569fd205', '2019-10-29 20:17:54', '41f977a7-e518-11e9-bc5d-0050569fd205', 1),
('601325fb-fede-11e9-91af-363532eb0721', '', '', '9b8ea912-e518-11e9-bc5d-0050569fd205', NULL, 'Keyboard ', ' ', '11', '1', '', 'na', 1, NULL, 11, 1, '2019-11-04 10:37:45', '41f977a7-e518-11e9-bc5d-0050569fd205', '2019-11-04 10:39:43', '41f977a7-e518-11e9-bc5d-0050569fd205', 1),
('62bdfb82-d724-11e9-a568-c8f7501047dc', '394a1196-d409-11e9-9f95-48f17f8d4d88', '2f1dd86d-d409-11e9-9f95-48f17f8d4d88', '94c5b3cf-d170-11e9-b97c-48f17f8d4d88', NULL, 'Jacobs Kronung Instant Coffee 100 Gram', 'DSG GTI', '65', '40', '5877469857', '123456789', 1, NULL, 48, 10, '2019-09-14 21:18:08', '81de5b36-d170-11e9-b97c-48f17f8d4d88', '2020-01-19 15:50:52', '81de5b36-d170-11e9-b97c-48f17f8d4d88', 1),
('65794968-e512-11e9-bc5d-0050569fd205', '74512919-e457-11e9-bc5d-0050569fd205', '7574508c-e45b-11e9-bc5d-0050569fd205', '23b82588-e370-11e9-bc5d-0050569fd205', NULL, 'Freedom Brew', '  Coffee beans', '70', '50', '101010101', 'FB101', 1, NULL, 0, 5, '2019-10-02 14:44:38', 'c57c153d-e36e-11e9-bc5d-0050569fd205', '2019-10-26 16:52:48', 'c57c153d-e36e-11e9-bc5d-0050569fd205', 1),
('68267aba-5dd6-11ea-a211-48f17f8d4d88', '', '', '94c5b3cf-d170-11e9-b97c-48f17f8d4d88', NULL, '550ML Unbreakable Outdoor Sports Travel Water Bottle Portable Leak-proof Cycling Camping Water Cup', ' ', '16', '6', '1545', '', 1, NULL, 100, 0, '2020-03-04 07:10:03', '81de5b36-d170-11e9-b97c-48f17f8d4d88', '2020-03-04 07:10:03', '81de5b36-d170-11e9-b97c-48f17f8d4d88', 1),
('696fe4ae-e2e0-11e9-bc5d-0050569fd205', '', '', '2d3aafa8-e2e0-11e9-bc5d-0050569fd205', NULL, 'Beads', ' ', '150', '80', '787878 ', 'B123', 1, NULL, 68, 30, '2019-09-29 19:41:48', '5506426f-e2e1-11e9-bc5d-0050569fd205', '2019-10-01 12:59:21', '5506426f-e2e1-11e9-bc5d-0050569fd205', 1),
('69bccc6d-02ef-11ea-bc5e-363532eb0721', 'c39af95e-02cb-11ea-91af-363532eb0721', '716d5a86-02df-11ea-bc5e-363532eb0721', '0c89e134-02ca-11ea-91af-363532eb0721', NULL, 'Soweto Taste 250g Ground ', ' ', '95', '0', '', 'MAB01-1-1-1-1', 1, NULL, 0, 3, '2019-11-09 14:49:48', '0c8c1818-02ca-11ea-91af-363532eb0721', '2019-11-18 07:31:23', '0c8c1818-02ca-11ea-91af-363532eb0721', 1),
('6ae05f7d-f5c4-11e9-987f-363532eb0721', '3f40c927-e5a8-11e9-bc5d-0050569fd205', '72f06087-e519-11e9-bc5d-0050569fd205', '9b8ea912-e518-11e9-bc5d-0050569fd205', NULL, 'cc25', ' ', '11', '1', '', 'na', 1, NULL, 1, 1, '2019-10-23 20:39:16', '41f977a7-e518-11e9-bc5d-0050569fd205', '2019-10-23 20:39:16', '41f977a7-e518-11e9-bc5d-0050569fd205', 1),
('6ae6f763-d6f4-11e9-a5a1-c8f7501047dc', '', '', '94c5b3cf-d170-11e9-b97c-48f17f8d4d88', NULL, 'Soda can 330ml', 'M-Sport Launch Edition Auto with 11000km', '10', '6', '334578641', '5605464', 1, NULL, 148, 50, '2019-09-14 15:34:40', '81de5b36-d170-11e9-b97c-48f17f8d4d88', '2020-01-03 18:44:43', '81de5b36-d170-11e9-b97c-48f17f8d4d88', 1),
('6c34d999-f9cc-11e9-987f-363532eb0721', '25c86184-f9cc-11e9-987f-363532eb0721', '38d9fc30-f9cc-11e9-987f-363532eb0721', '4b1f410b-e523-11e9-bc5d-0050569fd205', NULL, 'Konvikt (White/Black) ', ' ', '250', '125', '', 'kvt-01', 1, NULL, 4, 5, '2019-10-28 23:46:39', '1154faf5-e523-11e9-bc5d-0050569fd205', '2019-11-19 18:36:18', '1154faf5-e523-11e9-bc5d-0050569fd205', 1),
('6cc39a01-02e5-11ea-bc5e-363532eb0721', 'c39af95e-02cb-11ea-91af-363532eb0721', '4aaa291d-02df-11ea-bc5e-363532eb0721', '0c89e134-02ca-11ea-91af-363532eb0721', NULL, 'Living the Legacy 1kg Bean', ' ', '300', '0', '', 'MAB02-1', 1, NULL, 0, 3, '2019-11-09 13:38:18', '0c8c1818-02ca-11ea-91af-363532eb0721', '2019-11-20 07:04:50', '0c8c1818-02ca-11ea-91af-363532eb0721', 1),
('700131a7-fff1-11e9-91af-363532eb0721', 'db0d891c-fff0-11e9-91af-363532eb0721', 'b6188d56-fff0-11e9-91af-363532eb0721', '49a75007-fff0-11e9-91af-363532eb0721', NULL, 'Fruits Mix', ' ', '50', '25', '', 'fruit-123', 1, NULL, 60, 10, '2019-11-05 19:26:44', '49aa0dc7-fff0-11e9-91af-363532eb0721', '2019-11-05 19:26:44', '49aa0dc7-fff0-11e9-91af-363532eb0721', 1),
('71078b38-fdfe-11e9-91af-363532eb0721', 'd01900bd-e5a6-11e9-bc5d-0050569fd205', '72f06087-e519-11e9-bc5d-0050569fd205', '9b8ea912-e518-11e9-bc5d-0050569fd205', NULL, 'ndu', ' ', '500000000', '99999', '', 'na', 1, NULL, 0, NULL, '2019-11-03 07:54:47', '41f977a7-e518-11e9-bc5d-0050569fd205', '2019-11-04 16:34:41', '41f977a7-e518-11e9-bc5d-0050569fd205', 1),
('736cbe75-31de-11ea-9819-48f17f8d4d88', '', 'tin', '84e1b6d9-30b8-11ea-8b45-48f17f8d4d88', NULL, 'Koo', '', '12', '8', '', '', 1, NULL, 120, 10, '2020-01-08 08:16:47', '84e2fbdb-30b8-11ea-8b45-48f17f8d4d88', '2020-01-08 08:16:47', '84e2fbdb-30b8-11ea-8b45-48f17f8d4d88', 1),
('736ee776-31de-11ea-9819-48f17f8d4d88', '', 'cold meet', '84e1b6d9-30b8-11ea-8b45-48f17f8d4d88', NULL, 'Beef tray', '', '55', '32', '', '', 1, NULL, 15, 0, '2020-01-08 08:16:47', '84e2fbdb-30b8-11ea-8b45-48f17f8d4d88', '2020-01-08 08:16:47', '84e2fbdb-30b8-11ea-8b45-48f17f8d4d88', 1),
('736f3def-31de-11ea-9819-48f17f8d4d88', '', 'cold meet', '84e1b6d9-30b8-11ea-8b45-48f17f8d4d88', NULL, 'Fish raw', '', '65', '44', '', '', 1, NULL, 15, 0, '2020-01-08 08:16:47', '84e2fbdb-30b8-11ea-8b45-48f17f8d4d88', '2020-01-08 08:16:47', '84e2fbdb-30b8-11ea-8b45-48f17f8d4d88', 1),
('736fb788-31de-11ea-9819-48f17f8d4d88', '', '', '84e1b6d9-30b8-11ea-8b45-48f17f8d4d88', NULL, 'prawn raw 5kg', '', '65', '44', '', '', 1, NULL, 15, 0, '2020-01-08 08:16:47', '84e2fbdb-30b8-11ea-8b45-48f17f8d4d88', '2020-01-08 08:16:47', '84e2fbdb-30b8-11ea-8b45-48f17f8d4d88', 1),
('750faf6c-3154-11ea-a404-48f17f8d4d88', '', 'tin', '94c5b3cf-d170-11e9-b97c-48f17f8d4d88', NULL, 'Koo', '', '12', '8', '', '', 1, NULL, 109, 10, '2020-01-07 15:48:59', '81de5b36-d170-11e9-b97c-48f17f8d4d88', '2020-01-19 20:42:47', '81de5b36-d170-11e9-b97c-48f17f8d4d88', 1),
('75108eb4-3154-11ea-a404-48f17f8d4d88', '', '', '94c5b3cf-d170-11e9-b97c-48f17f8d4d88', NULL, 'Coke can', '', '18', '12', '', '', NULL, NULL, 75, 20, '2020-01-07 15:48:59', '81de5b36-d170-11e9-b97c-48f17f8d4d88', '2020-02-25 08:54:01', '81de5b36-d170-11e9-b97c-48f17f8d4d88', 1),
('76baeac2-5dd8-11ea-a211-48f17f8d4d88', '', '', '94c5b3cf-d170-11e9-b97c-48f17f8d4d88', NULL, 'Mags', ' ', '10000', '0', '', '', 1, NULL, 999, 0, '2020-03-04 07:24:46', '81de5b36-d170-11e9-b97c-48f17f8d4d88', '2020-03-13 14:09:52', '81de5b36-d170-11e9-b97c-48f17f8d4d88', 1),
('7922a687-2fb0-11ea-8be9-48f17f8d4d88', '', '', 'ea6c6f96-2faf-11ea-8be9-48f17f8d4d88', NULL, 'Website Design', ' ', '5500', '0', '', 'na', 1, NULL, 49, 0, '2020-01-05 13:42:38', 'ea6f3106-2faf-11ea-8be9-48f17f8d4d88', '2020-01-05 14:26:05', 'ea6f3106-2faf-11ea-8be9-48f17f8d4d88', 1),
('7c110674-f631-11e9-987f-363532eb0721', 'fe7cffe5-e5a5-11e9-bc5d-0050569fd205', '99558bcf-e519-11e9-bc5d-0050569fd205', '9b8ea912-e518-11e9-bc5d-0050569fd205', NULL, 'Moseenter ', ' ', '777', '66', '', 'na', 1, NULL, 62, 55, '2019-10-24 09:40:00', '41f977a7-e518-11e9-bc5d-0050569fd205', '2019-10-24 23:58:04', '41f977a7-e518-11e9-bc5d-0050569fd205', 1),
('7cd35931-e515-11e9-bc5d-0050569fd205', '4369bfef-e515-11e9-bc5d-0050569fd205', '94faad66-e514-11e9-bc5d-0050569fd205', '23b82588-e370-11e9-bc5d-0050569fd205', NULL, '2014 NIGHT SKY', '  FABLE MOUNTAIN VINEYARDS', '165', '120', '', 'FM101', 1, NULL, 30, 10, '2019-10-02 15:06:46', 'c57c153d-e36e-11e9-bc5d-0050569fd205', '2019-12-11 09:07:47', 'c57c153d-e36e-11e9-bc5d-0050569fd205', 1),
('7e6878d4-f5c4-11e9-987f-363532eb0721', '3f40c927-e5a8-11e9-bc5d-0050569fd205', '72f06087-e519-11e9-bc5d-0050569fd205', '9b8ea912-e518-11e9-bc5d-0050569fd205', NULL, 'cc25', ' ', '11', '1', '', 'na', 1, NULL, 1, 1, '2019-10-23 20:39:49', '41f977a7-e518-11e9-bc5d-0050569fd205', '2019-10-23 20:39:49', '41f977a7-e518-11e9-bc5d-0050569fd205', 1),
('80083201-02ed-11ea-bc5e-363532eb0721', 'c39af95e-02cb-11ea-91af-363532eb0721', '4aaa291d-02df-11ea-bc5e-363532eb0721', '0c89e134-02ca-11ea-91af-363532eb0721', NULL, 'Loxion Kofi 1kg Bean', ' ', '300', '0', '', 'MAB02-1-1-1-2', 1, NULL, 2, 3, '2019-11-09 14:36:06', '0c8c1818-02ca-11ea-91af-363532eb0721', '2019-11-15 11:28:42', '0c8c1818-02ca-11ea-91af-363532eb0721', 1),
('81ccc2d8-d739-11e9-a568-c8f7501047dc', '9f32cf78-d737-11e9-a568-c8f7501047dc', 'd5f42399-d737-11e9-a568-c8f7501047dc', '4523af94-d172-11e9-b97c-48f17f8d4d88', NULL, 'Avengers (black)', 'White logo A - Snap', '600', '400', '2134587651', '245878000', 1, NULL, 0, 0, '2019-09-14 23:49:20', 'ba6257ea-d307-11e9-a45b-0050569fd205', '2019-09-14 23:49:20', 'ba6257ea-d307-11e9-a45b-0050569fd205', 1),
('822e8654-f629-11e9-987f-363532eb0721', '', '', '9b8ea912-e518-11e9-bc5d-0050569fd205', NULL, 'ndutest24', ' ', '500', '280', '', 'na', 1, NULL, 10, 0, '2019-10-24 08:42:54', '41f977a7-e518-11e9-bc5d-0050569fd205', '2019-10-24 08:42:54', '41f977a7-e518-11e9-bc5d-0050569fd205', 1),
('85315856-f5c5-11e9-987f-363532eb0721', '3f40c927-e5a8-11e9-bc5d-0050569fd205', '72f06087-e519-11e9-bc5d-0050569fd205', '9b8ea912-e518-11e9-bc5d-0050569fd205', NULL, 'cc2510', ' ', '11', '1', '', 'na', 1, NULL, 1, 1, '2019-10-23 20:47:10', '41f977a7-e518-11e9-bc5d-0050569fd205', '2019-10-23 20:47:10', '41f977a7-e518-11e9-bc5d-0050569fd205', 1),
('87110bf9-fff1-11e9-91af-363532eb0721', 'db0d891c-fff0-11e9-91af-363532eb0721', 'b6188d56-fff0-11e9-91af-363532eb0721', '49a75007-fff0-11e9-91af-363532eb0721', NULL, 'Vegitables', ' ', '150', '100', '', 'veg-123', 1, NULL, 50, 10, '2019-11-05 19:27:22', '49aa0dc7-fff0-11e9-91af-363532eb0721', '2019-11-05 19:27:22', '49aa0dc7-fff0-11e9-91af-363532eb0721', 1),
('883fc2b8-02e9-11ea-bc5e-363532eb0721', 'c39af95e-02cb-11ea-91af-363532eb0721', '549a1ea5-02df-11ea-bc5e-363532eb0721', '0c89e134-02ca-11ea-91af-363532eb0721', NULL, 'Shakas Rock 250g Bean ', ' ', '85', '0', '', 'na', 1, NULL, 6, 3, '2019-11-09 14:07:42', '0c8c1818-02ca-11ea-91af-363532eb0721', '2019-11-09 14:07:42', '0c8c1818-02ca-11ea-91af-363532eb0721', 1),
('8aadcceb-d6f7-11e9-a5a1-c8f7501047dc', '', '', '94c5b3cf-d170-11e9-b97c-48f17f8d4d88', NULL, 'Selati - Golden Brown Sugar 2kg', '2019 Compact coupe convertable', '35', '28', '3657894115', '3657894115', 1, NULL, 18, 10, '2019-09-14 15:57:01', '81de5b36-d170-11e9-b97c-48f17f8d4d88', '2020-01-22 21:14:11', '81de5b36-d170-11e9-b97c-48f17f8d4d88', 1),
('8abee732-02ef-11ea-bc5e-363532eb0721', 'c39af95e-02cb-11ea-91af-363532eb0721', '4aaa291d-02df-11ea-bc5e-363532eb0721', '0c89e134-02ca-11ea-91af-363532eb0721', NULL, 'Soweto Taste 1kg Bean', ' ', '310', '0', '', 'MAB02-1-1-1-1', 1, NULL, -2, 3, '2019-11-09 14:50:43', '0c8c1818-02ca-11ea-91af-363532eb0721', '2019-11-20 07:04:50', '0c8c1818-02ca-11ea-91af-363532eb0721', 1),
('8ad875e2-5dd6-11ea-a211-48f17f8d4d88', '', '', '94c5b3cf-d170-11e9-b97c-48f17f8d4d88', NULL, '550ML Unbreakable Outdoor Sports Travel Water Bottle Portable Leak-proof Cycling Camping Water Cup', ' ', '16', '6', '1545', '', 1, NULL, 100, 0, '2020-03-04 07:11:01', '81de5b36-d170-11e9-b97c-48f17f8d4d88', '2020-03-04 07:11:01', '81de5b36-d170-11e9-b97c-48f17f8d4d88', 1),
('8b7eaa93-e35f-11e9-bc5d-0050569fd205', 'f9587770-e35e-11e9-bc5d-0050569fd205', '0a9c6333-e35f-11e9-bc5d-0050569fd205', 'a8e9befd-e35e-11e9-bc5d-0050569fd205', NULL, 'Yealink T40 P', 'Sip phones', '800', '600', '1232231', 'T40P', 1, NULL, 17, 5, '2019-09-30 10:51:51', 'cd3cf692-e35d-11e9-bc5d-0050569fd205', '2019-09-30 10:53:07', 'cd3cf692-e35d-11e9-bc5d-0050569fd205', 1),
('8c08bced-fe02-11e9-91af-363532eb0721', '', '', '9b8ea912-e518-11e9-bc5d-0050569fd205', NULL, 's', ' ', '22', '22', '', 'na', 1, NULL, 0, 2, '2019-11-03 08:24:10', '41f977a7-e518-11e9-bc5d-0050569fd205', '2019-11-04 10:05:51', '41f977a7-e518-11e9-bc5d-0050569fd205', 1),
('8d636a0c-02e4-11ea-bc5e-363532eb0721', 'c39af95e-02cb-11ea-91af-363532eb0721', 'bb28d608-02e1-11ea-bc5e-363532eb0721', '0c89e134-02ca-11ea-91af-363532eb0721', NULL, 'Monate Decaf 250g Bean  Non-Flavoured', ' ', '105', '0', '', 'na', 1, NULL, 10, 3, '2019-11-09 13:32:03', '0c8c1818-02ca-11ea-91af-363532eb0721', '2019-11-09 13:46:23', '0c8c1818-02ca-11ea-91af-363532eb0721', 1),
('8dec8ac1-02ec-11ea-bc5e-363532eb0721', 'c39af95e-02cb-11ea-91af-363532eb0721', '549a1ea5-02df-11ea-bc5e-363532eb0721', '0c89e134-02ca-11ea-91af-363532eb0721', NULL, 'Loxion Kofi 250g Bean', ' ', '85', '0', '', 'na', 1, NULL, 7, 3, '2019-11-09 14:29:20', '0c8c1818-02ca-11ea-91af-363532eb0721', '2019-11-15 11:28:42', '0c8c1818-02ca-11ea-91af-363532eb0721', 1),
('8ede24b8-e6ad-11e9-bc5d-0050569fd205', '', '44c3f2a7-e6d3-11e9-bc5d-0050569fd205', 'dfd5ee69-e6ac-11e9-bc5d-0050569fd205', NULL, 'Noted red and black ', ' ', '350', '300', '', 'Tsh', 1, NULL, 47, 5, '2019-10-04 15:47:51', 'bfb9480e-e6ac-11e9-bc5d-0050569fd205', '2019-10-04 20:18:08', 'bfb9480e-e6ac-11e9-bc5d-0050569fd205', 1),
('90ebf58a-2fa9-11ea-8be9-48f17f8d4d88', '47639284-2faf-11ea-8be9-48f17f8d4d88', '', '42be6167-2fa9-11ea-8be9-48f17f8d4d88', NULL, 'Red long dress', ' ', '1200', '750', '', 'na', 1, NULL, 1, NULL, '2020-01-05 12:53:11', '42bfaa8a-2fa9-11ea-8be9-48f17f8d4d88', '2020-01-05 13:34:18', '42bfaa8a-2fa9-11ea-8be9-48f17f8d4d88', 1),
('9b4074d1-f62a-11e9-987f-363532eb0721', '', '', '9b8ea912-e518-11e9-bc5d-0050569fd205', NULL, 'ndutest24', ' ', '500', '280', '', 'na', 1, NULL, 10, 0, '2019-10-24 08:50:46', '41f977a7-e518-11e9-bc5d-0050569fd205', '2019-10-24 08:50:46', '41f977a7-e518-11e9-bc5d-0050569fd205', 1),
('a5382261-fff1-11e9-91af-363532eb0721', 'e899e373-fff0-11e9-91af-363532eb0721', 'b6188d56-fff0-11e9-91af-363532eb0721', '49a75007-fff0-11e9-91af-363532eb0721', NULL, 'A Grade Meat', ' ', '250', '150', '', 'meats-123', 1, NULL, 50, 10, '2019-11-05 19:28:13', '49aa0dc7-fff0-11e9-91af-363532eb0721', '2019-11-05 19:28:19', '49aa0dc7-fff0-11e9-91af-363532eb0721', 1),
('a685d45e-2fb0-11ea-8be9-48f17f8d4d88', '', '', 'ea6c6f96-2faf-11ea-8be9-48f17f8d4d88', NULL, 'Logo Design', ' ', '500', '0', '', 'na', 1, NULL, 5, 0, '2020-01-05 13:43:54', 'ea6f3106-2faf-11ea-8be9-48f17f8d4d88', '2020-01-05 14:30:02', 'ea6f3106-2faf-11ea-8be9-48f17f8d4d88', 1),
('a82a8f0b-f5c4-11e9-987f-363532eb0721', '3f40c927-e5a8-11e9-bc5d-0050569fd205', '72f06087-e519-11e9-bc5d-0050569fd205', '9b8ea912-e518-11e9-bc5d-0050569fd205', NULL, 'cc25', ' ', '11', '1', '', 'na', 1, NULL, 1, 1, '2019-10-23 20:40:59', '41f977a7-e518-11e9-bc5d-0050569fd205', '2019-10-23 20:40:59', '41f977a7-e518-11e9-bc5d-0050569fd205', 1),
('a994b86a-3290-11ea-b970-48f17f8d4d88', '', '', '47de8a17-3290-11ea-b970-48f17f8d4d88', NULL, 'Plian tshirt', '', '150', '100', '', '', 1, NULL, 117, 50, '2020-01-09 05:32:28', '47e43de7-3290-11ea-b970-48f17f8d4d88', '2020-01-09 05:36:52', '47e43de7-3290-11ea-b970-48f17f8d4d88', 1),
('a9952c68-3290-11ea-b970-48f17f8d4d88', '', '', '47de8a17-3290-11ea-b970-48f17f8d4d88', NULL, 'Gold tshirts', '', '250', '150', '', '', 1, NULL, 95, 30, '2020-01-09 05:32:29', '47e43de7-3290-11ea-b970-48f17f8d4d88', '2020-01-09 05:36:35', '47e43de7-3290-11ea-b970-48f17f8d4d88', 1),
('a9c4907e-317a-11ea-a404-48f17f8d4d88', '', 'tin', '94c5b3cf-d170-11e9-b97c-48f17f8d4d88', NULL, 'Koo', '', '12', '8', '', '', NULL, NULL, 116, 10, '2020-01-07 20:22:29', '81de5b36-d170-11e9-b97c-48f17f8d4d88', '2020-02-05 07:37:25', '81de5b36-d170-11e9-b97c-48f17f8d4d88', 1),
('a9c5b055-317a-11ea-a404-48f17f8d4d88', '', 'cold meet', '94c5b3cf-d170-11e9-b97c-48f17f8d4d88', NULL, 'Couples prints', '', '1200', '32', '', '', NULL, NULL, 10, 0, '2020-01-07 20:22:29', '81de5b36-d170-11e9-b97c-48f17f8d4d88', '2020-02-17 23:30:38', '81de5b36-d170-11e9-b97c-48f17f8d4d88', 1),
('a9c62997-317a-11ea-a404-48f17f8d4d88', '', 'cold meet', '94c5b3cf-d170-11e9-b97c-48f17f8d4d88', NULL, 'Naija style couple', '', '65', '44', '', '', NULL, NULL, 0, 0, '2020-01-07 20:22:29', '81de5b36-d170-11e9-b97c-48f17f8d4d88', '2020-02-17 23:32:49', '81de5b36-d170-11e9-b97c-48f17f8d4d88', 1),
('a9c6dcff-317a-11ea-a404-48f17f8d4d88', '', '', '94c5b3cf-d170-11e9-b97c-48f17f8d4d88', NULL, 'All white church dress', '', '65', '44', '', '', NULL, NULL, 0, 0, '2020-01-07 20:22:29', '81de5b36-d170-11e9-b97c-48f17f8d4d88', '2020-02-17 23:34:36', '81de5b36-d170-11e9-b97c-48f17f8d4d88', 1),
('aa4825ec-df08-11e9-a724-48f17f8d4d88', '', '', '94c5b3cf-d170-11e9-b97c-48f17f8d4d88', NULL, '60 Eggs', ' 60 Lg Eggs', '75', '45', '', 'EGGZ1', 1, NULL, 4, 10, '2019-09-24 22:19:52', '81de5b36-d170-11e9-b97c-48f17f8d4d88', '2020-01-03 18:44:43', '81de5b36-d170-11e9-b97c-48f17f8d4d88', 1),
('b099a62b-3697-11ea-bd88-48f17f8d4d88', '', '', '94c5b3cf-d170-11e9-b97c-48f17f8d4d88', NULL, 'Sun Cap', ' ', '11', '6', '8898979767', '11122211211221', NULL, NULL, 499, 0, '2020-01-14 08:32:51', '81de5b36-d170-11e9-b97c-48f17f8d4d88', '2020-02-17 21:16:20', '81de5b36-d170-11e9-b97c-48f17f8d4d88', 1),
('b13f68e8-f978-11e9-987f-363532eb0721', '9453ec53-f978-11e9-987f-363532eb0721', '8b7f4671-f978-11e9-987f-363532eb0721', 'n/a', NULL, 'Red Bandeu Bikini', ' ', '300', '90', '', '145', 1, NULL, 20, 2, '2019-10-28 13:47:17', '30fbbfbc-f978-11e9-987f-363532eb0721', '2019-10-28 13:47:26', '30fbbfbc-f978-11e9-987f-363532eb0721', 1),
('b2a3853b-008f-11ea-91af-363532eb0721', '', '', '5048f837-f66c-11e9-987f-363532eb0721', NULL, 'Dell laptop ', ' ', '8500', '6200', '', 'na', 1, NULL, 50, NULL, '2019-11-06 14:19:36', '504b2c84-f66c-11e9-987f-363532eb0721', '2019-11-07 09:30:04', '504b2c84-f66c-11e9-987f-363532eb0721', 1),
('b3946def-f629-11e9-987f-363532eb0721', '', '', '9b8ea912-e518-11e9-bc5d-0050569fd205', NULL, 'ndutest24', ' ', '500', '280', '', 'na', 1, NULL, 10, 0, '2019-10-24 08:44:17', '41f977a7-e518-11e9-bc5d-0050569fd205', '2019-10-24 08:44:17', '41f977a7-e518-11e9-bc5d-0050569fd205', 1),
('b3a83a69-fee9-11e9-91af-363532eb0721', '54b5877f-e519-11e9-bc5d-0050569fd205', '', '9b8ea912-e518-11e9-bc5d-0050569fd205', NULL, 'Test', ' ', '500', '0', '', 'na', 1, NULL, 50, 2, '2019-11-04 11:58:50', '41f977a7-e518-11e9-bc5d-0050569fd205', '2019-11-04 11:59:30', '41f977a7-e518-11e9-bc5d-0050569fd205', 1),
('b410ebcc-f9cc-11e9-987f-363532eb0721', '25c86184-f9cc-11e9-987f-363532eb0721', '38d9fc30-f9cc-11e9-987f-363532eb0721', '4b1f410b-e523-11e9-bc5d-0050569fd205', NULL, 'Konvikt (Black) ', ' ', '250', '125', '', 'kvt-02', 1, NULL, 4, 5, '2019-10-28 23:48:40', '1154faf5-e523-11e9-bc5d-0050569fd205', '2019-11-19 18:30:36', '1154faf5-e523-11e9-bc5d-0050569fd205', 1),
('b4518105-02e9-11ea-bc5e-363532eb0721', 'c39af95e-02cb-11ea-91af-363532eb0721', '4aaa291d-02df-11ea-bc5e-363532eb0721', '0c89e134-02ca-11ea-91af-363532eb0721', NULL, 'Shakas Rock 1kg Bean ', ' ', '300', '0', '', 'MAB02-1-1', 1, NULL, 7, 3, '2019-11-09 14:08:56', '0c8c1818-02ca-11ea-91af-363532eb0721', '2019-11-09 14:08:56', '0c8c1818-02ca-11ea-91af-363532eb0721', 1),
('bb895416-f62a-11e9-987f-363532eb0721', '', '', '9b8ea912-e518-11e9-bc5d-0050569fd205', NULL, 'ndutest24', ' ', '500', '280', '', 'na', 1, NULL, 10, 0, '2019-10-24 08:51:40', '41f977a7-e518-11e9-bc5d-0050569fd205', '2019-10-24 08:51:40', '41f977a7-e518-11e9-bc5d-0050569fd205', 1),
('bbc1878e-fed9-11e9-91af-363532eb0721', '', '', '9b8ea912-e518-11e9-bc5d-0050569fd205', NULL, 'Coffee', ' ', '15', '10', '', 'na', 1, NULL, 6, NULL, '2019-11-04 10:04:32', '41f977a7-e518-11e9-bc5d-0050569fd205', '2019-11-04 10:05:51', '41f977a7-e518-11e9-bc5d-0050569fd205', 1),
('bdab5ed6-f592-11e9-987f-363532eb0721', '', '', '9b8ea912-e518-11e9-bc5d-0050569fd205', NULL, 'test new', ' ', '5000', '4500', '', 'na', 1, NULL, 10, 5, '2019-10-23 14:43:40', '41f977a7-e518-11e9-bc5d-0050569fd205', '2019-10-23 14:43:40', '41f977a7-e518-11e9-bc5d-0050569fd205', 1),
('befcf88e-f62c-11e9-987f-363532eb0721', '', '', '9b8ea912-e518-11e9-bc5d-0050569fd205', NULL, 'ndutest24', ' ', '500', '280', '', 'na', 1, NULL, 8, 0, '2019-10-24 09:06:05', '41f977a7-e518-11e9-bc5d-0050569fd205', '2019-10-24 19:54:49', '41f977a7-e518-11e9-bc5d-0050569fd205', 1),
('bfe0152e-e514-11e9-bc5d-0050569fd205', '8b41eba2-e514-11e9-bc5d-0050569fd205', '7574508c-e45b-11e9-bc5d-0050569fd205', '23b82588-e370-11e9-bc5d-0050569fd205', NULL, '2016 RUPERT & ROTHSCHILD CLASSIQUE', ' CLASSIQUE', '190', '100', '', 'RRC101', 1, NULL, 44, 10, '2019-10-02 15:01:29', 'c57c153d-e36e-11e9-bc5d-0050569fd205', '2019-10-28 08:08:04', 'c57c153d-e36e-11e9-bc5d-0050569fd205', 1),
('c0a2c7e7-5dd6-11ea-a211-48f17f8d4d88', '', '', '94c5b3cf-d170-11e9-b97c-48f17f8d4d88', NULL, '550ML Unbreakable Outdoor Sports Travel Water Bottle Portable Leak-proof Cycling Camping Water Cup', ' ', '16', '6', '1545', '', 1, NULL, 100, 0, '2020-03-04 07:12:32', '81de5b36-d170-11e9-b97c-48f17f8d4d88', '2020-03-04 07:12:32', '81de5b36-d170-11e9-b97c-48f17f8d4d88', 1),
('c13b768a-dedd-11e9-a724-48f17f8d4d88', '', '', '94c5b3cf-d170-11e9-b97c-48f17f8d4d88', NULL, 'Baked Bread', 'Bread', '20', '12', ' 3213 332143243243', ' bb123', 1, NULL, 18, 5, '2019-09-24 17:12:42', '81de5b36-d170-11e9-b97c-48f17f8d4d88', '2020-01-19 15:50:52', '81de5b36-d170-11e9-b97c-48f17f8d4d88', 1),
('c215ad48-e5a5-11e9-bc5d-0050569fd205', '52c29874-e5a6-11e9-bc5d-0050569fd205', '6fca7387-e51a-11e9-bc5d-0050569fd205', '9b8ea912-e518-11e9-bc5d-0050569fd205', NULL, 'BMW E30 CONCAVE ALLOY MAG 527 TYRE PACK', ' BMW E30 CONCAVE ALLOY MAG 527 TYRE PACK NEW', '7500', '5000', '1111', 'BMWE3001', 1, NULL, 0, 4, '2019-10-03 08:19:30', '41f977a7-e518-11e9-bc5d-0050569fd205', '2019-10-15 23:04:01', '41f977a7-e518-11e9-bc5d-0050569fd205', 1),
('c422d5b0-5463-11ea-9c77-48f17f8d4d88', '', 'tin', '0daff1dd-47dc-11ea-b608-48f17f8d4d88', NULL, 'ZALOU PINK ANKARA', '', '650', '8', '', '', NULL, NULL, 120, 10, '2020-02-21 06:36:45', '0db225b5-47dc-11ea-b608-48f17f8d4d88', '2020-02-21 06:37:10', '0db225b5-47dc-11ea-b608-48f17f8d4d88', 1),
('c4237246-5463-11ea-9c77-48f17f8d4d88', '', '', '0daff1dd-47dc-11ea-b608-48f17f8d4d88', NULL, 'Floral maxi dress', '', '800', '8', '', '', NULL, NULL, 120, 10, '2020-02-21 06:36:45', '0db225b5-47dc-11ea-b608-48f17f8d4d88', '2020-02-21 06:37:21', '0db225b5-47dc-11ea-b608-48f17f8d4d88', 1),
('c423f7aa-5463-11ea-9c77-48f17f8d4d88', '', '', '0daff1dd-47dc-11ea-b608-48f17f8d4d88', NULL, 'ankara yellow', '', '1000', '8', '', '', NULL, NULL, 120, 10, '2020-02-21 06:36:45', '0db225b5-47dc-11ea-b608-48f17f8d4d88', '2020-02-21 06:37:27', '0db225b5-47dc-11ea-b608-48f17f8d4d88', 1),
('c4245eb2-5463-11ea-9c77-48f17f8d4d88', '', '', '0daff1dd-47dc-11ea-b608-48f17f8d4d88', NULL, 'As gold as the sun rising', '', '600', '8', '', '', NULL, NULL, 120, 10, '2020-02-21 06:36:45', '0db225b5-47dc-11ea-b608-48f17f8d4d88', '2020-02-21 06:37:32', '0db225b5-47dc-11ea-b608-48f17f8d4d88', 1),
('c4a2fd7d-fff1-11e9-91af-363532eb0721', 'e899e373-fff0-11e9-91af-363532eb0721', 'b6188d56-fff0-11e9-91af-363532eb0721', '49a75007-fff0-11e9-91af-363532eb0721', NULL, 'Polony Extra', ' ', '250', '100', '', 'polo-123', 1, NULL, 120, 10, '2019-11-05 19:29:06', '49aa0dc7-fff0-11e9-91af-363532eb0721', '2019-11-05 19:29:06', '49aa0dc7-fff0-11e9-91af-363532eb0721', 1),
('c54e67a9-dd62-11e9-8ffb-c8f7501047dc', '', '', '94c5b3cf-d170-11e9-b97c-48f17f8d4d88', NULL, 'ROBERTSONS spice', '2020 BMW M3 Competion Pack', '25', '16', '852369741', '963258741', 1, NULL, 14, 0, '2019-09-22 19:59:42', '81de5b36-d170-11e9-b97c-48f17f8d4d88', '2020-01-20 16:40:28', '81de5b36-d170-11e9-b97c-48f17f8d4d88', 1),
('c9fbf013-30ce-11ea-8b45-48f17f8d4d88', '', '', 'b565b481-30cd-11ea-8b45-48f17f8d4d88', NULL, 'Cup', '', '50', '8', '', '', 1, NULL, -1, 0, '2020-01-06 23:52:09', 'b568016e-30cd-11ea-8b45-48f17f8d4d88', '2020-01-06 23:52:09', 'b568016e-30cd-11ea-8b45-48f17f8d4d88', 1),
('c9fd9f87-30ce-11ea-8b45-48f17f8d4d88', '', '', 'b565b481-30cd-11ea-8b45-48f17f8d4d88', NULL, 'Living the LEGACY 250g Bean', '', '85', '0', '', '', 1, NULL, 8, 3, '2020-01-06 23:52:09', 'b568016e-30cd-11ea-8b45-48f17f8d4d88', '2020-01-06 23:52:09', 'b568016e-30cd-11ea-8b45-48f17f8d4d88', 1),
('c9fe255d-30ce-11ea-8b45-48f17f8d4d88', '', '', 'b565b481-30cd-11ea-8b45-48f17f8d4d88', NULL, 'Well Olive Oil 1lt', '', '62', '40', '1234567814', '', 1, NULL, 30, 7, '2020-01-06 23:52:09', 'b568016e-30cd-11ea-8b45-48f17f8d4d88', '2020-01-06 23:52:09', 'b568016e-30cd-11ea-8b45-48f17f8d4d88', 1),
('c9feb09a-30ce-11ea-8b45-48f17f8d4d88', '', '', 'b565b481-30cd-11ea-8b45-48f17f8d4d88', NULL, 'Moo', '', '23232', '323', '', '', 1, NULL, 30, 33, '2020-01-06 23:52:09', 'b568016e-30cd-11ea-8b45-48f17f8d4d88', '2020-01-06 23:52:09', 'b568016e-30cd-11ea-8b45-48f17f8d4d88', 1),
('c9ff7b0e-30ce-11ea-8b45-48f17f8d4d88', '', 'Service', 'b565b481-30cd-11ea-8b45-48f17f8d4d88', NULL, 'Business cards', '', '500', '0', '', '', 1, NULL, 7, 0, '2020-01-06 23:52:09', 'b568016e-30cd-11ea-8b45-48f17f8d4d88', '2020-01-06 23:52:09', 'b568016e-30cd-11ea-8b45-48f17f8d4d88', 1),
('ca002992-30ce-11ea-8b45-48f17f8d4d88', '', '', 'b565b481-30cd-11ea-8b45-48f17f8d4d88', NULL, 'Maboneng Brew', '', '0', '0', '', '', 1, NULL, 0, 0, '2020-01-06 23:52:09', 'b568016e-30cd-11ea-8b45-48f17f8d4d88', '2020-01-06 23:52:09', 'b568016e-30cd-11ea-8b45-48f17f8d4d88', 1),
('ca00d557-30ce-11ea-8b45-48f17f8d4d88', '', '', 'b565b481-30cd-11ea-8b45-48f17f8d4d88', NULL, 'Shakas Rock 250 Ground ', '', '0', '0', '', '', 1, NULL, 0, 0, '2020-01-06 23:52:09', 'b568016e-30cd-11ea-8b45-48f17f8d4d88', '2020-01-06 23:52:09', 'b568016e-30cd-11ea-8b45-48f17f8d4d88', 1),
('ca018d9a-30ce-11ea-8b45-48f17f8d4d88', '', '', 'b565b481-30cd-11ea-8b45-48f17f8d4d88', NULL, 'Maboneng Brew 1kg Bean', '', '0', '0', '', '', 1, NULL, 0, 0, '2020-01-06 23:52:09', 'b568016e-30cd-11ea-8b45-48f17f8d4d88', '2020-01-06 23:52:09', 'b568016e-30cd-11ea-8b45-48f17f8d4d88', 1),
('ca022bcc-30ce-11ea-8b45-48f17f8d4d88', '', '', 'b565b481-30cd-11ea-8b45-48f17f8d4d88', NULL, 'cc2', '', '0', '0', '', '', 1, NULL, 0, 0, '2020-01-06 23:52:09', 'b568016e-30cd-11ea-8b45-48f17f8d4d88', '2020-01-06 23:52:09', 'b568016e-30cd-11ea-8b45-48f17f8d4d88', 1),
('ca02c3d6-30ce-11ea-8b45-48f17f8d4d88', '', '', 'b565b481-30cd-11ea-8b45-48f17f8d4d88', NULL, 'Noted t-shirt', '', '0', '0', '', '', 1, NULL, 0, 0, '2020-01-06 23:52:09', 'b568016e-30cd-11ea-8b45-48f17f8d4d88', '2020-01-06 23:52:09', 'b568016e-30cd-11ea-8b45-48f17f8d4d88', 1),
('ca035214-30ce-11ea-8b45-48f17f8d4d88', '', '', 'b565b481-30cd-11ea-8b45-48f17f8d4d88', NULL, 'BBS FI-R Wheel - 20x11.5 / 5x112 / 40mm Offset', '', '0', '0', '', '', 1, NULL, 0, 0, '2020-01-06 23:52:09', 'b568016e-30cd-11ea-8b45-48f17f8d4d88', '2020-01-06 23:52:09', 'b568016e-30cd-11ea-8b45-48f17f8d4d88', 1);
INSERT INTO `product` (`ProductId`, `BrandId`, `CatergoryId`, `CompanyId`, `SupplierId`, `Name`, `Description`, `UnitPrice`, `UnitCost`, `Code`, `SKU`, `TrackInventory`, `Shop`, `Quantity`, `LowStock`, `CreateDate`, `CreateUserId`, `ModifyDate`, `ModifyUserId`, `StatusId`) VALUES
('ca03f9dc-30ce-11ea-8b45-48f17f8d4d88', '', '', 'b565b481-30cd-11ea-8b45-48f17f8d4d88', NULL, 'Red chair ', '', '0', '0', '', '', 1, NULL, 0, 0, '2020-01-06 23:52:09', 'b568016e-30cd-11ea-8b45-48f17f8d4d88', '2020-01-06 23:52:09', 'b568016e-30cd-11ea-8b45-48f17f8d4d88', 1),
('ca049b13-30ce-11ea-8b45-48f17f8d4d88', '', '', 'b565b481-30cd-11ea-8b45-48f17f8d4d88', NULL, 'Marvel logo (Red)', '', '0', '0', '', '', 1, NULL, 0, 0, '2020-01-06 23:52:09', 'b568016e-30cd-11ea-8b45-48f17f8d4d88', '2020-01-06 23:52:09', 'b568016e-30cd-11ea-8b45-48f17f8d4d88', 1),
('ca05337a-30ce-11ea-8b45-48f17f8d4d88', '', '', 'b565b481-30cd-11ea-8b45-48f17f8d4d88', NULL, '2l Fanta', '', '0', '0', '', '', 1, NULL, 0, 0, '2020-01-06 23:52:09', 'b568016e-30cd-11ea-8b45-48f17f8d4d88', '2020-01-06 23:52:09', 'b568016e-30cd-11ea-8b45-48f17f8d4d88', 1),
('ca05c38a-30ce-11ea-8b45-48f17f8d4d88', '', '', 'b565b481-30cd-11ea-8b45-48f17f8d4d88', NULL, 'Long dress', '', '0', '0', '', '', 1, NULL, 0, 0, '2020-01-06 23:52:09', 'b568016e-30cd-11ea-8b45-48f17f8d4d88', '2020-01-06 23:52:09', 'b568016e-30cd-11ea-8b45-48f17f8d4d88', 1),
('ca0659f5-30ce-11ea-8b45-48f17f8d4d88', '', '', 'b565b481-30cd-11ea-8b45-48f17f8d4d88', NULL, 'cc', '', '0', '0', '', '', 1, NULL, 0, 0, '2020-01-06 23:52:09', 'b568016e-30cd-11ea-8b45-48f17f8d4d88', '2020-01-06 23:52:09', 'b568016e-30cd-11ea-8b45-48f17f8d4d88', 1),
('ca073ff9-30ce-11ea-8b45-48f17f8d4d88', '', '', 'b565b481-30cd-11ea-8b45-48f17f8d4d88', NULL, 'Freedom Brew 250g Bean', '', '0', '0', '', '', 1, NULL, 0, 0, '2020-01-06 23:52:09', 'b568016e-30cd-11ea-8b45-48f17f8d4d88', '2020-01-06 23:52:09', 'b568016e-30cd-11ea-8b45-48f17f8d4d88', 1),
('ca07e482-30ce-11ea-8b45-48f17f8d4d88', '', '', 'b565b481-30cd-11ea-8b45-48f17f8d4d88', NULL, 'Monate Decaf 250g Bean Flavoured', '', '0', '0', '', '', 1, NULL, 0, 0, '2020-01-06 23:52:09', 'b568016e-30cd-11ea-8b45-48f17f8d4d88', '2020-01-06 23:52:09', 'b568016e-30cd-11ea-8b45-48f17f8d4d88', 1),
('ca0879cf-30ce-11ea-8b45-48f17f8d4d88', '', '', 'b565b481-30cd-11ea-8b45-48f17f8d4d88', NULL, '1 Family Insurance', '', '0', '0', '', '', 1, NULL, 0, 0, '2020-01-06 23:52:09', 'b568016e-30cd-11ea-8b45-48f17f8d4d88', '2020-01-06 23:52:09', 'b568016e-30cd-11ea-8b45-48f17f8d4d88', 1),
('ca090cc9-30ce-11ea-8b45-48f17f8d4d88', '', '', 'b565b481-30cd-11ea-8b45-48f17f8d4d88', NULL, 'Rotray ', '', '0', '0', '', '', 1, NULL, 0, 0, '2020-01-06 23:52:09', 'b568016e-30cd-11ea-8b45-48f17f8d4d88', '2020-01-06 23:52:09', 'b568016e-30cd-11ea-8b45-48f17f8d4d88', 1),
('ca09bacc-30ce-11ea-8b45-48f17f8d4d88', '', '', 'b565b481-30cd-11ea-8b45-48f17f8d4d88', NULL, 'Tshirt', '', '0', '0', '', '', 1, NULL, 0, 0, '2020-01-06 23:52:09', 'b568016e-30cd-11ea-8b45-48f17f8d4d88', '2020-01-06 23:52:09', 'b568016e-30cd-11ea-8b45-48f17f8d4d88', 1),
('ca0a5cc8-30ce-11ea-8b45-48f17f8d4d88', '', '', 'b565b481-30cd-11ea-8b45-48f17f8d4d88', NULL, 'Dunlop ', '', '0', '0', '', '', 1, NULL, 0, 0, '2020-01-06 23:52:09', 'b568016e-30cd-11ea-8b45-48f17f8d4d88', '2020-01-06 23:52:09', 'b568016e-30cd-11ea-8b45-48f17f8d4d88', 1),
('ca0b051e-30ce-11ea-8b45-48f17f8d4d88', '', '', 'b565b481-30cd-11ea-8b45-48f17f8d4d88', NULL, 'ndutest24', '', '0', '0', '', '', 1, NULL, 0, 0, '2020-01-06 23:52:09', 'b568016e-30cd-11ea-8b45-48f17f8d4d88', '2020-01-06 23:52:09', 'b568016e-30cd-11ea-8b45-48f17f8d4d88', 1),
('ca0be59a-30ce-11ea-8b45-48f17f8d4d88', '', '', 'b565b481-30cd-11ea-8b45-48f17f8d4d88', NULL, 'LEGACY', '', '0', '0', '', '', 1, NULL, 0, 0, '2020-01-06 23:52:09', 'b568016e-30cd-11ea-8b45-48f17f8d4d88', '2020-01-06 23:52:09', 'b568016e-30cd-11ea-8b45-48f17f8d4d88', 1),
('ca0c9cf3-30ce-11ea-8b45-48f17f8d4d88', '', '', 'b565b481-30cd-11ea-8b45-48f17f8d4d88', NULL, 'mayonnaise', '', '0', '0', '', '', 1, NULL, 0, 0, '2020-01-06 23:52:09', 'b568016e-30cd-11ea-8b45-48f17f8d4d88', '2020-01-06 23:52:09', 'b568016e-30cd-11ea-8b45-48f17f8d4d88', 1),
('cb435b3c-02ed-11ea-bc5e-363532eb0721', 'c39af95e-02cb-11ea-91af-363532eb0721', '549a1ea5-02df-11ea-bc5e-363532eb0721', '0c89e134-02ca-11ea-91af-363532eb0721', NULL, 'Loxion Kofi 250g Ground ', ' ', '85', '0', '', 'MAB01-1-1-1-2', 1, NULL, 7, 3, '2019-11-09 14:38:12', '0c8c1818-02ca-11ea-91af-363532eb0721', '2019-11-18 07:31:23', '0c8c1818-02ca-11ea-91af-363532eb0721', 1),
('cc39e692-2fb0-11ea-8be9-48f17f8d4d88', '', '', 'ea6c6f96-2faf-11ea-8be9-48f17f8d4d88', NULL, 'Dashboard design', ' ', '15000', '0', '', 'na', 1, NULL, 8, 0, '2020-01-05 13:44:57', 'ea6f3106-2faf-11ea-8be9-48f17f8d4d88', '2020-01-05 20:34:28', 'ea6f3106-2faf-11ea-8be9-48f17f8d4d88', 1),
('cd71df61-02e5-11ea-bc5e-363532eb0721', 'c39af95e-02cb-11ea-91af-363532eb0721', 'bb28d608-02e1-11ea-bc5e-363532eb0721', '0c89e134-02ca-11ea-91af-363532eb0721', NULL, 'Living The LEGACY 250g Ground', ' ', '85', '0', '', 'MAB01-1', 1, NULL, 8, 3, '2019-11-09 13:41:00', '0c8c1818-02ca-11ea-91af-363532eb0721', '2019-11-09 13:41:00', '0c8c1818-02ca-11ea-91af-363532eb0721', 1),
('cdd86351-e366-11e9-bc5d-0050569fd205', '', '', 'c753fd7b-e363-11e9-bc5d-0050569fd205', NULL, 'Coffee beans ', ' Coffee beans', '1', '1', '1233', 'BN123', 1, NULL, 20, 5, '2019-09-30 11:43:49', 'b4a32eea-e35b-11e9-bc5d-0050569fd205', '2019-09-30 11:47:40', 'b4a32eea-e35b-11e9-bc5d-0050569fd205', 1),
('d060ca79-02e8-11ea-bc5e-363532eb0721', 'c39af95e-02cb-11ea-91af-363532eb0721', '716d5a86-02df-11ea-bc5e-363532eb0721', '0c89e134-02ca-11ea-91af-363532eb0721', NULL, 'Monate Decaf 250g Ground Non-Flavoured', ' ', '115', '0', '', 'na', 1, NULL, 10, 3, '2019-11-09 14:02:33', '0c8c1818-02ca-11ea-91af-363532eb0721', '2019-11-09 14:02:33', '0c8c1818-02ca-11ea-91af-363532eb0721', 1),
('d142a93c-d71b-11e9-a568-c8f7501047dc', 'a0549079-d71b-11e9-a568-c8f7501047dc', 'b3150f0b-d71b-11e9-a568-c8f7501047dc', '94c5b3cf-d170-11e9-b97c-48f17f8d4d88', NULL, 'Clover Fresh Full Cream Milk - 1L', 'Turbo charged twin turbo', '15', '9', '123456785978', '12345784', 1, NULL, 99, 10, '2019-09-14 20:16:48', '81de5b36-d170-11e9-b97c-48f17f8d4d88', '2020-01-20 16:49:29', '81de5b36-d170-11e9-b97c-48f17f8d4d88', 1),
('d15128fa-f63c-11e9-987f-363532eb0721', '', '', '9b8ea912-e518-11e9-bc5d-0050569fd205', NULL, '3d Table', ' ', '609', '300', '', 'na', 1, NULL, 18, 5, '2019-10-24 11:01:08', '41f977a7-e518-11e9-bc5d-0050569fd205', '2019-10-24 19:54:49', '41f977a7-e518-11e9-bc5d-0050569fd205', 1),
('d34d0b79-f62b-11e9-987f-363532eb0721', '', '', '9b8ea912-e518-11e9-bc5d-0050569fd205', NULL, 'ndutest24', ' ', '500', '280', '', 'na', 1, NULL, 8, 0, '2019-10-24 08:59:30', '41f977a7-e518-11e9-bc5d-0050569fd205', '2019-10-29 20:17:54', '41f977a7-e518-11e9-bc5d-0050569fd205', 1),
('d4cd04d5-e46f-11e9-bc5d-0050569fd205', '6983b8cd-e46f-11e9-bc5d-0050569fd205', 'cc54bfc5-e46f-11e9-bc5d-0050569fd205', '12cf03f6-e46f-11e9-bc5d-0050569fd205', NULL, 'RS-X Reinvention Sneakers', ' ', '1800', '1200', '', ' RXS-01', 1, NULL, 98, 30, '2019-10-01 19:20:57', 'c3758771-e46e-11e9-bc5d-0050569fd205', '2019-10-01 19:21:53', 'c3758771-e46e-11e9-bc5d-0050569fd205', 1),
('d6b01266-e159-11e9-9302-48f17f8d4d88', 'c57b6b5d-e159-11e9-9302-48f17f8d4d88', 'd06f91a1-e159-11e9-9302-48f17f8d4d88', '94c5b3cf-d170-11e9-b97c-48f17f8d4d88', NULL, 'Vaseline', ' ', '12', '8', '15454 4545 4545', '#v123', 1, NULL, 5, 0, '2019-09-27 21:05:58', '81de5b36-d170-11e9-b97c-48f17f8d4d88', '2020-01-19 15:50:52', '81de5b36-d170-11e9-b97c-48f17f8d4d88', 1),
('dd0543c6-e51b-11e9-bc5d-0050569fd205', '5c67df71-e519-11e9-bc5d-0050569fd205', '99558bcf-e519-11e9-bc5d-0050569fd205', '9b8ea912-e518-11e9-bc5d-0050569fd205', NULL, 'CONTINENTAL', ' 205/55R16', '1200', '1000', '1111111', 'CCR16', 1, NULL, 2, 5, '2019-10-02 15:52:24', '41f977a7-e518-11e9-bc5d-0050569fd205', '2019-10-15 23:04:01', '41f977a7-e518-11e9-bc5d-0050569fd205', 1),
('dd5d9f0c-3c3c-11ea-9fda-48f17f8d4d88', '', '', '94c5b3cf-d170-11e9-b97c-48f17f8d4d88', NULL, 'Gold Lather Jacket', ' ', '1200', '800', '6001038071554', '', NULL, NULL, 90, 10, '2020-01-21 12:57:49', '81de5b36-d170-11e9-b97c-48f17f8d4d88', '2020-02-17 21:13:50', '81de5b36-d170-11e9-b97c-48f17f8d4d88', 1),
('e33f137a-e515-11e9-bc5d-0050569fd205', '', '94faad66-e514-11e9-bc5d-0050569fd205', '23b82588-e370-11e9-bc5d-0050569fd205', NULL, 'DLICATE DE TOREN', 'DLICATE-DE TOREN', '130', '55', ' ', 'DDT101', 1, NULL, 41, 10, '2019-10-02 15:09:38', 'c57c153d-e36e-11e9-bc5d-0050569fd205', '2019-12-11 08:49:06', 'c57c153d-e36e-11e9-bc5d-0050569fd205', 1),
('e50976e6-f592-11e9-987f-363532eb0721', '', '', '9b8ea912-e518-11e9-bc5d-0050569fd205', NULL, 'test new1', ' ', '5000', '4500', '', 'na', 1, NULL, 10, 5, '2019-10-23 14:44:46', '41f977a7-e518-11e9-bc5d-0050569fd205', '2019-10-23 14:44:46', '41f977a7-e518-11e9-bc5d-0050569fd205', 1),
('e7d5a7aa-02e6-11ea-bc5e-363532eb0721', 'c39af95e-02cb-11ea-91af-363532eb0721', '8ce57ffb-02e1-11ea-bc5e-363532eb0721', '0c89e134-02ca-11ea-91af-363532eb0721', NULL, 'Monate Decaf 250g Ground Flavored', ' ', '115', '0', '', 'na', 1, NULL, 0, 3, '2019-11-09 13:48:54', '0c8c1818-02ca-11ea-91af-363532eb0721', '2019-11-09 13:48:54', '0c8c1818-02ca-11ea-91af-363532eb0721', 1),
('ebd4e603-f5c5-11e9-987f-363532eb0721', '3f40c927-e5a8-11e9-bc5d-0050569fd205', '72f06087-e519-11e9-bc5d-0050569fd205', '9b8ea912-e518-11e9-bc5d-0050569fd205', NULL, 'cc2510', ' ', '11', '1', '', 'na', 1, NULL, 1, 1, '2019-10-23 20:50:02', '41f977a7-e518-11e9-bc5d-0050569fd205', '2019-10-23 20:50:02', '41f977a7-e518-11e9-bc5d-0050569fd205', 1),
('ef6cecb1-f62a-11e9-987f-363532eb0721', '', '', '9b8ea912-e518-11e9-bc5d-0050569fd205', NULL, 'ndutest24', ' ', '500', '280', '', 'na', 1, NULL, 10, 0, '2019-10-24 08:53:07', '41f977a7-e518-11e9-bc5d-0050569fd205', '2019-11-04 08:46:44', '41f977a7-e518-11e9-bc5d-0050569fd205', 1),
('efb7a14b-d739-11e9-a568-c8f7501047dc', '9f32cf78-d737-11e9-a568-c8f7501047dc', 'd5f42399-d737-11e9-a568-c8f7501047dc', '4523af94-d172-11e9-b97c-48f17f8d4d88', NULL, 'Spiderman Logo (Red)', 'Homecoming 2018 Merch', '500', '350', '12345678951', '12345678950', 1, NULL, 0, 0, '2019-09-14 23:52:24', 'ba6257ea-d307-11e9-a45b-0050569fd205', '2019-09-14 23:52:24', 'ba6257ea-d307-11e9-a45b-0050569fd205', 1),
('f55adf15-e29a-11e9-abbd-48f17f8d4d88', '', '', '94c5b3cf-d170-11e9-b97c-48f17f8d4d88', NULL, '500ml Peri peri source', 'Xtra hot Peri peri source', '32', '50', ' ', 'HSC', 1, NULL, 8, 5, '2019-09-29 11:24:38', '81de5b36-d170-11e9-b97c-48f17f8d4d88', '2020-01-21 14:34:02', '81de5b36-d170-11e9-b97c-48f17f8d4d88', 1),
('f74e9fc8-fedb-11e9-91af-363532eb0721', '', '', '9b8ea912-e518-11e9-bc5d-0050569fd205', NULL, 'Love ', ' ', '200', '10', '', 'na', 1, NULL, 10, NULL, '2019-11-04 10:20:31', '41f977a7-e518-11e9-bc5d-0050569fd205', '2019-11-04 10:37:59', '41f977a7-e518-11e9-bc5d-0050569fd205', 1),
('f7f77f35-dfbc-11e9-850f-48f17f8d4d88', '', 'd7145d3e-dfbc-11e9-850f-48f17f8d4d88', '94c5b3cf-d170-11e9-b97c-48f17f8d4d88', NULL, '2l coke', ' Swimwear', '25', '18', ' 5449000236371', '121212', 1, NULL, 0, 2, '2019-09-25 19:50:31', '81de5b36-d170-11e9-b97c-48f17f8d4d88', '2020-01-19 20:33:37', '81de5b36-d170-11e9-b97c-48f17f8d4d88', 1),
('f946aa0b-0090-11ea-91af-363532eb0721', '', '', '5048f837-f66c-11e9-987f-363532eb0721', NULL, 'JBL Charge 3 Portable Bluetooth Speaker, 20 W', ' ', '2200', '1600', '', 'na', 1, NULL, 10, NULL, '2019-11-06 14:28:44', '504b2c84-f66c-11e9-987f-363532eb0721', '2019-11-06 14:30:25', '504b2c84-f66c-11e9-987f-363532eb0721', 1),
('fce162b2-02ee-11ea-bc5e-363532eb0721', 'c39af95e-02cb-11ea-91af-363532eb0721', '549a1ea5-02df-11ea-bc5e-363532eb0721', '0c89e134-02ca-11ea-91af-363532eb0721', NULL, 'Soweto Taste 250g Bean ', ' ', '95', '0', '', 'na', 1, NULL, 3, 3, '2019-11-09 14:46:45', '0c8c1818-02ca-11ea-91af-363532eb0721', '2019-11-18 07:31:23', '0c8c1818-02ca-11ea-91af-363532eb0721', 1),
('ffa1cfe2-e2e1-11e9-bc5d-0050569fd205', '27dd4942-e2e1-11e9-bc5d-0050569fd205', 'f0305162-e2e1-11e9-bc5d-0050569fd205', '2d3aafa8-e2e0-11e9-bc5d-0050569fd205', NULL, 'zulu headband', ' ', '250', '100', '', 'H12', 1, NULL, 77, 25, '2019-09-29 19:53:09', '5506426f-e2e1-11e9-bc5d-0050569fd205', '2019-10-01 12:59:21', '5506426f-e2e1-11e9-bc5d-0050569fd205', 1);

-- --------------------------------------------------------

--
-- Table structure for table `product_attribute`
--

CREATE TABLE `product_attribute` (
  `Id` int(10) NOT NULL,
  `ProductId` varchar(225) NOT NULL,
  `AttributeId` varchar(225) NOT NULL,
  `AttributeValue` varchar(200) NOT NULL,
  `CreateDate` datetime NOT NULL DEFAULT current_timestamp(),
  `CreateUserId` varchar(225) NOT NULL,
  `ModifyDate` datetime NOT NULL DEFAULT current_timestamp(),
  `ModifyUserId` varchar(225) NOT NULL,
  `StatusId` int(11) NOT NULL
) ENGINE=InnoDB DEFAULT CHARSET=latin1;

-- --------------------------------------------------------

--
-- Table structure for table `product_item`
--

CREATE TABLE `product_item` (
  `Id` int(10) NOT NULL,
  `ProductId` varchar(225) NOT NULL,
  `Code` varchar(100) NOT NULL,
  `Scanned` int(1) NOT NULL,
  `CreateDate` datetime NOT NULL DEFAULT current_timestamp(),
  `CreateUserId` varchar(225) NOT NULL,
  `ModifyDate` datetime NOT NULL DEFAULT current_timestamp(),
  `ModifyUserId` varchar(225) NOT NULL,
  `StatusId` int(11) NOT NULL
) ENGINE=InnoDB DEFAULT CHARSET=latin1;

-- --------------------------------------------------------

--
-- Table structure for table `quotation`
--

CREATE TABLE `quotation` (
  `QuotationId` varchar(225) NOT NULL,
  `QuoteId` int(10) NOT NULL,
  `CompanyId` varchar(225) NOT NULL,
  `ParntersId` varchar(225) DEFAULT NULL,
  `OrderType` varchar(100) NOT NULL,
  `Total` decimal(10,0) NOT NULL,
  `Paid` decimal(10,0) DEFAULT 0,
  `Due` decimal(10,0) DEFAULT NULL,
  `ExpectedDate` text DEFAULT NULL,
  `CreateDate` datetime NOT NULL DEFAULT current_timestamp(),
  `CreateUserId` varchar(225) NOT NULL,
  `ModifyDate` datetime NOT NULL DEFAULT current_timestamp(),
  `ModifyUserId` varchar(225) NOT NULL,
  `Status` varchar(50) DEFAULT NULL,
  `StatusId` int(11) NOT NULL
) ENGINE=InnoDB DEFAULT CHARSET=latin1;

--
-- Dumping data for table `quotation`
--

INSERT INTO `quotation` (`QuotationId`, `QuoteId`, `CompanyId`, `ParntersId`, `OrderType`, `Total`, `Paid`, `Due`, `ExpectedDate`, `CreateDate`, `CreateUserId`, `ModifyDate`, `ModifyUserId`, `Status`, `StatusId`) VALUES
('d1408e02-337e-11ea-b286-48f17f8d4d88', 1, '94c5b3cf-d170-11e9-b97c-48f17f8d4d88', '8b4ec4bd-18e8-11ea-8276-48f17f8d4d88', 'Sell', '67', '0', '67', NULL, '2020-01-10 09:57:15', '81de5b36-d170-11e9-b97c-48f17f8d4d88', '2020-01-10 09:57:15', '81de5b36-d170-11e9-b97c-48f17f8d4d88', 'new', 1),
('f2195842-337e-11ea-b286-48f17f8d4d88', 2, '94c5b3cf-d170-11e9-b97c-48f17f8d4d88', '', 'Sell', '12', '0', '12', NULL, '2020-01-10 09:58:10', '81de5b36-d170-11e9-b97c-48f17f8d4d88', '2020-01-10 10:08:44', '81de5b36-d170-11e9-b97c-48f17f8d4d88', 'Invoiced', 2),
('05aa0a93-35d3-11ea-80cf-48f17f8d4d88', 3, '94c5b3cf-d170-11e9-b97c-48f17f8d4d88', '', 'Sell', '132', '0', '132', NULL, '2020-01-13 09:05:03', '81de5b36-d170-11e9-b97c-48f17f8d4d88', '2020-01-13 09:05:03', '81de5b36-d170-11e9-b97c-48f17f8d4d88', 'new', 1),
('2070bc77-369a-11ea-bd88-48f17f8d4d88', 4, '94c5b3cf-d170-11e9-b97c-48f17f8d4d88', '', 'Sell', '11', '0', '11', NULL, '2020-01-14 08:50:17', '81de5b36-d170-11e9-b97c-48f17f8d4d88', '2020-01-24 08:14:37', '81de5b36-d170-11e9-b97c-48f17f8d4d88', 'Invoiced', 2),
('b40d3fb2-38f3-11ea-926c-48f17f8d4d88', 5, 'f019c8c5-3292-11ea-b970-48f17f8d4d88', 'a09f0b35-379b-11ea-ba14-48f17f8d4d88', 'Sell', '600', '0', '600', NULL, '2020-01-17 08:36:33', 'f01d15d4-3292-11ea-b970-48f17f8d4d88', '2020-01-17 08:36:33', 'f01d15d4-3292-11ea-b970-48f17f8d4d88', 'new', 1),
('b140bfcc-395f-11ea-9d4d-48f17f8d4d88', 6, '94c5b3cf-d170-11e9-b97c-48f17f8d4d88', '', 'Sell', '47', '0', '47', NULL, '2020-01-17 21:29:34', '81de5b36-d170-11e9-b97c-48f17f8d4d88', '2020-01-17 21:29:34', '81de5b36-d170-11e9-b97c-48f17f8d4d88', 'new', 1),
('e3733289-3a35-11ea-952e-48f17f8d4d88', 7, '94c5b3cf-d170-11e9-b97c-48f17f8d4d88', '8b4ec4bd-18e8-11ea-8276-48f17f8d4d88', 'Sell', '1528', '0', '1528', NULL, '2020-01-18 23:02:51', '81de5b36-d170-11e9-b97c-48f17f8d4d88', '2020-01-18 23:02:51', '81de5b36-d170-11e9-b97c-48f17f8d4d88', 'new', 1),
('95a90246-3af5-11ea-be63-48f17f8d4d88', 8, '94c5b3cf-d170-11e9-b97c-48f17f8d4d88', '', 'Sell', '91', '0', '91', NULL, '2020-01-19 21:55:04', '81de5b36-d170-11e9-b97c-48f17f8d4d88', '2020-01-19 21:55:04', '81de5b36-d170-11e9-b97c-48f17f8d4d88', 'new', 1),
('15b373ac-3af6-11ea-be63-48f17f8d4d88', 9, '94c5b3cf-d170-11e9-b97c-48f17f8d4d88', 'bfd24e73-3a0d-11ea-9d4d-48f17f8d4d88', 'Sell', '134', '0', '134', NULL, '2020-01-19 21:58:38', '81de5b36-d170-11e9-b97c-48f17f8d4d88', '2020-01-19 21:58:38', '81de5b36-d170-11e9-b97c-48f17f8d4d88', 'new', 1),
('afda0335-3bc9-11ea-b9e2-48f17f8d4d88', 10, '94c5b3cf-d170-11e9-b97c-48f17f8d4d88', '8b4ec4bd-18e8-11ea-8276-48f17f8d4d88', 'Sell', '138', '0', '138', NULL, '2020-01-20 23:13:21', '81de5b36-d170-11e9-b97c-48f17f8d4d88', '2020-01-20 23:13:21', '81de5b36-d170-11e9-b97c-48f17f8d4d88', 'new', 1),
('a6505d7f-3c4a-11ea-9fda-48f17f8d4d88', 11, '94c5b3cf-d170-11e9-b97c-48f17f8d4d88', '3f853407-3c4a-11ea-9fda-48f17f8d4d88', 'Sell', '30', '0', '30', NULL, '2020-01-21 14:36:30', '81de5b36-d170-11e9-b97c-48f17f8d4d88', '2020-01-21 14:36:30', '81de5b36-d170-11e9-b97c-48f17f8d4d88', 'new', 1),
('a0a7cfb5-3c4b-11ea-9fda-48f17f8d4d88', 12, '94c5b3cf-d170-11e9-b97c-48f17f8d4d88', 'bfd24e73-3a0d-11ea-9d4d-48f17f8d4d88', 'Sell', '24', '0', '24', NULL, '2020-01-21 14:43:30', '81de5b36-d170-11e9-b97c-48f17f8d4d88', '2020-01-21 14:43:30', '81de5b36-d170-11e9-b97c-48f17f8d4d88', 'new', 1),
('b1433e32-3c4b-11ea-9fda-48f17f8d4d88', 13, '94c5b3cf-d170-11e9-b97c-48f17f8d4d88', '112da94a-0d3a-11ea-be49-48f17f8d4d88', 'Sell', '30', '0', '30', NULL, '2020-01-21 14:43:58', '81de5b36-d170-11e9-b97c-48f17f8d4d88', '2020-01-21 14:43:58', '81de5b36-d170-11e9-b97c-48f17f8d4d88', 'new', 1),
('d24ac3d0-3c4b-11ea-9fda-48f17f8d4d88', 14, '94c5b3cf-d170-11e9-b97c-48f17f8d4d88', '3f853407-3c4a-11ea-9fda-48f17f8d4d88', 'Sell', '60', '0', '60', NULL, '2020-01-21 14:44:53', '81de5b36-d170-11e9-b97c-48f17f8d4d88', '2020-02-05 07:43:14', '81de5b36-d170-11e9-b97c-48f17f8d4d88', 'Invoiced', 2);

-- --------------------------------------------------------

--
-- Table structure for table `quotation_products`
--

CREATE TABLE `quotation_products` (
  `Id` varchar(225) NOT NULL,
  `QuotationId` varchar(225) NOT NULL,
  `ProductId` varchar(225) NOT NULL,
  `CompanyId` varchar(225) DEFAULT NULL,
  `ProductName` text DEFAULT NULL,
  `UnitPrice` varchar(10) DEFAULT NULL,
  `Quantity` varchar(225) NOT NULL,
  `subTotal` varchar(10) NOT NULL,
  `CreateDate` datetime NOT NULL DEFAULT current_timestamp(),
  `CreateUserId` varchar(225) NOT NULL,
  `ModifyDate` datetime NOT NULL DEFAULT current_timestamp(),
  `ModifyUserId` varchar(225) NOT NULL,
  `StatusId` int(11) NOT NULL
) ENGINE=InnoDB DEFAULT CHARSET=latin1;

--
-- Dumping data for table `quotation_products`
--

INSERT INTO `quotation_products` (`Id`, `QuotationId`, `ProductId`, `CompanyId`, `ProductName`, `UnitPrice`, `Quantity`, `subTotal`, `CreateDate`, `CreateUserId`, `ModifyDate`, `ModifyUserId`, `StatusId`) VALUES
('15bfa821-3af6-11ea-be63-48f17f8d4d88', '15b373ac-3af6-11ea-be63-48f17f8d4d88', '05e2e137-31da-11ea-a404-48f17f8d4d88', NULL, 'Markers', '12.00', '2', '24.00', '2020-01-19 21:58:38', '81de5b36-d170-11e9-b97c-48f17f8d4d88', '2020-01-19 21:58:38', '81de5b36-d170-11e9-b97c-48f17f8d4d88', 1),
('15bfff5e-3af6-11ea-be63-48f17f8d4d88', '15b373ac-3af6-11ea-be63-48f17f8d4d88', '05e3b73d-31da-11ea-a404-48f17f8d4d88', NULL, 'Beef tray', '55.00', '2', '110.00', '2020-01-19 21:58:38', '81de5b36-d170-11e9-b97c-48f17f8d4d88', '2020-01-19 21:58:38', '81de5b36-d170-11e9-b97c-48f17f8d4d88', 1),
('20791b6e-369a-11ea-bd88-48f17f8d4d88', '2070bc77-369a-11ea-bd88-48f17f8d4d88', 'b099a62b-3697-11ea-bd88-48f17f8d4d88', NULL, 'test', '11', '1', '11', '2020-01-14 08:50:17', '81de5b36-d170-11e9-b97c-48f17f8d4d88', '2020-01-14 08:50:17', '81de5b36-d170-11e9-b97c-48f17f8d4d88', 1),
('95cc331c-3af5-11ea-be63-48f17f8d4d88', '95a90246-3af5-11ea-be63-48f17f8d4d88', '2bd1de61-3698-11ea-bd88-48f17f8d4d88', NULL, 'Nerderburg duet dry wine', '80.00', '1', '80.00', '2020-01-19 21:55:04', '81de5b36-d170-11e9-b97c-48f17f8d4d88', '2020-01-19 21:55:04', '81de5b36-d170-11e9-b97c-48f17f8d4d88', 1),
('95cd1d7b-3af5-11ea-be63-48f17f8d4d88', '95a90246-3af5-11ea-be63-48f17f8d4d88', 'b099a62b-3697-11ea-bd88-48f17f8d4d88', NULL, 'test', '10.88', '1', '10.88', '2020-01-19 21:55:04', '81de5b36-d170-11e9-b97c-48f17f8d4d88', '2020-01-19 21:55:04', '81de5b36-d170-11e9-b97c-48f17f8d4d88', 1),
('a65b30bd-3c4a-11ea-9fda-48f17f8d4d88', 'a6505d7f-3c4a-11ea-9fda-48f17f8d4d88', 'dd5d9f0c-3c3c-11ea-9fda-48f17f8d4d88', NULL, 'Aromatic', '18.00', '1', '18.00', '2020-01-21 14:36:30', '81de5b36-d170-11e9-b97c-48f17f8d4d88', '2020-01-21 14:36:30', '81de5b36-d170-11e9-b97c-48f17f8d4d88', 1),
('a65b771e-3c4a-11ea-9fda-48f17f8d4d88', 'a6505d7f-3c4a-11ea-9fda-48f17f8d4d88', '05e2e137-31da-11ea-a404-48f17f8d4d88', NULL, 'Markers', '12.00', '1', '12.00', '2020-01-21 14:36:30', '81de5b36-d170-11e9-b97c-48f17f8d4d88', '2020-01-21 14:36:30', '81de5b36-d170-11e9-b97c-48f17f8d4d88', 1),
('afe4711a-3bc9-11ea-b9e2-48f17f8d4d88', 'afda0335-3bc9-11ea-b9e2-48f17f8d4d88', '04c46765-3a30-11ea-952e-48f17f8d4d88', NULL, 'test sale rep', '50.00', '1', '50.00', '2020-01-20 23:13:21', '81de5b36-d170-11e9-b97c-48f17f8d4d88', '2020-01-20 23:13:21', '81de5b36-d170-11e9-b97c-48f17f8d4d88', 1),
('afe4aa1a-3bc9-11ea-b9e2-48f17f8d4d88', 'afda0335-3bc9-11ea-b9e2-48f17f8d4d88', 'b099a62b-3697-11ea-bd88-48f17f8d4d88', NULL, 'test', '10.88', '1', '10.88', '2020-01-20 23:13:21', '81de5b36-d170-11e9-b97c-48f17f8d4d88', '2020-01-20 23:13:21', '81de5b36-d170-11e9-b97c-48f17f8d4d88', 1),
('afe4ea48-3bc9-11ea-b9e2-48f17f8d4d88', 'afda0335-3bc9-11ea-b9e2-48f17f8d4d88', 'f55adf15-e29a-11e9-abbd-48f17f8d4d88', NULL, '500ml Peri peri source', '32.00', '1', '32.00', '2020-01-20 23:13:21', '81de5b36-d170-11e9-b97c-48f17f8d4d88', '2020-01-20 23:13:21', '81de5b36-d170-11e9-b97c-48f17f8d4d88', 1),
('afe51d19-3bc9-11ea-b9e2-48f17f8d4d88', 'afda0335-3bc9-11ea-b9e2-48f17f8d4d88', '2126dad9-df0a-11e9-a724-48f17f8d4d88', NULL, '2l Fanta', '25.00', '1', '25.00', '2020-01-20 23:13:21', '81de5b36-d170-11e9-b97c-48f17f8d4d88', '2020-01-20 23:13:21', '81de5b36-d170-11e9-b97c-48f17f8d4d88', 1),
('afe54c4d-3bc9-11ea-b9e2-48f17f8d4d88', 'afda0335-3bc9-11ea-b9e2-48f17f8d4d88', 'c13b768a-dedd-11e9-a724-48f17f8d4d88', NULL, 'Baked Bread', '20.00', '1', '20.00', '2020-01-20 23:13:21', '81de5b36-d170-11e9-b97c-48f17f8d4d88', '2020-01-20 23:13:21', '81de5b36-d170-11e9-b97c-48f17f8d4d88', 1),
('b14ce63a-395f-11ea-9d4d-48f17f8d4d88', 'b140bfcc-395f-11ea-9d4d-48f17f8d4d88', 'b099a62b-3697-11ea-bd88-48f17f8d4d88', NULL, 'test', '10.50', '1', '10.50', '2020-01-17 21:29:34', '81de5b36-d170-11e9-b97c-48f17f8d4d88', '2020-01-17 21:29:34', '81de5b36-d170-11e9-b97c-48f17f8d4d88', 1),
('b14d4011-395f-11ea-9d4d-48f17f8d4d88', 'b140bfcc-395f-11ea-9d4d-48f17f8d4d88', '05e2e137-31da-11ea-a404-48f17f8d4d88', NULL, 'Koo', '12.00', '3', '36.00', '2020-01-17 21:29:34', '81de5b36-d170-11e9-b97c-48f17f8d4d88', '2020-01-17 21:29:34', '81de5b36-d170-11e9-b97c-48f17f8d4d88', 1),
('b41f3670-38f3-11ea-926c-48f17f8d4d88', 'b40d3fb2-38f3-11ea-926c-48f17f8d4d88', '30949087-3293-11ea-b970-48f17f8d4d88', NULL, 'Plain tshirt', '150.00', '4', '600.00', '2020-01-17 08:36:33', 'f01d15d4-3292-11ea-b970-48f17f8d4d88', '2020-01-17 08:36:33', 'f01d15d4-3292-11ea-b970-48f17f8d4d88', 1),
('d149b2a2-337e-11ea-b286-48f17f8d4d88', 'd1408e02-337e-11ea-b286-48f17f8d4d88', '05e2e137-31da-11ea-a404-48f17f8d4d88', NULL, 'Koo', '12', '1', '12', '2020-01-10 09:57:15', '81de5b36-d170-11e9-b97c-48f17f8d4d88', '2020-01-10 09:57:15', '81de5b36-d170-11e9-b97c-48f17f8d4d88', 1),
('d14a48e8-337e-11ea-b286-48f17f8d4d88', 'd1408e02-337e-11ea-b286-48f17f8d4d88', '05e3b73d-31da-11ea-a404-48f17f8d4d88', NULL, 'Beef tray', '55', '1', '55', '2020-01-10 09:57:15', '81de5b36-d170-11e9-b97c-48f17f8d4d88', '2020-01-10 09:57:15', '81de5b36-d170-11e9-b97c-48f17f8d4d88', 1),
('d24b6481-3c4b-11ea-9fda-48f17f8d4d88', 'd24ac3d0-3c4b-11ea-9fda-48f17f8d4d88', 'dd5d9f0c-3c3c-11ea-9fda-48f17f8d4d88', NULL, 'Aromatic', '18.00', '2', '36.00', '2020-01-21 14:44:53', '81de5b36-d170-11e9-b97c-48f17f8d4d88', '2020-01-21 14:44:53', '81de5b36-d170-11e9-b97c-48f17f8d4d88', 1),
('d24ba61e-3c4b-11ea-9fda-48f17f8d4d88', 'd24ac3d0-3c4b-11ea-9fda-48f17f8d4d88', 'a9c4907e-317a-11ea-a404-48f17f8d4d88', NULL, 'Koo', '12.00', '2', '24.00', '2020-01-21 14:44:53', '81de5b36-d170-11e9-b97c-48f17f8d4d88', '2020-01-21 14:44:53', '81de5b36-d170-11e9-b97c-48f17f8d4d88', 1),
('e3819d3f-3a35-11ea-952e-48f17f8d4d88', 'e3733289-3a35-11ea-952e-48f17f8d4d88', '04c46765-3a30-11ea-952e-48f17f8d4d88', NULL, 'test sale rep', '50.00', '5', '250.00', '2020-01-18 23:02:51', '81de5b36-d170-11e9-b97c-48f17f8d4d88', '2020-01-18 23:02:51', '81de5b36-d170-11e9-b97c-48f17f8d4d88', 1),
('e381ef90-3a35-11ea-952e-48f17f8d4d88', 'e3733289-3a35-11ea-952e-48f17f8d4d88', '05e4ce65-31da-11ea-a404-48f17f8d4d88', NULL, 'prawn raw 5kg', '65.00', '14', '910.00', '2020-01-18 23:02:51', '81de5b36-d170-11e9-b97c-48f17f8d4d88', '2020-01-18 23:02:51', '81de5b36-d170-11e9-b97c-48f17f8d4d88', 1),
('e3825b3b-3a35-11ea-952e-48f17f8d4d88', 'e3733289-3a35-11ea-952e-48f17f8d4d88', '750faf6c-3154-11ea-a404-48f17f8d4d88', NULL, 'Koo', '12.00', '3', '36.00', '2020-01-18 23:02:51', '81de5b36-d170-11e9-b97c-48f17f8d4d88', '2020-01-18 23:02:51', '81de5b36-d170-11e9-b97c-48f17f8d4d88', 1),
('e382e48f-3a35-11ea-952e-48f17f8d4d88', 'e3733289-3a35-11ea-952e-48f17f8d4d88', 'a9c5b055-317a-11ea-a404-48f17f8d4d88', NULL, 'Beef tray', '55.00', '3', '165.00', '2020-01-18 23:02:51', '81de5b36-d170-11e9-b97c-48f17f8d4d88', '2020-01-18 23:02:51', '81de5b36-d170-11e9-b97c-48f17f8d4d88', 1),
('e383250a-3a35-11ea-952e-48f17f8d4d88', 'e3733289-3a35-11ea-952e-48f17f8d4d88', '05e447a5-31da-11ea-a404-48f17f8d4d88', NULL, 'Fish raw', '65.00', '1', '65.00', '2020-01-18 23:02:51', '81de5b36-d170-11e9-b97c-48f17f8d4d88', '2020-01-18 23:02:51', '81de5b36-d170-11e9-b97c-48f17f8d4d88', 1),
('e38358e9-3a35-11ea-952e-48f17f8d4d88', 'e3733289-3a35-11ea-952e-48f17f8d4d88', 'b099a62b-3697-11ea-bd88-48f17f8d4d88', NULL, 'test', '10.88', '1', '10.88', '2020-01-18 23:02:51', '81de5b36-d170-11e9-b97c-48f17f8d4d88', '2020-01-18 23:02:51', '81de5b36-d170-11e9-b97c-48f17f8d4d88', 1),
('e3838c47-3a35-11ea-952e-48f17f8d4d88', 'e3733289-3a35-11ea-952e-48f17f8d4d88', '05e3b73d-31da-11ea-a404-48f17f8d4d88', NULL, 'Beef tray', '55.00', '1', '55.00', '2020-01-18 23:02:51', '81de5b36-d170-11e9-b97c-48f17f8d4d88', '2020-01-18 23:02:51', '81de5b36-d170-11e9-b97c-48f17f8d4d88', 1),
('e383c8f5-3a35-11ea-952e-48f17f8d4d88', 'e3733289-3a35-11ea-952e-48f17f8d4d88', 'a9c4907e-317a-11ea-a404-48f17f8d4d88', NULL, 'Koo', '12.00', '1', '12.00', '2020-01-18 23:02:51', '81de5b36-d170-11e9-b97c-48f17f8d4d88', '2020-01-18 23:02:51', '81de5b36-d170-11e9-b97c-48f17f8d4d88', 1),
('e383ff8e-3a35-11ea-952e-48f17f8d4d88', 'e3733289-3a35-11ea-952e-48f17f8d4d88', '4c2f21df-3154-11ea-a404-48f17f8d4d88', NULL, 'Koo', '12.00', '1', '12.00', '2020-01-18 23:02:51', '81de5b36-d170-11e9-b97c-48f17f8d4d88', '2020-01-18 23:02:51', '81de5b36-d170-11e9-b97c-48f17f8d4d88', 1),
('e38432a6-3a35-11ea-952e-48f17f8d4d88', 'e3733289-3a35-11ea-952e-48f17f8d4d88', '05e2e137-31da-11ea-a404-48f17f8d4d88', NULL, 'Markers', '12.00', '1', '12.00', '2020-01-18 23:02:51', '81de5b36-d170-11e9-b97c-48f17f8d4d88', '2020-01-18 23:02:51', '81de5b36-d170-11e9-b97c-48f17f8d4d88', 1),
('f2271965-337e-11ea-b286-48f17f8d4d88', 'f2195842-337e-11ea-b286-48f17f8d4d88', '05e2e137-31da-11ea-a404-48f17f8d4d88', NULL, 'Koo', '12', '1', '12', '2020-01-10 09:58:10', '81de5b36-d170-11e9-b97c-48f17f8d4d88', '2020-01-10 09:58:10', '81de5b36-d170-11e9-b97c-48f17f8d4d88', 1);

-- --------------------------------------------------------

--
-- Table structure for table `roles`
--

CREATE TABLE `roles` (
  `RoleId` int(10) NOT NULL,
  `CompanyId` varchar(225) NOT NULL,
  `Name` varchar(100) NOT NULL,
  `CreateDate` datetime NOT NULL DEFAULT current_timestamp(),
  `CreateUserId` varchar(225) NOT NULL,
  `ModifyDate` datetime NOT NULL DEFAULT current_timestamp(),
  `ModifyUserId` varchar(225) NOT NULL,
  `StatusId` int(11) NOT NULL
) ENGINE=InnoDB DEFAULT CHARSET=latin1;

--
-- Dumping data for table `roles`
--

INSERT INTO `roles` (`RoleId`, `CompanyId`, `Name`, `CreateDate`, `CreateUserId`, `ModifyDate`, `ModifyUserId`, `StatusId`) VALUES
(1, '94c5b3cf-d170-11e9-b97c-48f17f8d4d88', 'Owner', '2019-09-07 15:12:32', 'sys', '2019-09-07 15:12:32', 'sys', 1),
(2, '94c5b3cf-d170-11e9-b97c-48f17f8d4d88', 'Manager', '2019-09-22 19:19:00', 'sys', '2019-09-22 19:19:00', 'sys', 1),
(3, '94c5b3cf-d170-11e9-b97c-48f17f8d4d88', 'Assistant ', '2019-09-24 17:07:22', '81de5b36-d170-11e9-b97c-48f17f8d4d88', '2019-09-24 17:07:22', '81de5b36-d170-11e9-b97c-48f17f8d4d88', 1),
(4, '2d3aafa8-e2e0-11e9-bc5d-0050569fd205', 'Caisher', '2019-10-01 13:01:05', '5506426f-e2e1-11e9-bc5d-0050569fd205', '2019-10-01 13:01:05', '5506426f-e2e1-11e9-bc5d-0050569fd205', 1),
(5, '23b82588-e370-11e9-bc5d-0050569fd205', 'Manager', '2019-10-01 16:28:05', 'c57c153d-e36e-11e9-bc5d-0050569fd205', '2019-10-01 16:28:05', 'c57c153d-e36e-11e9-bc5d-0050569fd205', 1),
(6, '23b82588-e370-11e9-bc5d-0050569fd205', 'Supervisor', '2019-10-01 16:31:32', 'c57c153d-e36e-11e9-bc5d-0050569fd205', '2019-10-01 16:31:32', 'c57c153d-e36e-11e9-bc5d-0050569fd205', 1),
(7, '9b8ea912-e518-11e9-bc5d-0050569fd205', 'Admin', '2019-10-02 15:39:30', '41f977a7-e518-11e9-bc5d-0050569fd205', '2019-10-02 15:39:30', '41f977a7-e518-11e9-bc5d-0050569fd205', 1),
(8, '9b8ea912-e518-11e9-bc5d-0050569fd205', 'Mechanic', '2019-10-02 15:39:50', '41f977a7-e518-11e9-bc5d-0050569fd205', '2019-10-02 15:39:50', '41f977a7-e518-11e9-bc5d-0050569fd205', 1),
(9, '4b1f410b-e523-11e9-bc5d-0050569fd205', 'Staff', '2019-10-02 22:44:45', '1154faf5-e523-11e9-bc5d-0050569fd205', '2019-10-02 22:44:45', '1154faf5-e523-11e9-bc5d-0050569fd205', 1),
(10, '41094864-f668-11e9-987f-363532eb0721', 'Owner', '2019-10-24 16:12:03', 'web', '2019-10-24 16:12:03', 'web', 1),
(11, '5461f5f7-f668-11e9-987f-363532eb0721', 'Owner', '2019-10-24 16:12:36', 'web', '2019-10-24 16:12:36', 'web', 1),
(12, '2a87e487-f66b-11e9-987f-363532eb0721', 'Owner', '2019-10-24 16:32:54', 'web', '2019-10-24 16:32:54', 'web', 1),
(13, '5048f837-f66c-11e9-987f-363532eb0721', 'Owner', '2019-10-24 16:41:07', 'web', '2019-10-24 16:41:07', 'web', 1),
(14, '30f96e3f-f978-11e9-987f-363532eb0721', 'Owner', '2019-10-28 13:43:42', 'web', '2019-10-28 13:43:42', 'web', 1),
(15, '4b1f410b-e523-11e9-bc5d-0050569fd205', 'Manager', '2019-11-01 23:07:04', '1154faf5-e523-11e9-bc5d-0050569fd205', '2019-11-01 23:07:04', '1154faf5-e523-11e9-bc5d-0050569fd205', 1),
(16, '0c852198-ffae-11e9-91af-363532eb0721', 'Owner', '2019-11-05 11:24:21', 'web', '2019-11-05 11:24:21', 'web', 1),
(17, '49a75007-fff0-11e9-91af-363532eb0721', 'Owner', '2019-11-05 19:18:30', 'web', '2019-11-05 19:18:30', 'web', 1),
(18, 'e81ad518-005b-11ea-91af-363532eb0721', 'Owner', '2019-11-06 08:08:52', 'web', '2019-11-06 08:08:52', 'web', 1),
(19, '159fe132-008b-11ea-91af-363532eb0721', 'Owner', '2019-11-06 13:46:35', 'web', '2019-11-06 13:46:35', 'web', 1),
(20, '3a458a6c-008b-11ea-91af-363532eb0721', 'Owner', '2019-11-06 13:47:36', 'web', '2019-11-06 13:47:36', 'web', 1),
(21, '0c89e134-02ca-11ea-91af-363532eb0721', 'Owner', '2019-11-09 10:22:20', 'web', '2019-11-09 10:22:20', 'web', 1),
(22, 'b5fdc28c-05e4-11ea-abc0-4ad9491261dd', 'Owner', '2019-11-13 09:10:45', 'web', '2019-11-13 09:10:45', 'web', 1),
(23, '94c5b3cf-d170-11e9-b97c-48f17f8d4d88', 'Cashier', '2019-12-07 14:27:31', 'ac1fc768-18ea-11ea-8276-48f17f8d4d88', '2019-12-07 14:27:31', 'ac1fc768-18ea-11ea-8276-48f17f8d4d88', 1),
(24, '42be6167-2fa9-11ea-8be9-48f17f8d4d88', 'Owner', '2020-01-05 12:51:00', 'web', '2020-01-05 12:51:00', 'web', 1),
(25, 'ea6c6f96-2faf-11ea-8be9-48f17f8d4d88', 'Owner', '2020-01-05 13:38:38', 'web', '2020-01-05 13:38:38', 'web', 1),
(26, '57c2fda6-2fc4-11ea-8be9-48f17f8d4d88', 'Owner', '2020-01-05 16:04:52', 'web', '2020-01-05 16:04:52', 'web', 1),
(27, '84e1b6d9-30b8-11ea-8b45-48f17f8d4d88', 'Owner', '2020-01-06 21:12:44', 'web', '2020-01-06 21:12:44', 'web', 1),
(28, 'b565b481-30cd-11ea-8b45-48f17f8d4d88', 'Owner', '2020-01-06 23:44:25', 'web', '2020-01-06 23:44:25', 'web', 1),
(29, '47de8a17-3290-11ea-b970-48f17f8d4d88', 'Owner', '2020-01-09 05:29:45', 'web', '2020-01-09 05:29:45', 'web', 1),
(30, 'f019c8c5-3292-11ea-b970-48f17f8d4d88', 'Owner', '2020-01-09 05:48:46', 'web', '2020-01-09 05:48:46', 'web', 1),
(31, 'f019c8c5-3292-11ea-b970-48f17f8d4d88', 'Staff', '2020-01-17 21:54:11', 'f01d15d4-3292-11ea-b970-48f17f8d4d88', '2020-01-17 21:54:11', 'f01d15d4-3292-11ea-b970-48f17f8d4d88', 1),
(32, '0daff1dd-47dc-11ea-b608-48f17f8d4d88', 'Owner', '2020-02-05 07:55:03', 'web', '2020-02-05 07:55:03', 'web', 1),
(33, 'e967061e-47dc-11ea-b608-48f17f8d4d88', 'Owner', '2020-02-05 08:01:12', 'web', '2020-02-05 08:01:12', 'web', 1),
(34, '0ce0bb91-6130-11ea-a2e3-48f17f8d4d88', 'Owner', '2020-03-08 13:29:19', 'web', '2020-03-08 13:29:19', 'web', 1);

-- --------------------------------------------------------

--
-- Table structure for table `role_permission`
--

CREATE TABLE `role_permission` (
  `Id` int(10) NOT NULL,
  `RoleId` int(10) NOT NULL,
  `PermissionId` varchar(225) NOT NULL,
  `CreateDate` datetime NOT NULL DEFAULT current_timestamp(),
  `CreateUserId` varchar(225) NOT NULL,
  `ModifyDate` datetime NOT NULL DEFAULT current_timestamp(),
  `ModifyUserId` varchar(225) NOT NULL,
  `StatusId` int(11) NOT NULL
) ENGINE=InnoDB DEFAULT CHARSET=latin1;

--
-- Dumping data for table `role_permission`
--

INSERT INTO `role_permission` (`Id`, `RoleId`, `PermissionId`, `CreateDate`, `CreateUserId`, `ModifyDate`, `ModifyUserId`, `StatusId`) VALUES
(1, 2, 'df160233-dca7-11e9-9da6-c8f7501047dc', '2019-09-22 19:13:16', 'sys', '2019-09-22 19:13:16', 'sys', 1),
(2, 2, '1265be58-dc8e-11e9-9da6-c8f7501047dc', '2019-09-22 19:21:33', 'sys', '2019-09-22 19:21:33', 'sys', 1),
(3, 2, '60dde6f1-dd5d-11e9-8ffb-c8f7501047dc', '2019-09-22 19:21:53', 'sys', '2019-09-22 19:21:53', 'sys', 1),
(4, 1, 'da59f011-dc8e-11e9-9da6-c8f7501047dc', '2019-09-22 19:22:18', 'sys', '2019-09-22 19:22:18', 'sys', 1),
(5, 1, '60dde6f1-dd5d-11e9-8ffb-c8f7501047dc', '2019-09-22 19:22:37', 'sys', '2019-09-22 19:22:37', 'sys', 1),
(6, 1, '1265be58-dc8e-11e9-9da6-c8f7501047dc', '2019-09-22 19:23:06', 'sys', '2019-09-22 19:23:06', 'sys', 1),
(7, 6, '05c678d6-e45a-11e9-bc5d-0050569fd205', '2019-10-06 17:31:16', 'c57c153d-e36e-11e9-bc5d-0050569fd205', '2019-10-06 17:31:16', 'c57c153d-e36e-11e9-bc5d-0050569fd205', 1),
(8, 5, '05c678d6-e45a-11e9-bc5d-0050569fd205', '2019-10-06 17:31:36', 'c57c153d-e36e-11e9-bc5d-0050569fd205', '2019-10-06 17:31:36', 'c57c153d-e36e-11e9-bc5d-0050569fd205', 1),
(9, 10, '410d2a1f-f668-11e9-987f-363532eb0721', '2019-10-24 16:12:04', 'web', '2019-10-24 16:12:04', 'web', 1),
(10, 11, '5462be21-f668-11e9-987f-363532eb0721', '2019-10-24 16:12:36', 'web', '2019-10-24 16:12:36', 'web', 1),
(11, 12, '2a88d75b-f66b-11e9-987f-363532eb0721', '2019-10-24 16:32:54', 'web', '2019-10-24 16:32:54', 'web', 1),
(12, 13, '504a54ff-f66c-11e9-987f-363532eb0721', '2019-10-24 16:41:07', 'web', '2019-10-24 16:41:07', 'web', 1),
(13, 14, '30fabf3b-f978-11e9-987f-363532eb0721', '2019-10-28 13:43:42', 'web', '2019-10-28 13:43:42', 'web', 1),
(14, 9, '3e892019-e55a-11e9-bc5d-0050569fd205', '2019-10-30 17:32:00', '1154faf5-e523-11e9-bc5d-0050569fd205', '2019-10-30 17:32:00', '1154faf5-e523-11e9-bc5d-0050569fd205', 1),
(15, 16, '0c863c82-ffae-11e9-91af-363532eb0721', '2019-11-05 11:24:21', 'web', '2019-11-05 11:24:21', 'web', 1),
(16, 17, '49a905a4-fff0-11e9-91af-363532eb0721', '2019-11-05 19:18:30', 'web', '2019-11-05 19:18:30', 'web', 1),
(17, 18, 'e81cd0d8-005b-11ea-91af-363532eb0721', '2019-11-06 08:08:52', 'web', '2019-11-06 08:08:52', 'web', 1),
(18, 19, '15a1d446-008b-11ea-91af-363532eb0721', '2019-11-06 13:46:35', 'web', '2019-11-06 13:46:35', 'web', 1),
(19, 20, '3a46a025-008b-11ea-91af-363532eb0721', '2019-11-06 13:47:36', 'web', '2019-11-06 13:47:36', 'web', 1),
(20, 21, '0c8b1873-02ca-11ea-91af-363532eb0721', '2019-11-09 10:22:20', 'web', '2019-11-09 10:22:20', 'web', 1),
(21, 22, 'b5fefde1-05e4-11ea-abc0-4ad9491261dd', '2019-11-13 09:10:45', 'web', '2019-11-13 09:10:45', 'web', 1),
(22, 23, '1265be58-dc8e-11e9-9da6-c8f7501047dc', '2019-12-07 14:27:42', 'ac1fc768-18ea-11ea-8276-48f17f8d4d88', '2019-12-07 14:27:42', 'ac1fc768-18ea-11ea-8276-48f17f8d4d88', 1),
(23, 24, '42bf18b2-2fa9-11ea-8be9-48f17f8d4d88', '2020-01-05 12:51:00', 'web', '2020-01-05 12:51:00', 'web', 1),
(24, 25, 'ea6e102c-2faf-11ea-8be9-48f17f8d4d88', '2020-01-05 13:38:38', 'web', '2020-01-05 13:38:38', 'web', 1),
(25, 26, '57c4dacd-2fc4-11ea-8be9-48f17f8d4d88', '2020-01-05 16:04:52', 'web', '2020-01-05 16:04:52', 'web', 1),
(26, 27, '84e26f8d-30b8-11ea-8b45-48f17f8d4d88', '2020-01-06 21:12:44', 'web', '2020-01-06 21:12:44', 'web', 1),
(27, 28, 'b56702f0-30cd-11ea-8b45-48f17f8d4d88', '2020-01-06 23:44:25', 'web', '2020-01-06 23:44:25', 'web', 1),
(28, 29, '47e357f8-3290-11ea-b970-48f17f8d4d88', '2020-01-09 05:29:45', 'web', '2020-01-09 05:29:45', 'web', 1),
(29, 30, 'f01bb4a2-3292-11ea-b970-48f17f8d4d88', '2020-01-09 05:48:46', 'web', '2020-01-09 05:48:46', 'web', 1),
(30, 31, '2f396b0f-3963-11ea-9d4d-48f17f8d4d88', '2020-01-17 21:55:18', 'f01d15d4-3292-11ea-b970-48f17f8d4d88', '2020-01-17 21:55:18', 'f01d15d4-3292-11ea-b970-48f17f8d4d88', 1),
(31, 31, '39a2a498-3963-11ea-9d4d-48f17f8d4d88', '2020-01-17 21:55:24', 'f01d15d4-3292-11ea-b970-48f17f8d4d88', '2020-01-17 21:55:24', 'f01d15d4-3292-11ea-b970-48f17f8d4d88', 1),
(32, 32, '0db15dc3-47dc-11ea-b608-48f17f8d4d88', '2020-02-05 07:55:03', 'web', '2020-02-05 07:55:03', 'web', 1),
(33, 33, 'e968a29d-47dc-11ea-b608-48f17f8d4d88', '2020-02-05 08:01:12', 'web', '2020-02-05 08:01:12', 'web', 1),
(34, 34, '0ce19127-6130-11ea-a2e3-48f17f8d4d88', '2020-03-08 13:29:19', 'web', '2020-03-08 13:29:19', 'web', 1);

-- --------------------------------------------------------

--
-- Table structure for table `stores`
--

CREATE TABLE `stores` (
  `StoreId` varchar(225) NOT NULL,
  `Name` varchar(100) NOT NULL,
  `Address` varchar(100) NOT NULL,
  `TelephoneNumber` varchar(20) NOT NULL,
  `CompanyId` varchar(225) NOT NULL,
  `CreateDate` datetime NOT NULL DEFAULT current_timestamp(),
  `CreateUserId` varchar(225) NOT NULL,
  `ModifyDate` datetime NOT NULL DEFAULT current_timestamp(),
  `ModifyUserId` varchar(225) NOT NULL,
  `StatusId` int(11) NOT NULL
) ENGINE=InnoDB DEFAULT CHARSET=latin1;

--
-- Dumping data for table `stores`
--

INSERT INTO `stores` (`StoreId`, `Name`, `Address`, `TelephoneNumber`, `CompanyId`, `CreateDate`, `CreateUserId`, `ModifyDate`, `ModifyUserId`, `StatusId`) VALUES
('9a8252d4-dd5c-11e9-8ffb-c8f7501047dc', 'Ndu Systems Sandton', 'Sandton City, 2500', '011560054', '94c5b3cf-d170-11e9-b97c-48f17f8d4d88', '2019-09-22 19:15:34', 'sys', '2019-09-22 19:18:04', 'sys', 1),
('adb5d410-dd5c-11e9-8ffb-c8f7501047dc', 'Ndu Systems Durban', 'Umhlanga rocks, 3002', '011560054', '94c5b3cf-d170-11e9-b97c-48f17f8d4d88', '2019-09-22 19:16:06', 'sys', '2020-01-04 20:35:33', '81de5b36-d170-11e9-b97c-48f17f8d4d88', 1),
('6976f494-dedb-11e9-adb6-48f17f8d4d88', 'Ndu Systems Four ways mall all', 'William Nicol Dr &, Fourways Blvd, Fourways, Johannesburg, 2055', '0444545574', '94c5b3cf-d170-11e9-b97c-48f17f8d4d88', '2019-09-24 16:55:43', '81de5b36-d170-11e9-b97c-48f17f8d4d88', '2020-01-19 20:40:49', '81de5b36-d170-11e9-b97c-48f17f8d4d88', 1),
('72e79cd8-e09b-11e9-993f-48f17f8d4d88', 'AA', 'not set', '12', '94c5b3cf-d170-11e9-b97c-48f17f8d4d88', '2019-09-26 22:23:06', '81de5b36-d170-11e9-b97c-48f17f8d4d88', '2019-09-26 22:23:06', '81de5b36-d170-11e9-b97c-48f17f8d4d88', 1),
('1b91a3a6-e2e1-11e9-bc5d-0050569fd205', 'Tenji Bryanston', ' Main Rd Bryanston', '011887845', '2d3aafa8-e2e0-11e9-bc5d-0050569fd205', '2019-09-29 19:46:46', '97aec45d-e2df-11e9-bc5d-0050569fd205', '2019-09-29 19:46:46', '97aec45d-e2df-11e9-bc5d-0050569fd205', 1),
('f70fd20e-e363-11e9-bc5d-0050569fd205', 'Pivotal Group', 'Silver Point Bryanston', '0873105900', 'c753fd7b-e363-11e9-bc5d-0050569fd205', '2019-09-30 11:23:29', 'b4a32eea-e35b-11e9-bc5d-0050569fd205', '2019-09-30 11:23:29', 'b4a32eea-e35b-11e9-bc5d-0050569fd205', 1),
('3c171f59-e36f-11e9-bc5d-0050569fd205', 'MONATE COFFEE', 'Cedar Square Fourways ', '0115483300', 'n/a', '2019-09-30 12:44:10', 'c57c153d-e36e-11e9-bc5d-0050569fd205', '2019-09-30 12:44:10', 'c57c153d-e36e-11e9-bc5d-0050569fd205', 1),
('6253244a-e46f-11e9-bc5d-0050569fd205', 'Santon Branch', 'not set', '017878746554', '12cf03f6-e46f-11e9-bc5d-0050569fd205', '2019-10-01 19:17:45', 'c3758771-e46e-11e9-bc5d-0050569fd205', '2019-10-01 19:17:45', 'c3758771-e46e-11e9-bc5d-0050569fd205', 1),
('0fac83af-e517-11e9-bc5d-0050569fd205', 'Monate Coffee', 'ShopeNo133 Cedar Square, Cedar Rd, Fourways, Johannesburg, 2068,', '0115483300', '23b82588-e370-11e9-bc5d-0050569fd205', '2019-10-02 15:18:02', 'c57c153d-e36e-11e9-bc5d-0050569fd205', '2019-10-02 15:18:02', 'c57c153d-e36e-11e9-bc5d-0050569fd205', 1),
('25b2c0db-e519-11e9-bc5d-0050569fd205', 'GARDENS MALL BRANCH', 'SHOP177 BraFischer Road Randburg', '0736221118', '9b8ea912-e518-11e9-bc5d-0050569fd205', '2019-10-02 15:32:58', '41f977a7-e518-11e9-bc5d-0050569fd205', '2019-10-02 15:32:58', '41f977a7-e518-11e9-bc5d-0050569fd205', 1),
('3355424b-e555-11e9-bc5d-0050569fd205', 'Konvict Sandton', 'Sandton City, Konvict store', '01155468775', '4b1f410b-e523-11e9-bc5d-0050569fd205', '2019-10-02 22:42:50', '1154faf5-e523-11e9-bc5d-0050569fd205', '2019-10-02 22:42:50', '1154faf5-e523-11e9-bc5d-0050569fd205', 1),
('7edc9b1c-e5be-11e9-bc5d-0050569fd205', 'Power save ', 'not set', 'Not set ', '9b8ea912-e518-11e9-bc5d-0050569fd205', '2019-10-03 11:16:34', '41f977a7-e518-11e9-bc5d-0050569fd205', '2019-10-03 11:16:34', '41f977a7-e518-11e9-bc5d-0050569fd205', 1),
('ebc665ee-e6ac-11e9-bc5d-0050569fd205', 'Bryanston ', 'not set', '011727181', 'dfd5ee69-e6ac-11e9-bc5d-0050569fd205', '2019-10-04 15:43:17', 'bfb9480e-e6ac-11e9-bc5d-0050569fd205', '2019-10-04 15:43:17', 'bfb9480e-e6ac-11e9-bc5d-0050569fd205', 1);

-- --------------------------------------------------------

--
-- Table structure for table `support`
--

CREATE TABLE `support` (
  `SupportId` varchar(225) NOT NULL,
  `CompanyId` varchar(225) NOT NULL,
  `UserId` varchar(225) NOT NULL,
  `Subject` varchar(50) DEFAULT NULL,
  `Message` varchar(100) NOT NULL,
  `CallBack` tinyint(1) DEFAULT NULL,
  `CreateDate` datetime NOT NULL DEFAULT current_timestamp(),
  `CreateUserId` varchar(225) NOT NULL,
  `ModifyDate` datetime NOT NULL DEFAULT current_timestamp(),
  `ModifyUserId` varchar(225) NOT NULL,
  `StatusId` int(11) NOT NULL
) ENGINE=InnoDB DEFAULT CHARSET=latin1;

--
-- Dumping data for table `support`
--

INSERT INTO `support` (`SupportId`, `CompanyId`, `UserId`, `Subject`, `Message`, `CallBack`, `CreateDate`, `CreateUserId`, `ModifyDate`, `ModifyUserId`, `StatusId`) VALUES
('1d02c7d1-0210-11ea-91af-363532eb0721', '94c5b3cf-d170-11e9-b97c-48f17f8d4d88', '81de5b36-d170-11e9-b97c-48f17f8d4d88', 'Wrong info', 'Hi team, I get the wrong count after login.', 1, '2019-11-08 12:11:21', '81de5b36-d170-11e9-b97c-48f17f8d4d88', '2019-11-08 12:11:21', '81de5b36-d170-11e9-b97c-48f17f8d4d88', 1),
('2e763bbb-0212-11ea-91af-363532eb0721', '94c5b3cf-d170-11e9-b97c-48f17f8d4d88', '81de5b36-d170-11e9-b97c-48f17f8d4d88', 'Hey there', 'Hi team, I get the wrong count after login.d', 1, '2019-11-08 12:26:10', '81de5b36-d170-11e9-b97c-48f17f8d4d88', '2019-11-08 12:26:10', '81de5b36-d170-11e9-b97c-48f17f8d4d88', 1),
('5e5c615c-0211-11ea-91af-363532eb0721', '94c5b3cf-d170-11e9-b97c-48f17f8d4d88', '81de5b36-d170-11e9-b97c-48f17f8d4d88', 'e', 'ew', 0, '2019-11-08 12:20:20', '81de5b36-d170-11e9-b97c-48f17f8d4d88', '2019-11-08 12:20:20', '81de5b36-d170-11e9-b97c-48f17f8d4d88', 1),
('6c463f86-0761-11ea-bec8-4ad9491261dd', '0c89e134-02ca-11ea-91af-363532eb0721', '0c8c1818-02ca-11ea-91af-363532eb0721', 'Testing', 'Hellow testing ', 1, '2019-11-15 06:35:59', '0c8c1818-02ca-11ea-91af-363532eb0721', '2019-11-15 06:35:59', '0c8c1818-02ca-11ea-91af-363532eb0721', 1),
('8905b7cf-0307-11ea-bc5e-363532eb0721', '4b1f410b-e523-11e9-bc5d-0050569fd205', '1154faf5-e523-11e9-bc5d-0050569fd205', 'Response form is working ', 'This is a test from my phone', 1, '2019-11-09 17:42:28', '1154faf5-e523-11e9-bc5d-0050569fd205', '2019-11-09 17:42:28', '1154faf5-e523-11e9-bc5d-0050569fd205', 1),
('c44c18b9-0335-11ea-80c4-4ad9491261dd', '4b1f410b-e523-11e9-bc5d-0050569fd205', '1154faf5-e523-11e9-bc5d-0050569fd205', 'Sanity test', 'Sent from Inventory-io for Konvikt,', 1, '2019-11-09 23:13:24', '1154faf5-e523-11e9-bc5d-0050569fd205', '2019-11-09 23:13:24', '1154faf5-e523-11e9-bc5d-0050569fd205', 1);

-- --------------------------------------------------------

--
-- Table structure for table `users`
--

CREATE TABLE `users` (
  `UserId` varchar(225) NOT NULL,
  `Email` varchar(225) NOT NULL,
  `Name` varchar(100) NOT NULL,
  `Surname` varchar(100) NOT NULL,
  `CellphoneNumber` varchar(225) NOT NULL,
  `Password` varchar(25) NOT NULL,
  `CompanyId` varchar(225) DEFAULT NULL,
  `RoleId` int(10) DEFAULT NULL,
  `CreateDate` datetime NOT NULL DEFAULT current_timestamp(),
  `CreateUserId` varchar(225) NOT NULL,
  `ModifyDate` datetime NOT NULL DEFAULT current_timestamp(),
  `ModifyUserId` varchar(225) NOT NULL,
  `StatusId` int(11) NOT NULL
) ENGINE=InnoDB DEFAULT CHARSET=latin1;

--
-- Dumping data for table `users`
--

INSERT INTO `users` (`UserId`, `Email`, `Name`, `Surname`, `CellphoneNumber`, `Password`, `CompanyId`, `RoleId`, `CreateDate`, `CreateUserId`, `ModifyDate`, `ModifyUserId`, `StatusId`) VALUES
('03b5d4e1-2f20-11ea-99b8-48f17f8d4d88', 'mrnnmthembu@gmail.com', 'Mr NN', 'Mthembu', '0842529472', '1111', '94c5b3cf-d170-11e9-b97c-48f17f8d4d88', 2, '2020-01-04 20:28:33', '81de5b36-d170-11e9-b97c-48f17f8d4d88', '2020-01-04 20:28:33', '81de5b36-d170-11e9-b97c-48f17f8d4d88', 1),
('0c874339-ffae-11e9-91af-363532eb0721', 'ndumiso@gmail.com', 'John', '', '084545787', 'ndumiso@gmail.com', '0c852198-ffae-11e9-91af-363532eb0721', 16, '2019-11-05 11:24:21', 'web', '2019-11-05 11:24:21', 'web', 1),
('0c8c1818-02ca-11ea-91af-363532eb0721', 'tumi@monatecoffee.com', 'Tumi', 'Khobane', '0848060892', 'Password', '0c89e134-02ca-11ea-91af-363532eb0721', 21, '2019-11-09 10:22:20', 'web', '2019-11-09 10:22:20', 'web', 1),
('0ce27b7b-6130-11ea-a2e3-48f17f8d4d88', 'john@kitchen-hot.com', 'John', 'Doe', '', 'kitchen-hot.com', '0ce0bb91-6130-11ea-a2e3-48f17f8d4d88', 34, '2020-03-08 13:29:19', 'web', '2020-03-08 13:29:19', 'web', 1),
('0db225b5-47dc-11ea-b608-48f17f8d4d88', 'admin@zaloe.com', 'Ndumiso', '', '', 'Password1', '0daff1dd-47dc-11ea-b608-48f17f8d4d88', 32, '2020-02-05 07:55:03', 'web', '2020-02-05 07:55:03', 'web', 1),
('0e497316-e6a7-11e9-bc5d-0050569fd205', 'sthembelmkhize@gmail.com', 'Zamanie', '', '0817177350', 'Zamanie59', '31e21ef1-e6a7-11e9-bc5d-0050569fd205', NULL, '2019-10-04 15:01:18', 'web', '2019-10-04 15:02:18', 'web', 1),
('0e9afaa9-e8d2-11e9-bc5d-0050569fd205', 'tumik@prince.co', 'Tumi', 'Khobane', '0115483300', '1111', '23b82588-e370-11e9-bc5d-0050569fd205', NULL, '2019-10-07 09:14:09', 'c57c153d-e36e-11e9-bc5d-0050569fd205', '2019-10-07 09:14:09', 'c57c153d-e36e-11e9-bc5d-0050569fd205', 1),
('1154faf5-e523-11e9-bc5d-0050569fd205', 'ndu@live.com', 'nduduzo', '', '0746958064', '12345', '4b1f410b-e523-11e9-bc5d-0050569fd205', NULL, '2019-10-02 16:43:58', 'web', '2019-10-02 16:45:36', 'web', 1),
('15a3966e-008b-11ea-91af-363532eb0721', 'themba2@gmail.com', 'Themba', '', '01245545', 'themba2@gmail.com', '159fe132-008b-11ea-91af-363532eb0721', 19, '2019-11-06 13:46:35', 'web', '2019-11-06 13:46:35', 'web', 1),
('17d29327-e486-11e9-bc5d-0050569fd205', 'zamokuhleh4@gmail.com', 'zamokuhle', '', '0633326548', 'title12', '3ff37466-e486-11e9-bc5d-0050569fd205', NULL, '2019-10-01 22:00:18', 'web', '2019-10-01 22:01:26', 'web', 1),
('2a899557-f66b-11e9-987f-363532eb0721', 'free@twitter.co.za', 'Free', 'Khanyile', '0746958064 ', '12345', '2a87e487-f66b-11e9-987f-363532eb0721', 12, '2019-10-24 16:32:54', 'web', '2019-10-24 16:32:54', 'web', 1),
('2a983487-e8c3-11e9-bc5d-0050569fd205', 'lindo@noted.com', 'lindo', 'gabela', 'na', '12345', 'dfd5ee69-e6ac-11e9-bc5d-0050569fd205', NULL, '2019-10-07 07:27:34', 'bfb9480e-e6ac-11e9-bc5d-0050569fd205', '2019-10-07 11:16:32', 'bfb9480e-e6ac-11e9-bc5d-0050569fd205', 1),
('2e065d78-e6b2-11e9-bc5d-0050569fd205', 'lokshinlearning@gmail.com', 'samkelo', 'magoqo', '0826430926', 'Mbongeni281@', '6cf1f3f5-e6b2-11e9-bc5d-0050569fd205', NULL, '2019-10-04 16:20:56', 'web', '2019-10-04 16:22:42', 'web', 1),
('30fbbfbc-f978-11e9-987f-363532eb0721', 'petuniaza1@outlook.com', 'petunia', 'sibuyi', '0614723377', 'Petunia.77', '30f96e3f-f978-11e9-987f-363532eb0721', 14, '2019-10-28 13:43:42', 'web', '2019-10-28 13:43:42', 'web', 1),
('325b02d3-e43c-11e9-bc5d-0050569fd205', 'test@ndu.net', 'Test', '', '124545', 'test@ndu.net', 'ff4fe4de-e44b-11e9-bc5d-0050569fd205', NULL, '2019-10-01 13:11:20', 'web', '2019-10-01 15:04:27', 'web', 1),
('3a479066-008b-11ea-91af-363532eb0721', 'mxolisi@gmail.com', 'Mxolisi', '', '0763395833', '12345', '3a458a6c-008b-11ea-91af-363532eb0721', 20, '2019-11-06 13:47:36', 'web', '2019-11-06 13:47:36', 'web', 1),
('41f977a7-e518-11e9-bc5d-0050569fd205', 'citymag@mail.com', 'City', 'Mag', '0837735895', '12345', '9b8ea912-e518-11e9-bc5d-0050569fd205', NULL, '2019-10-02 15:26:36', 'web', '2019-10-02 15:29:06', 'web', 1),
('42bfaa8a-2fa9-11ea-8be9-48f17f8d4d88', 'info@zalou.co.za', 'Sibahle', '', '011 755 5547', '12345', '42be6167-2fa9-11ea-8be9-48f17f8d4d88', 24, '2020-01-05 12:51:00', 'web', '2020-01-05 12:51:00', 'web', 1),
('47e43de7-3290-11ea-b970-48f17f8d4d88', 'sizwe@sholding.co.za', 'Sizwe', '', '', 'sizwe@sholding.co.za', '47de8a17-3290-11ea-b970-48f17f8d4d88', 29, '2020-01-09 05:29:45', 'web', '2020-01-09 05:29:45', 'web', 1),
('48afb5fb-2f20-11ea-99b8-48f17f8d4d88', 'jau@gmail.com', 'Jabu', 'Khanyile', '075445451', '1111', '94c5b3cf-d170-11e9-b97c-48f17f8d4d88', 23, '2020-01-04 20:30:29', '81de5b36-d170-11e9-b97c-48f17f8d4d88', '2020-01-04 20:30:50', '81de5b36-d170-11e9-b97c-48f17f8d4d88', 1),
('49aa0dc7-fff0-11e9-91af-363532eb0721', 'sky@mail.com', 'Sky', 'Nzuza', '0746958064', '12345', '49a75007-fff0-11e9-91af-363532eb0721', 17, '2019-11-05 19:18:30', 'web', '2019-11-05 19:18:30', 'web', 1),
('4dbb4f45-e555-11e9-bc5d-0050569fd205', 'ndwandwe@gmail.com', 'Mmukeli', 'Ndwandwe', '071458745', '12345', '4b1f410b-e523-11e9-bc5d-0050569fd205', NULL, '2019-10-02 22:43:35', '1154faf5-e523-11e9-bc5d-0050569fd205', '2019-11-19 18:42:13', '1154faf5-e523-11e9-bc5d-0050569fd205', 1),
('504b2c84-f66c-11e9-987f-363532eb0721', 'enquiries.nyokabsup@mail.com', 'Nonkululeko', '', '0729647656', '201000728', '5048f837-f66c-11e9-987f-363532eb0721', 13, '2019-10-24 16:41:07', 'web', '2019-10-24 16:41:07', 'web', 1),
('54641011-f668-11e9-987f-363532eb0721', 'freedom.khanyile2@gmail.com', 'Freedom', 'Khanyile', '0746958064', '12345', '5461f5f7-f668-11e9-987f-363532eb0721', 11, '2019-10-24 16:12:36', 'web', '2019-10-24 16:12:36', 'web', 1),
('5506426f-e2e1-11e9-bc5d-0050569fd205', 'john@thenji.com', 'John ', 'Doe', '0824587874', '12345', '2d3aafa8-e2e0-11e9-bc5d-0050569fd205', NULL, '2019-09-29 19:48:23', '97aec45d-e2df-11e9-bc5d-0050569fd205', '2019-09-29 19:49:25', '97aec45d-e2df-11e9-bc5d-0050569fd205', 1),
('57c5f97d-2fc4-11ea-8be9-48f17f8d4d88', 'ndu@redcube.com', 'Ndumiso', '', '', 'ndu@redcube.com', '57c2fda6-2fc4-11ea-8be9-48f17f8d4d88', 26, '2020-01-05 16:04:52', 'web', '2020-01-05 16:04:52', 'web', 1),
('704bf544-e517-11e9-bc5d-0050569fd205', 'tumi@mail.com', 'Tumi ', 'Khobane', '0115483300', '12345', '23b82588-e370-11e9-bc5d-0050569fd205', NULL, '2019-10-02 15:20:44', 'c57c153d-e36e-11e9-bc5d-0050569fd205', '2019-10-07 13:21:36', 'c57c153d-e36e-11e9-bc5d-0050569fd205', 1),
('70648b1d-e47a-11e9-bc5d-0050569fd205', 'tanyankomontez2@gmail.com', 'Sibahle', '', '0731207109 ', '130796', 'ac9db3c5-e47a-11e9-bc5d-0050569fd205', NULL, '2019-10-01 20:36:53', 'web', '2019-10-01 20:38:34', 'web', 1),
('7667809a-e44d-11e9-bc5d-0050569fd205', 'test@test.test', 'test@test.test', '', 'test@test.test', 'test@test.test', '7e292e79-e44d-11e9-bc5d-0050569fd205', NULL, '2019-10-01 15:14:56', 'web', '2019-10-01 15:15:09', 'web', 1),
('7ecb1941-0788-11ea-bec8-4ad9491261dd', 'ndu@gmail.com', 'ndu', 'mthembu', '084252745', '1111', '0c89e134-02ca-11ea-91af-363532eb0721', 21, '2019-11-15 11:15:41', '0c8c1818-02ca-11ea-91af-363532eb0721', '2019-11-15 11:15:41', '0c8c1818-02ca-11ea-91af-363532eb0721', 1),
('7feffeff-e688-11e9-bc5d-0050569fd205', 'Hello@mulherswimwear.co.za', 'Petunia', 'Sibuyi', '0614723377 ', 'Petunia.77', '9a6037a0-e688-11e9-bc5d-0050569fd205', NULL, '2019-10-04 11:22:34', 'web', '2019-10-04 11:23:19', 'web', 1),
('8064e489-e909-11e9-bc5d-0050569fd205', 'freedom@mail.com', 'Freedom', 'Khanyile', '0746958064', '12345', '94c5b3cf-d170-11e9-b97c-48f17f8d4d88', NULL, '2019-10-07 15:51:02', '81de5b36-d170-11e9-b97c-48f17f8d4d88', '2019-10-07 15:51:51', '81de5b36-d170-11e9-b97c-48f17f8d4d88', 1),
('81de5b36-d170-11e9-b97c-48f17f8d4d88', 'ndu@mail.com', 'Ndumiso', '', '26784545', '12345', '94c5b3cf-d170-11e9-b97c-48f17f8d4d88', 1, '2019-09-07 15:07:58', 'web', '2019-09-27 23:24:09', 'web', 1),
('84e2fbdb-30b8-11ea-8b45-48f17f8d4d88', 'data@data.data', 'Data', '', '', 'data@data.data', '84e1b6d9-30b8-11ea-8b45-48f17f8d4d88', 27, '2020-01-06 21:12:44', 'web', '2020-01-06 21:12:44', 'web', 1),
('97aec45d-e2df-11e9-bc5d-0050569fd205', 'thenji@mail.com', 'Thenjiwe', 'Mlanga', '0785464545', '12345', '2d3aafa8-e2e0-11e9-bc5d-0050569fd205', NULL, '2019-09-29 19:35:56', 'web', '2019-09-29 19:40:07', 'web', 1),
('99ae6f3b-e8d3-11e9-bc5d-0050569fd205', 'mxolisip@gmail.com', 'Mxolisi', 'Ndlangamandla', '0746958064', '12345', '4b1f410b-e523-11e9-bc5d-0050569fd205', NULL, '2019-10-07 09:25:12', '1154faf5-e523-11e9-bc5d-0050569fd205', '2019-10-07 09:25:41', '1154faf5-e523-11e9-bc5d-0050569fd205', 1),
('9f675421-e517-11e9-bc5d-0050569fd205', 'mokati@mail.com', 'Mokati', 'Serobe ', '0115483300', '1111', '23b82588-e370-11e9-bc5d-0050569fd205', NULL, '2019-10-02 15:22:03', 'c57c153d-e36e-11e9-bc5d-0050569fd205', '2019-10-02 15:22:03', 'c57c153d-e36e-11e9-bc5d-0050569fd205', 1),
('abb86234-e8d1-11e9-bc5d-0050569fd205', 'tumik@monatecoffee.co.za', 'Tumi', 'Khobane', '0115483300', '1111', '23b82588-e370-11e9-bc5d-0050569fd205', NULL, '2019-10-07 09:11:23', 'c57c153d-e36e-11e9-bc5d-0050569fd205', '2019-10-07 09:11:23', 'c57c153d-e36e-11e9-bc5d-0050569fd205', 1),
('ac1fc768-18ea-11ea-8276-48f17f8d4d88', 'seddo@mail.com', 'Seddo', 'Jones', '05487878', '111111', '94c5b3cf-d170-11e9-b97c-48f17f8d4d88', 3, '2019-12-07 14:11:17', '81de5b36-d170-11e9-b97c-48f17f8d4d88', '2019-12-07 14:12:03', '81de5b36-d170-11e9-b97c-48f17f8d4d88', 1),
('b4a32eea-e35b-11e9-bc5d-0050569fd205', 'maria@mail.com', 'Maria', '', '0763246678', '12345', 'c753fd7b-e363-11e9-bc5d-0050569fd205', NULL, '2019-09-30 10:24:22', 'web', '2019-09-30 11:22:09', 'web', 1),
('b568016e-30cd-11ea-8b45-48f17f8d4d88', 'import@mail.com', 'import', '', '', 'import@mail.com', 'b565b481-30cd-11ea-8b45-48f17f8d4d88', 28, '2020-01-06 23:44:25', 'web', '2020-01-06 23:44:25', 'web', 1),
('b60027ed-05e4-11ea-abc0-4ad9491261dd', 'isithebeburial612@gmail.com', 'selby', '', '0733268826', '0324592843', 'b5fdc28c-05e4-11ea-abc0-4ad9491261dd', 22, '2019-11-13 09:10:45', 'web', '2019-11-13 09:10:45', 'web', 1),
('ba6257ea-d307-11e9-a45b-0050569fd205', 'freedom.khanyile1@gmail.com', 'Freedom', '', '0746958064', '1111', '4523af94-d172-11e9-b97c-48f17f8d4d88', NULL, '2019-09-09 15:42:55', 'web', '2019-09-09 15:42:55', 'web', 1),
('bfb9480e-e6ac-11e9-bc5d-0050569fd205', 'admin@noted.co.za', 'Admin', '', '084 252 9472 ', '12345', 'dfd5ee69-e6ac-11e9-bc5d-0050569fd205', NULL, '2019-10-04 15:42:03', 'web', '2019-10-04 15:42:58', 'web', 1),
('c3758771-e46e-11e9-bc5d-0050569fd205', 'thabani@mail.com', 'Thabani', '', '0279878781', 'thabani@mail.com', '12cf03f6-e46f-11e9-bc5d-0050569fd205', NULL, '2019-10-01 19:13:18', 'web', '2019-10-01 19:15:32', 'web', 1),
('c57c153d-e36e-11e9-bc5d-0050569fd205', 'prince@mail.com', 'Prince', 'Skhumbuzo', '0720117072', '12345', '23b82588-e370-11e9-bc5d-0050569fd205', NULL, '2019-09-30 12:40:51', 'web', '2019-09-30 12:50:38', 'web', 1),
('cd3cf692-e35d-11e9-bc5d-0050569fd205', 'kbnet@mail.com', 'KBNET', '', '1234577766', '12345', 'a8e9befd-e35e-11e9-bc5d-0050569fd205', NULL, '2019-09-30 10:39:22', 'web', '2019-09-30 10:45:31', 'web', 1),
('dfd1f43d-e44d-11e9-bc5d-0050569fd205', 'sa@sad.cooms', 'Sandile', '', '0245778', 'sa@sad.cooms', '', NULL, '2019-10-01 15:17:53', 'web', '2019-10-01 15:17:53', 'web', 1),
('e81df331-005b-11ea-91af-363532eb0721', 'channel@gmail.com', 'Channel', '', '0215778787', 'channel@gmail.com', 'e81ad518-005b-11ea-91af-363532eb0721', 18, '2019-11-06 08:08:52', 'web', '2019-11-06 08:08:52', 'web', 1),
('e9694a64-47dc-11ea-b608-48f17f8d4d88', 'ndu@zaloe.com', 'Ndumiso', '', '', 'ndu@zaloe.com', 'e967061e-47dc-11ea-b608-48f17f8d4d88', 33, '2020-02-05 08:01:12', 'web', '2020-02-05 08:01:12', 'web', 1),
('ea6f3106-2faf-11ea-8be9-48f17f8d4d88', 'ndumiso@ndu-systems.net', 'Ndumiso', '', '0842529472', 'ndumiso@ndu-systems.net', 'ea6c6f96-2faf-11ea-8be9-48f17f8d4d88', 25, '2020-01-05 13:38:38', 'web', '2020-01-05 13:38:38', 'web', 1),
('f01d15d4-3292-11ea-b970-48f17f8d4d88', 'siya@sholding.co.za', 'Siya', '', '', 'siya@sholding.co.za', 'f019c8c5-3292-11ea-b970-48f17f8d4d88', 30, '2020-01-09 05:48:46', 'web', '2020-01-09 05:48:46', 'web', 1),
('f80e8313-ea6f-11e9-91ab-0050569fd205', 'mxolisipn@gmail.com', 'Mxolisi', '', '0763395833', 'Password', '3743426f-ea70-11e9-91ab-0050569fd205', NULL, '2019-10-09 10:37:03', 'web', '2019-10-09 10:38:49', 'web', 1),
('fc3b79be-e161-11e9-9302-48f17f8d4d88', 'tebaza@mai.com', 'Tebza', '', '787878787', '6666', '', NULL, '2019-09-27 22:04:17', 'web', '2019-09-27 22:04:17', 'web', 1),
('fe045d55-dc80-11e9-84fb-c8f7501047dc', 'ndu.systems@gmail.com', 'Zwide', 'Nxumalo', '27746958064', '12345', NULL, NULL, '2019-09-21 17:03:38', 'web', '2019-09-21 17:03:38', 'web', 1),
('fe806151-e09b-11e9-993f-48f17f8d4d88', 'test@mail', 'Test', 'test', '713821321', '1111', '94c5b3cf-d170-11e9-b97c-48f17f8d4d88', NULL, '2019-09-26 22:27:00', '81de5b36-d170-11e9-b97c-48f17f8d4d88', '2019-09-26 22:27:00', '81de5b36-d170-11e9-b97c-48f17f8d4d88', 1),
('ffc8b900-e519-11e9-bc5d-0050569fd205', 'john@mail.com', 'John', 'Ibiyemi', '0837735895', '1111', '9b8ea912-e518-11e9-bc5d-0050569fd205', NULL, '2019-10-02 15:39:03', '41f977a7-e518-11e9-bc5d-0050569fd205', '2019-10-02 15:39:03', '41f977a7-e518-11e9-bc5d-0050569fd205', 1);

-- --------------------------------------------------------

--
-- Table structure for table `user_roles`
--

CREATE TABLE `user_roles` (
  `Id` int(11) NOT NULL,
  `UserId` varchar(225) NOT NULL,
  `RoleId` int(11) NOT NULL,
  `CreateDate` datetime NOT NULL DEFAULT current_timestamp(),
  `CreateUserId` varchar(225) NOT NULL,
  `ModifyDate` datetime NOT NULL DEFAULT current_timestamp(),
  `ModifyUserId` varchar(225) NOT NULL,
  `StatusId` int(11) NOT NULL
) ENGINE=InnoDB DEFAULT CHARSET=latin1;

--
-- Dumping data for table `user_roles`
--

INSERT INTO `user_roles` (`Id`, `UserId`, `RoleId`, `CreateDate`, `CreateUserId`, `ModifyDate`, `ModifyUserId`, `StatusId`) VALUES
(1, 'ba6257ea-d307-11e9-a45b-0050569fd205', 1, '2019-09-22 19:24:17', 'sys', '2019-09-22 19:24:17', 'sys', 1),
(2, '81de5b36-d170-11e9-b97c-48f17f8d4d88', 1, '2019-09-22 19:25:30', 'sys', '2019-09-22 19:25:30', 'sys', 1),
(3, '81de5b36-d170-11e9-b97c-48f17f8d4d88', 2, '2019-09-22 19:46:26', 'sys', '2019-09-22 19:46:26', 'sys', 1);

-- --------------------------------------------------------

--
-- Table structure for table `user_store`
--

CREATE TABLE `user_store` (
  `Id` int(10) NOT NULL,
  `UserId` varchar(225) NOT NULL,
  `StoreId` varchar(225) NOT NULL,
  `CreateDate` datetime NOT NULL DEFAULT current_timestamp(),
  `CreateUserId` varchar(225) NOT NULL,
  `ModifyDate` datetime NOT NULL DEFAULT current_timestamp(),
  `ModifyUserId` varchar(225) NOT NULL,
  `StatusId` int(11) NOT NULL
) ENGINE=InnoDB DEFAULT CHARSET=latin1;

--
-- Dumping data for table `user_store`
--

INSERT INTO `user_store` (`Id`, `UserId`, `StoreId`, `CreateDate`, `CreateUserId`, `ModifyDate`, `ModifyUserId`, `StatusId`) VALUES
(1, 'ba6257ea-d307-11e9-a45b-0050569fd205', '9a8252d4-dd5c-11e9-8ffb-c8f7501047dc', '2019-09-22 19:29:58', 'sys', '2019-09-22 19:29:58', 'sys', 1),
(2, '81de5b36-d170-11e9-b97c-48f17f8d4d88', '9a8252d4-dd5c-11e9-8ffb-c8f7501047dc', '2019-09-22 19:31:25', 'sys', '2019-09-22 19:31:25', 'sys', 1);

--
-- Indexes for dumped tables
--

--
-- Indexes for table `attribute_item`
--
ALTER TABLE `attribute_item`
  ADD PRIMARY KEY (`Id`);

--
-- Indexes for table `brand`
--
ALTER TABLE `brand`
  ADD PRIMARY KEY (`BrandId`);

--
-- Indexes for table `catergory`
--
ALTER TABLE `catergory`
  ADD PRIMARY KEY (`CatergoryId`);

--
-- Indexes for table `company`
--
ALTER TABLE `company`
  ADD PRIMARY KEY (`CompanyId`);

--
-- Indexes for table `config`
--
ALTER TABLE `config`
  ADD PRIMARY KEY (`ConfigId`);

--
-- Indexes for table `image`
--
ALTER TABLE `image`
  ADD PRIMARY KEY (`ImageId`);

--
-- Indexes for table `orders`
--
ALTER TABLE `orders`
  ADD PRIMARY KEY (`OrderId`);

--
-- Indexes for table `order_options`
--
ALTER TABLE `order_options`
  ADD PRIMARY KEY (`Id`);

--
-- Indexes for table `order_products`
--
ALTER TABLE `order_products`
  ADD PRIMARY KEY (`Id`);

--
-- Indexes for table `partner`
--
ALTER TABLE `partner`
  ADD PRIMARY KEY (`PartnerId`);

--
-- Indexes for table `permision_actions`
--
ALTER TABLE `permision_actions`
  ADD PRIMARY KEY (`Id`);

--
-- Indexes for table `permissions`
--
ALTER TABLE `permissions`
  ADD PRIMARY KEY (`PermissionId`);

--
-- Indexes for table `product`
--
ALTER TABLE `product`
  ADD PRIMARY KEY (`ProductId`);

--
-- Indexes for table `product_attribute`
--
ALTER TABLE `product_attribute`
  ADD PRIMARY KEY (`Id`);

--
-- Indexes for table `product_item`
--
ALTER TABLE `product_item`
  ADD PRIMARY KEY (`Id`);

--
-- Indexes for table `quotation`
--
ALTER TABLE `quotation`
  ADD PRIMARY KEY (`QuoteId`);

--
-- Indexes for table `quotation_products`
--
ALTER TABLE `quotation_products`
  ADD PRIMARY KEY (`Id`);

--
-- Indexes for table `roles`
--
ALTER TABLE `roles`
  ADD PRIMARY KEY (`RoleId`);

--
-- Indexes for table `role_permission`
--
ALTER TABLE `role_permission`
  ADD PRIMARY KEY (`Id`);

--
-- Indexes for table `support`
--
ALTER TABLE `support`
  ADD PRIMARY KEY (`SupportId`);

--
-- Indexes for table `users`
--
ALTER TABLE `users`
  ADD PRIMARY KEY (`UserId`);

--
-- Indexes for table `user_roles`
--
ALTER TABLE `user_roles`
  ADD PRIMARY KEY (`Id`);

--
-- Indexes for table `user_store`
--
ALTER TABLE `user_store`
  ADD PRIMARY KEY (`Id`);

--
-- AUTO_INCREMENT for dumped tables
--

--
-- AUTO_INCREMENT for table `attribute_item`
--
ALTER TABLE `attribute_item`
  MODIFY `Id` int(11) NOT NULL AUTO_INCREMENT, AUTO_INCREMENT=57;

--
-- AUTO_INCREMENT for table `orders`
--
ALTER TABLE `orders`
  MODIFY `OrderId` int(10) NOT NULL AUTO_INCREMENT, AUTO_INCREMENT=139;

--
-- AUTO_INCREMENT for table `order_options`
--
ALTER TABLE `order_options`
  MODIFY `Id` int(10) NOT NULL AUTO_INCREMENT, AUTO_INCREMENT=6;

--
-- AUTO_INCREMENT for table `product_attribute`
--
ALTER TABLE `product_attribute`
  MODIFY `Id` int(10) NOT NULL AUTO_INCREMENT;

--
-- AUTO_INCREMENT for table `product_item`
--
ALTER TABLE `product_item`
  MODIFY `Id` int(10) NOT NULL AUTO_INCREMENT;

--
-- AUTO_INCREMENT for table `quotation`
--
ALTER TABLE `quotation`
  MODIFY `QuoteId` int(10) NOT NULL AUTO_INCREMENT, AUTO_INCREMENT=15;

--
-- AUTO_INCREMENT for table `roles`
--
ALTER TABLE `roles`
  MODIFY `RoleId` int(10) NOT NULL AUTO_INCREMENT, AUTO_INCREMENT=35;

--
-- AUTO_INCREMENT for table `role_permission`
--
ALTER TABLE `role_permission`
  MODIFY `Id` int(10) NOT NULL AUTO_INCREMENT, AUTO_INCREMENT=35;

--
-- AUTO_INCREMENT for table `user_roles`
--
ALTER TABLE `user_roles`
  MODIFY `Id` int(11) NOT NULL AUTO_INCREMENT, AUTO_INCREMENT=4;

--
-- AUTO_INCREMENT for table `user_store`
--
ALTER TABLE `user_store`
  MODIFY `Id` int(10) NOT NULL AUTO_INCREMENT, AUTO_INCREMENT=3;
COMMIT;

/*!40101 SET CHARACTER_SET_CLIENT=@OLD_CHARACTER_SET_CLIENT */;
/*!40101 SET CHARACTER_SET_RESULTS=@OLD_CHARACTER_SET_RESULTS */;
/*!40101 SET COLLATION_CONNECTION=@OLD_COLLATION_CONNECTION */;
