-- phpMyAdmin SQL Dump
-- version 4.9.1
-- https://www.phpmyadmin.net/
--
-- Host: 127.0.0.1
-- Generation Time: Jan 10, 2020 at 10:19 AM
-- Server version: 10.4.8-MariaDB
-- PHP Version: 7.3.11

SET SQL_MODE = "NO_AUTO_VALUE_ON_ZERO";
SET AUTOCOMMIT = 0;
START TRANSACTION;
SET time_zone = "+00:00";


/*!40101 SET @OLD_CHARACTER_SET_CLIENT=@@CHARACTER_SET_CLIENT */;
/*!40101 SET @OLD_CHARACTER_SET_RESULTS=@@CHARACTER_SET_RESULTS */;
/*!40101 SET @OLD_COLLATION_CONNECTION=@@COLLATION_CONNECTION */;
/*!40101 SET NAMES utf8mb4 */;

--
-- Database: `inventoryiodb`
--

-- --------------------------------------------------------

--
-- Table structure for table `attribute`
--

CREATE TABLE `attribute` (
  `AttributeId` varchar(225) NOT NULL,
  `Name` varchar(100) NOT NULL,
  `CreateDate` datetime NOT NULL DEFAULT current_timestamp(),
  `CreateUserId` varchar(225) NOT NULL,
  `ModifyDate` datetime NOT NULL DEFAULT current_timestamp(),
  `ModifyUserId` varchar(225) NOT NULL,
  `StatusId` int(11) NOT NULL
) ENGINE=InnoDB DEFAULT CHARSET=latin1;

-- --------------------------------------------------------

--
-- Table structure for table `attribute_item`
--

CREATE TABLE `attribute_item` (
  `Id` int(11) NOT NULL,
  `AttributeId` varchar(225) NOT NULL,
  `AttributeValue` varchar(200) NOT NULL,
  `CreateDate` datetime NOT NULL DEFAULT current_timestamp(),
  `CreateUserId` varchar(225) NOT NULL,
  `ModifyDate` datetime NOT NULL DEFAULT current_timestamp(),
  `ModifyUserId` varchar(225) NOT NULL,
  `StatusId` int(11) NOT NULL
) ENGINE=InnoDB DEFAULT CHARSET=latin1;

-- --------------------------------------------------------

--
-- Table structure for table `brand`
--

CREATE TABLE `brand` (
  `BrandId` varchar(225) NOT NULL,
  `CompanyId` varchar(225) NOT NULL,
  `Name` varchar(100) NOT NULL,
  `CreateDate` datetime NOT NULL DEFAULT current_timestamp(),
  `CreateUserId` varchar(225) NOT NULL,
  `ModifyDate` datetime NOT NULL DEFAULT current_timestamp(),
  `ModifyUserId` varchar(225) NOT NULL,
  `StatusId` int(11) NOT NULL
) ENGINE=InnoDB DEFAULT CHARSET=latin1;

--
-- Dumping data for table `brand`
--

INSERT INTO `brand` (`BrandId`, `CompanyId`, `Name`, `CreateDate`, `CreateUserId`, `ModifyDate`, `ModifyUserId`, `StatusId`) VALUES
('0aafe88d-e600-11e9-bc5d-0050569fd205', '23b82588-e370-11e9-bc5d-0050569fd205', 'Tests 2', '2019-10-03 19:05:46', 'c57c153d-e36e-11e9-bc5d-0050569fd205', '2019-10-03 19:05:46', 'c57c153d-e36e-11e9-bc5d-0050569fd205', 1),
('10664ace-e5bd-11e9-bc5d-0050569fd205', '9b8ea912-e518-11e9-bc5d-0050569fd205', 'Green lander ', '2019-10-03 11:06:19', '41f977a7-e518-11e9-bc5d-0050569fd205', '2019-10-03 11:06:19', '41f977a7-e518-11e9-bc5d-0050569fd205', 1),
('124ac938-e130-11e9-9302-48f17f8d4d88', '94c5b3cf-d170-11e9-b97c-48f17f8d4d88', 'w', '2019-09-27 16:06:59', '81de5b36-d170-11e9-b97c-48f17f8d4d88', '2019-09-27 16:06:59', '81de5b36-d170-11e9-b97c-48f17f8d4d88', 1),
('1aaf2cd9-e600-11e9-bc5d-0050569fd205', '23b82588-e370-11e9-bc5d-0050569fd205', 'Test 5', '2019-10-03 19:06:13', 'c57c153d-e36e-11e9-bc5d-0050569fd205', '2019-10-03 19:06:13', 'c57c153d-e36e-11e9-bc5d-0050569fd205', 1),
('2150e082-e49d-11e9-bc5d-0050569fd205', '23b82588-e370-11e9-bc5d-0050569fd205', 'test', '2019-10-02 00:45:13', 'c57c153d-e36e-11e9-bc5d-0050569fd205', '2019-10-02 00:45:13', 'c57c153d-e36e-11e9-bc5d-0050569fd205', 1),
('22460081-d40e-11e9-9f95-48f17f8d4d88', '94c5b3cf-d170-11e9-b97c-48f17f8d4d88', 'merc', '2019-09-10 23:01:18', '81de5b36-d170-11e9-b97c-48f17f8d4d88', '2019-09-10 23:01:18', '81de5b36-d170-11e9-b97c-48f17f8d4d88', 1),
('256f9dc6-d58b-11e9-a017-48f17f8d4d88', '94c5b3cf-d170-11e9-b97c-48f17f8d4d88', 'KIA', '2019-09-12 20:28:41', '81de5b36-d170-11e9-b97c-48f17f8d4d88', '2019-09-12 20:28:41', '81de5b36-d170-11e9-b97c-48f17f8d4d88', 1),
('25c86184-f9cc-11e9-987f-363532eb0721', '4b1f410b-e523-11e9-bc5d-0050569fd205', 'Konvikt', '2019-10-28 23:44:41', '1154faf5-e523-11e9-bc5d-0050569fd205', '2019-10-28 23:44:41', '1154faf5-e523-11e9-bc5d-0050569fd205', 1),
('27dd4942-e2e1-11e9-bc5d-0050569fd205', '2d3aafa8-e2e0-11e9-bc5d-0050569fd205', 'Thenji Collection', '2019-09-29 19:47:07', '97aec45d-e2df-11e9-bc5d-0050569fd205', '2019-09-29 19:47:07', '97aec45d-e2df-11e9-bc5d-0050569fd205', 1),
('2a13f21d-dfde-11e9-850f-48f17f8d4d88', '94c5b3cf-d170-11e9-b97c-48f17f8d4d88', 'Germex', '2019-09-25 23:48:09', '81de5b36-d170-11e9-b97c-48f17f8d4d88', '2019-09-25 23:48:09', '81de5b36-d170-11e9-b97c-48f17f8d4d88', 0),
('394a1196-d409-11e9-9f95-48f17f8d4d88', '94c5b3cf-d170-11e9-b97c-48f17f8d4d88', 'VW', '2019-09-10 22:26:09', 'postman', '2019-09-10 22:26:09', 'postman', 1),
('3f3427ab-d409-11e9-9f95-48f17f8d4d88', '94c5b3cf-d170-11e9-b97c-48f17f8d4d88', 'Toyota', '2019-09-10 22:26:19', 'postman', '2019-09-10 22:26:19', 'postman', 1),
('3f40c927-e5a8-11e9-bc5d-0050569fd205', '9b8ea912-e518-11e9-bc5d-0050569fd205', 'test', '2019-10-03 08:37:18', '41f977a7-e518-11e9-bc5d-0050569fd205', '2019-10-03 08:37:18', '41f977a7-e518-11e9-bc5d-0050569fd205', 1),
('4369bfef-e515-11e9-bc5d-0050569fd205', '23b82588-e370-11e9-bc5d-0050569fd205', 'FABLE MOUNTAIN', '2019-10-02 15:05:09', 'c57c153d-e36e-11e9-bc5d-0050569fd205', '2019-10-02 15:05:09', 'c57c153d-e36e-11e9-bc5d-0050569fd205', 1),
('46c0aaf2-e1e8-11e9-abbd-48f17f8d4d88', '94c5b3cf-d170-11e9-b97c-48f17f8d4d88', '11', '2019-09-28 14:05:34', '81de5b36-d170-11e9-b97c-48f17f8d4d88', '2019-09-28 14:05:34', '81de5b36-d170-11e9-b97c-48f17f8d4d88', 1),
('47639284-2faf-11ea-8be9-48f17f8d4d88', '42be6167-2fa9-11ea-8be9-48f17f8d4d88', 'Zalou', '2020-01-05 13:34:05', '42bfaa8a-2fa9-11ea-8be9-48f17f8d4d88', '2020-01-05 13:34:05', '42bfaa8a-2fa9-11ea-8be9-48f17f8d4d88', 1),
('4899e3a9-02e0-11ea-bc5e-363532eb0721', '0c89e134-02ca-11ea-91af-363532eb0721', 'Water', '2019-11-09 13:01:30', '0c8c1818-02ca-11ea-91af-363532eb0721', '2019-11-09 13:01:30', '0c8c1818-02ca-11ea-91af-363532eb0721', 1),
('4bf57eac-e519-11e9-bc5d-0050569fd205', '9b8ea912-e518-11e9-bc5d-0050569fd205', 'Bridgestone', '2019-10-02 15:34:02', '41f977a7-e518-11e9-bc5d-0050569fd205', '2019-10-02 15:34:02', '41f977a7-e518-11e9-bc5d-0050569fd205', 1),
('4ff0534f-e1e8-11e9-abbd-48f17f8d4d88', '94c5b3cf-d170-11e9-b97c-48f17f8d4d88', 'ui', '2019-09-28 14:05:50', '81de5b36-d170-11e9-b97c-48f17f8d4d88', '2019-09-28 14:05:50', '81de5b36-d170-11e9-b97c-48f17f8d4d88', 1),
('52c29874-e5a6-11e9-bc5d-0050569fd205', '9b8ea912-e518-11e9-bc5d-0050569fd205', 'TSW', '2019-10-03 08:23:32', '41f977a7-e518-11e9-bc5d-0050569fd205', '2019-10-03 08:23:32', '41f977a7-e518-11e9-bc5d-0050569fd205', 1),
('54b5877f-e519-11e9-bc5d-0050569fd205', '9b8ea912-e518-11e9-bc5d-0050569fd205', 'Goodyear', '2019-10-02 15:34:16', '41f977a7-e518-11e9-bc5d-0050569fd205', '2019-10-02 15:34:16', '41f977a7-e518-11e9-bc5d-0050569fd205', 1),
('57600c70-d6ef-11e9-a5a1-c8f7501047dc', '94c5b3cf-d170-11e9-b97c-48f17f8d4d88', 'Rolex', '2019-09-14 14:58:19', '81de5b36-d170-11e9-b97c-48f17f8d4d88', '2019-09-14 14:58:19', '81de5b36-d170-11e9-b97c-48f17f8d4d88', 1),
('5c67df71-e519-11e9-bc5d-0050569fd205', '9b8ea912-e518-11e9-bc5d-0050569fd205', 'Continental', '2019-10-02 15:34:29', '41f977a7-e518-11e9-bc5d-0050569fd205', '2019-10-02 15:34:29', '41f977a7-e518-11e9-bc5d-0050569fd205', 1),
('63fe669f-d6f7-11e9-a5a1-c8f7501047dc', '94c5b3cf-d170-11e9-b97c-48f17f8d4d88', 'Mercedece Benz', '2019-09-14 15:55:57', '81de5b36-d170-11e9-b97c-48f17f8d4d88', '2019-09-14 15:55:57', '81de5b36-d170-11e9-b97c-48f17f8d4d88', 1),
('6983b8cd-e46f-11e9-bc5d-0050569fd205', '12cf03f6-e46f-11e9-bc5d-0050569fd205', 'Puma', '2019-10-01 19:17:57', 'c3758771-e46e-11e9-bc5d-0050569fd205', '2019-10-01 19:17:57', 'c3758771-e46e-11e9-bc5d-0050569fd205', 1),
('7057ccf3-d40d-11e9-9f95-48f17f8d4d88', '94c5b3cf-d170-11e9-b97c-48f17f8d4d88', 'Colt', '2019-09-10 22:56:19', '81de5b36-d170-11e9-b97c-48f17f8d4d88', '2019-09-10 22:56:19', '81de5b36-d170-11e9-b97c-48f17f8d4d88', 1),
('74512919-e457-11e9-bc5d-0050569fd205', '23b82588-e370-11e9-bc5d-0050569fd205', 'COFFEE', '2019-10-01 16:26:27', 'c57c153d-e36e-11e9-bc5d-0050569fd205', '2019-10-01 16:26:27', 'c57c153d-e36e-11e9-bc5d-0050569fd205', 1),
('745dacb7-d3f4-11e9-9f95-48f17f8d4d88', '4c5b3cf-d170-11e9-b97c-48f17f8d4d88', 'VW', '2019-09-10 19:57:28', 'postman', '2019-09-10 19:57:28', 'postman', 1),
('75a04f90-e12f-11e9-9302-48f17f8d4d88', '94c5b3cf-d170-11e9-b97c-48f17f8d4d88', 'Test', '2019-09-27 16:02:36', '81de5b36-d170-11e9-b97c-48f17f8d4d88', '2019-09-27 16:02:36', '81de5b36-d170-11e9-b97c-48f17f8d4d88', 1),
('85576016-e457-11e9-bc5d-0050569fd205', '23b82588-e370-11e9-bc5d-0050569fd205', 'WINE', '2019-10-01 16:26:56', 'c57c153d-e36e-11e9-bc5d-0050569fd205', '2019-10-01 16:26:56', 'c57c153d-e36e-11e9-bc5d-0050569fd205', 1),
('888c5e79-e5a6-11e9-bc5d-0050569fd205', '9b8ea912-e518-11e9-bc5d-0050569fd205', 'RBP', '2019-10-03 08:25:02', '41f977a7-e518-11e9-bc5d-0050569fd205', '2019-10-03 08:25:02', '41f977a7-e518-11e9-bc5d-0050569fd205', 1),
('8b41eba2-e514-11e9-bc5d-0050569fd205', '23b82588-e370-11e9-bc5d-0050569fd205', 'RUPERT & ROTHSCHILD', '2019-10-02 15:00:00', 'c57c153d-e36e-11e9-bc5d-0050569fd205', '2019-10-02 15:00:00', 'c57c153d-e36e-11e9-bc5d-0050569fd205', 1),
('8c143c75-d584-11e9-a017-48f17f8d4d88', '94c5b3cf-d170-11e9-b97c-48f17f8d4d88', 'Isuzu', '2019-09-12 19:41:27', '81de5b36-d170-11e9-b97c-48f17f8d4d88', '2019-09-12 19:41:27', '81de5b36-d170-11e9-b97c-48f17f8d4d88', 1),
('9453ec53-f978-11e9-987f-363532eb0721', 'n/a', 'Mulher ', '2019-10-28 13:46:29', '30fbbfbc-f978-11e9-987f-363532eb0721', '2019-10-28 13:46:29', '30fbbfbc-f978-11e9-987f-363532eb0721', 1),
('9510a66f-e5e9-11e9-bc5d-0050569fd205', '2d3aafa8-e2e0-11e9-bc5d-0050569fd205', 'Ndu', '2019-10-03 16:25:00', '5506426f-e2e1-11e9-bc5d-0050569fd205', '2019-10-03 16:25:00', '5506426f-e2e1-11e9-bc5d-0050569fd205', 1),
('9d74c31a-02df-11ea-bc5e-363532eb0721', '0c89e134-02ca-11ea-91af-363532eb0721', 'Milk', '2019-11-09 12:56:43', '0c8c1818-02ca-11ea-91af-363532eb0721', '2019-11-09 12:56:43', '0c8c1818-02ca-11ea-91af-363532eb0721', 1),
('9f32cf78-d737-11e9-a568-c8f7501047dc', '4523af94-d172-11e9-b97c-48f17f8d4d88', 'Marvel', '2019-09-14 23:35:50', 'ba6257ea-d307-11e9-a45b-0050569fd205', '2019-09-14 23:35:50', 'ba6257ea-d307-11e9-a45b-0050569fd205', 1),
('a0549079-d71b-11e9-a568-c8f7501047dc', '94c5b3cf-d170-11e9-b97c-48f17f8d4d88', 'Audi', '2019-09-14 20:15:26', '81de5b36-d170-11e9-b97c-48f17f8d4d88', '2019-09-14 20:15:26', '81de5b36-d170-11e9-b97c-48f17f8d4d88', 1),
('a322b855-e175-11e9-9302-48f17f8d4d88', '94c5b3cf-d170-11e9-b97c-48f17f8d4d88', 'TEst1', '2019-09-28 00:24:57', '81de5b36-d170-11e9-b97c-48f17f8d4d88', '2019-09-28 00:24:57', '81de5b36-d170-11e9-b97c-48f17f8d4d88', 1),
('a936b995-e5e9-11e9-bc5d-0050569fd205', '2d3aafa8-e2e0-11e9-bc5d-0050569fd205', 'Cat 4', '2019-10-03 16:25:34', '5506426f-e2e1-11e9-bc5d-0050569fd205', '2019-10-03 16:25:34', '5506426f-e2e1-11e9-bc5d-0050569fd205', 1),
('ac5439cb-00d2-11ea-91af-363532eb0721', '9a6037a0-e688-11e9-bc5d-0050569fd205', 'Mulher Swimwear ', '2019-11-06 22:19:02', '7feffeff-e688-11e9-bc5d-0050569fd205', '2019-11-06 22:19:02', '7feffeff-e688-11e9-bc5d-0050569fd205', 1),
('ae04c589-e5ee-11e9-bc5d-0050569fd205', '23b82588-e370-11e9-bc5d-0050569fd205', 'Tea ', '2019-10-03 17:01:29', 'c57c153d-e36e-11e9-bc5d-0050569fd205', '2019-10-03 17:01:29', 'c57c153d-e36e-11e9-bc5d-0050569fd205', 1),
('af73b174-00d2-11ea-91af-363532eb0721', '9a6037a0-e688-11e9-bc5d-0050569fd205', 'Mulher Swimwear ', '2019-11-06 22:19:07', '7feffeff-e688-11e9-bc5d-0050569fd205', '2019-11-06 22:19:07', '7feffeff-e688-11e9-bc5d-0050569fd205', 1),
('b949c5cd-e5a3-11e9-bc5d-0050569fd205', '9b8ea912-e518-11e9-bc5d-0050569fd205', 'DUNLOP', '2019-10-03 08:04:56', '41f977a7-e518-11e9-bc5d-0050569fd205', '2019-10-03 08:04:56', '41f977a7-e518-11e9-bc5d-0050569fd205', 1),
('c39af95e-02cb-11ea-91af-363532eb0721', '0c89e134-02ca-11ea-91af-363532eb0721', 'Monate Coffee', '2019-11-09 10:34:37', '0c8c1818-02ca-11ea-91af-363532eb0721', '2019-11-09 10:34:37', '0c8c1818-02ca-11ea-91af-363532eb0721', 1),
('c48bbf2e-e175-11e9-9302-48f17f8d4d88', '94c5b3cf-d170-11e9-b97c-48f17f8d4d88', 'testqqq', '2019-09-28 00:25:53', '81de5b36-d170-11e9-b97c-48f17f8d4d88', '2019-09-28 00:25:53', '81de5b36-d170-11e9-b97c-48f17f8d4d88', 1),
('c4bd30c9-00d2-11ea-91af-363532eb0721', '9a6037a0-e688-11e9-bc5d-0050569fd205', 'Mulher Swimwear ', '2019-11-06 22:19:43', '7feffeff-e688-11e9-bc5d-0050569fd205', '2019-11-06 22:19:43', '7feffeff-e688-11e9-bc5d-0050569fd205', 1),
('c57b6b5d-e159-11e9-9302-48f17f8d4d88', '94c5b3cf-d170-11e9-b97c-48f17f8d4d88', 'Bluesil', '2019-09-27 21:05:29', '81de5b36-d170-11e9-b97c-48f17f8d4d88', '2019-09-27 21:05:29', '81de5b36-d170-11e9-b97c-48f17f8d4d88', 1),
('c5acb43d-e5e8-11e9-bc5d-0050569fd205', '2d3aafa8-e2e0-11e9-bc5d-0050569fd205', 'Home', '2019-10-03 16:19:12', '5506426f-e2e1-11e9-bc5d-0050569fd205', '2019-10-03 16:19:12', '5506426f-e2e1-11e9-bc5d-0050569fd205', 1),
('c792a06c-e515-11e9-bc5d-0050569fd205', '23b82588-e370-11e9-bc5d-0050569fd205', 'DE TOREN', '2019-10-02 15:08:51', 'c57c153d-e36e-11e9-bc5d-0050569fd205', '2019-10-02 15:08:51', 'c57c153d-e36e-11e9-bc5d-0050569fd205', 1),
('c8e33adb-fff0-11e9-91af-363532eb0721', '49a75007-fff0-11e9-91af-363532eb0721', 'Car Insurance ', '2019-11-05 19:22:03', '49aa0dc7-fff0-11e9-91af-363532eb0721', '2019-11-05 19:22:03', '49aa0dc7-fff0-11e9-91af-363532eb0721', 1),
('cdf7d3f5-00d2-11ea-91af-363532eb0721', '9a6037a0-e688-11e9-bc5d-0050569fd205', 'Mulher Swimwear ', '2019-11-06 22:19:58', '7feffeff-e688-11e9-bc5d-0050569fd205', '2019-11-06 22:19:58', '7feffeff-e688-11e9-bc5d-0050569fd205', 1),
('d01900bd-e5a6-11e9-bc5d-0050569fd205', '9b8ea912-e518-11e9-bc5d-0050569fd205', 'LEXANI', '2019-10-03 08:27:03', '41f977a7-e518-11e9-bc5d-0050569fd205', '2019-10-03 08:27:03', '41f977a7-e518-11e9-bc5d-0050569fd205', 1),
('d7983423-e175-11e9-9302-48f17f8d4d88', '94c5b3cf-d170-11e9-b97c-48f17f8d4d88', 'da', '2019-09-28 00:26:25', '81de5b36-d170-11e9-b97c-48f17f8d4d88', '2019-09-28 00:26:25', '81de5b36-d170-11e9-b97c-48f17f8d4d88', 1),
('d7cdefd9-e35b-11e9-bc5d-0050569fd205', 'n/a', 'Coffe', '2019-09-30 10:25:21', 'b4a32eea-e35b-11e9-bc5d-0050569fd205', '2019-09-30 10:25:21', 'b4a32eea-e35b-11e9-bc5d-0050569fd205', 1),
('d82d1c4d-e12f-11e9-9302-48f17f8d4d88', '94c5b3cf-d170-11e9-b97c-48f17f8d4d88', 'New bb', '2019-09-27 16:05:21', '81de5b36-d170-11e9-b97c-48f17f8d4d88', '2019-09-27 16:05:21', '81de5b36-d170-11e9-b97c-48f17f8d4d88', 1),
('db0d891c-fff0-11e9-91af-363532eb0721', '49a75007-fff0-11e9-91af-363532eb0721', 'Perishable Foods', '2019-11-05 19:22:34', '49aa0dc7-fff0-11e9-91af-363532eb0721', '2019-11-05 19:22:34', '49aa0dc7-fff0-11e9-91af-363532eb0721', 1),
('e0413444-e529-11e9-bc5d-0050569fd205', '9b8ea912-e518-11e9-bc5d-0050569fd205', 'Back2Black', '2019-10-02 17:32:43', '41f977a7-e518-11e9-bc5d-0050569fd205', '2019-10-02 17:32:43', '41f977a7-e518-11e9-bc5d-0050569fd205', 1),
('e2ea95e5-e47a-11e9-bc5d-0050569fd205', 'ac9db3c5-e47a-11e9-bc5d-0050569fd205', 'Zalou. ', '2019-10-01 20:40:05', '70648b1d-e47a-11e9-bc5d-0050569fd205', '2019-10-01 20:40:05', '70648b1d-e47a-11e9-bc5d-0050569fd205', 1),
('e5865380-e5e8-11e9-bc5d-0050569fd205', '2d3aafa8-e2e0-11e9-bc5d-0050569fd205', 'Accossiries ', '2019-10-03 16:20:05', '5506426f-e2e1-11e9-bc5d-0050569fd205', '2019-10-03 16:20:05', '5506426f-e2e1-11e9-bc5d-0050569fd205', 1),
('e899e373-fff0-11e9-91af-363532eb0721', '49a75007-fff0-11e9-91af-363532eb0721', 'Enterprise Meats', '2019-11-05 19:22:57', '49aa0dc7-fff0-11e9-91af-363532eb0721', '2019-11-05 19:22:57', '49aa0dc7-fff0-11e9-91af-363532eb0721', 1),
('f222dc55-e35c-11e9-bc5d-0050569fd205', '2d3aafa8-e2e0-11e9-bc5d-0050569fd205', 'Yealink', '2019-09-30 10:33:15', '97aec45d-e2df-11e9-bc5d-0050569fd205', '2019-09-30 10:33:15', '97aec45d-e2df-11e9-bc5d-0050569fd205', 1),
('f354490f-fff0-11e9-91af-363532eb0721', '49a75007-fff0-11e9-91af-363532eb0721', 'Life Cover', '2019-11-05 19:23:15', '49aa0dc7-fff0-11e9-91af-363532eb0721', '2019-11-05 19:23:15', '49aa0dc7-fff0-11e9-91af-363532eb0721', 1),
('f5e9d774-e5e8-11e9-bc5d-0050569fd205', '2d3aafa8-e2e0-11e9-bc5d-0050569fd205', '6', '2019-10-03 16:20:33', '5506426f-e2e1-11e9-bc5d-0050569fd205', '2019-10-03 16:20:33', '5506426f-e2e1-11e9-bc5d-0050569fd205', 1),
('f9587770-e35e-11e9-bc5d-0050569fd205', 'a8e9befd-e35e-11e9-bc5d-0050569fd205', 'Yealink', '2019-09-30 10:47:46', 'cd3cf692-e35d-11e9-bc5d-0050569fd205', '2019-09-30 10:47:46', 'cd3cf692-e35d-11e9-bc5d-0050569fd205', 1),
('fe7cffe5-e5a5-11e9-bc5d-0050569fd205', '9b8ea912-e518-11e9-bc5d-0050569fd205', 'BBS', '2019-10-03 08:21:11', '41f977a7-e518-11e9-bc5d-0050569fd205', '2019-10-03 08:21:11', '41f977a7-e518-11e9-bc5d-0050569fd205', 1),
('ff011748-d40d-11e9-9f95-48f17f8d4d88', '94c5b3cf-d170-11e9-b97c-48f17f8d4d88', 'BMW', '2019-09-10 23:00:18', '81de5b36-d170-11e9-b97c-48f17f8d4d88', '2019-09-10 23:00:18', '81de5b36-d170-11e9-b97c-48f17f8d4d88', 1);

-- --------------------------------------------------------

--
-- Table structure for table `catergory`
--

CREATE TABLE `catergory` (
  `CatergoryId` varchar(225) NOT NULL,
  `CompanyId` varchar(225) NOT NULL,
  `Name` varchar(100) NOT NULL,
  `CreateDate` datetime NOT NULL DEFAULT current_timestamp(),
  `CreateUserId` varchar(225) NOT NULL,
  `ModifyDate` datetime NOT NULL DEFAULT current_timestamp(),
  `ModifyUserId` varchar(225) NOT NULL,
  `StatusId` int(11) NOT NULL
) ENGINE=InnoDB DEFAULT CHARSET=latin1;

--
-- Dumping data for table `catergory`
--

INSERT INTO `catergory` (`CatergoryId`, `CompanyId`, `Name`, `CreateDate`, `CreateUserId`, `ModifyDate`, `ModifyUserId`, `StatusId`) VALUES
('03b79ea1-e5e9-11e9-bc5d-0050569fd205', '2d3aafa8-e2e0-11e9-bc5d-0050569fd205', 'Office ', '2019-10-03 16:20:56', '5506426f-e2e1-11e9-bc5d-0050569fd205', '2019-10-03 16:20:56', '5506426f-e2e1-11e9-bc5d-0050569fd205', 1),
('05e52757-31da-11ea-a404-48f17f8d4d88', '94c5b3cf-d170-11e9-b97c-48f17f8d4d88', 'tin', '2020-01-08 07:45:05', '81de5b36-d170-11e9-b97c-48f17f8d4d88', '2020-01-08 07:45:05', '81de5b36-d170-11e9-b97c-48f17f8d4d88', 1),
('05e555e0-31da-11ea-a404-48f17f8d4d88', '', '', '2020-01-08 07:45:05', '94c5b3cf-d170-11e9-b97c-48f17f8d4d88', '2020-01-08 07:45:05', 'prawn raw 5kg', 0),
('05e58244-31da-11ea-a404-48f17f8d4d88', '94c5b3cf-d170-11e9-b97c-48f17f8d4d88', 'cold meet', '2020-01-08 07:45:05', '81de5b36-d170-11e9-b97c-48f17f8d4d88', '2020-01-08 07:45:05', '81de5b36-d170-11e9-b97c-48f17f8d4d88', 1),
('05e5a915-31da-11ea-a404-48f17f8d4d88', '', '', '2020-01-08 07:45:05', '94c5b3cf-d170-11e9-b97c-48f17f8d4d88', '2020-01-08 07:45:05', 'prawn raw 5kg', 0),
('05e5d4db-31da-11ea-a404-48f17f8d4d88', '', '', '2020-01-08 07:45:05', '94c5b3cf-d170-11e9-b97c-48f17f8d4d88', '2020-01-08 07:45:05', 'prawn raw 5kg', 0),
('066130f0-d40e-11e9-9f95-48f17f8d4d88', '94c5b3cf-d170-11e9-b97c-48f17f8d4d88', 'Van', '2019-09-10 23:00:31', '81de5b36-d170-11e9-b97c-48f17f8d4d88', '2019-09-10 23:00:31', '81de5b36-d170-11e9-b97c-48f17f8d4d88', 1),
('077a8d82-e51b-11e9-bc5d-0050569fd205', '9b8ea912-e518-11e9-bc5d-0050569fd205', '205/40R17', '2019-10-02 15:46:26', '41f977a7-e518-11e9-bc5d-0050569fd205', '2019-10-02 15:46:26', '41f977a7-e518-11e9-bc5d-0050569fd205', 1),
('0a9c6333-e35f-11e9-bc5d-0050569fd205', 'a8e9befd-e35e-11e9-bc5d-0050569fd205', 'Telephone', '2019-09-30 10:48:15', 'cd3cf692-e35d-11e9-bc5d-0050569fd205', '2019-09-30 10:48:15', 'cd3cf692-e35d-11e9-bc5d-0050569fd205', 1),
('118746bc-00d3-11ea-91af-363532eb0721', '9a6037a0-e688-11e9-bc5d-0050569fd205', 'Lingerie ', '2019-11-06 22:21:52', '7feffeff-e688-11e9-bc5d-0050569fd205', '2019-11-06 22:21:52', '7feffeff-e688-11e9-bc5d-0050569fd205', 1),
('157d625f-d65f-11e9-857f-48f17f8d4d88', '94c5b3cf-d170-11e9-b97c-48f17f8d4d88', 'Shoes', '2019-09-13 21:45:48', '81de5b36-d170-11e9-b97c-48f17f8d4d88', '2019-09-13 21:45:48', '81de5b36-d170-11e9-b97c-48f17f8d4d88', 1),
('17e28e81-e35d-11e9-bc5d-0050569fd205', '2d3aafa8-e2e0-11e9-bc5d-0050569fd205', 'SIP Phone', '2019-09-30 10:34:18', '97aec45d-e2df-11e9-bc5d-0050569fd205', '2019-09-30 10:34:18', '97aec45d-e2df-11e9-bc5d-0050569fd205', 1),
('245d2a5c-e6d3-11e9-bc5d-0050569fd205', 'dfd5ee69-e6ac-11e9-bc5d-0050569fd205', 'Ladies', '2019-10-04 20:16:53', 'bfb9480e-e6ac-11e9-bc5d-0050569fd205', '2019-10-04 20:16:53', 'bfb9480e-e6ac-11e9-bc5d-0050569fd205', 1),
('283c46c3-d40e-11e9-9f95-48f17f8d4d88', '94c5b3cf-d170-11e9-b97c-48f17f8d4d88', 'sport', '2019-09-10 23:01:28', '81de5b36-d170-11e9-b97c-48f17f8d4d88', '2019-09-10 23:01:28', '81de5b36-d170-11e9-b97c-48f17f8d4d88', 1),
('292a42fe-31da-11ea-a404-48f17f8d4d88', '', '', '2020-01-08 07:46:05', '84e1b6d9-30b8-11ea-8b45-48f17f8d4d88', '2020-01-08 07:46:05', 'prawn raw 5kg', 0),
('292a7390-31da-11ea-a404-48f17f8d4d88', '', '', '2020-01-08 07:46:05', '84e1b6d9-30b8-11ea-8b45-48f17f8d4d88', '2020-01-08 07:46:05', 'prawn raw 5kg', 0),
('292aa186-31da-11ea-a404-48f17f8d4d88', '', '', '2020-01-08 07:46:05', '84e1b6d9-30b8-11ea-8b45-48f17f8d4d88', '2020-01-08 07:46:05', 'prawn raw 5kg', 0),
('2f1dd86d-d409-11e9-9f95-48f17f8d4d88', '94c5b3cf-d170-11e9-b97c-48f17f8d4d88', 'Hatchback', '2019-09-10 22:25:52', 'postman', '2019-09-10 22:25:52', 'postman', 1),
('3246f0ff-e6d3-11e9-bc5d-0050569fd205', 'dfd5ee69-e6ac-11e9-bc5d-0050569fd205', 'Uni-sex', '2019-10-04 20:17:16', 'bfb9480e-e6ac-11e9-bc5d-0050569fd205', '2019-10-04 20:17:16', 'bfb9480e-e6ac-11e9-bc5d-0050569fd205', 1),
('33785b3d-d409-11e9-9f95-48f17f8d4d88', '94c5b3cf-d170-11e9-b97c-48f17f8d4d88', 'Sedan', '2019-09-10 22:25:59', 'postman', '2019-09-10 22:25:59', 'postman', 1),
('38d9fc30-f9cc-11e9-987f-363532eb0721', '4b1f410b-e523-11e9-bc5d-0050569fd205', 'Printed T-shirt', '2019-10-28 23:45:13', '1154faf5-e523-11e9-bc5d-0050569fd205', '2019-10-28 23:45:13', '1154faf5-e523-11e9-bc5d-0050569fd205', 1),
('39907d83-e2e1-11e9-bc5d-0050569fd205', '2d3aafa8-e2e0-11e9-bc5d-0050569fd205', 'Necklace', '2019-09-29 19:47:37', '97aec45d-e2df-11e9-bc5d-0050569fd205', '2019-09-29 19:47:37', '97aec45d-e2df-11e9-bc5d-0050569fd205', 1),
('3dd53c98-d663-11e9-857f-48f17f8d4d88', '94c5b3cf-d170-11e9-b97c-48f17f8d4d88', '324', '2019-09-13 22:15:33', '81de5b36-d170-11e9-b97c-48f17f8d4d88', '2019-09-13 22:15:33', '81de5b36-d170-11e9-b97c-48f17f8d4d88', 1),
('44c3f2a7-e6d3-11e9-bc5d-0050569fd205', 'dfd5ee69-e6ac-11e9-bc5d-0050569fd205', 'Men - Shirt', '2019-10-04 20:17:47', 'bfb9480e-e6ac-11e9-bc5d-0050569fd205', '2019-10-04 20:17:47', 'bfb9480e-e6ac-11e9-bc5d-0050569fd205', 1),
('4aaa291d-02df-11ea-bc5e-363532eb0721', '0c89e134-02ca-11ea-91af-363532eb0721', '1kg Beans', '2019-11-09 12:54:24', '0c8c1818-02ca-11ea-91af-363532eb0721', '2019-11-09 12:54:24', '0c8c1818-02ca-11ea-91af-363532eb0721', 1),
('549a1ea5-02df-11ea-bc5e-363532eb0721', '0c89e134-02ca-11ea-91af-363532eb0721', '250g Beans', '2019-11-09 12:54:40', '0c8c1818-02ca-11ea-91af-363532eb0721', '2019-11-09 12:54:40', '0c8c1818-02ca-11ea-91af-363532eb0721', 1),
('5dfa3060-d6ef-11e9-a5a1-c8f7501047dc', '94c5b3cf-d170-11e9-b97c-48f17f8d4d88', 'Watch', '2019-09-14 14:58:30', '81de5b36-d170-11e9-b97c-48f17f8d4d88', '2019-09-14 14:58:30', '81de5b36-d170-11e9-b97c-48f17f8d4d88', 1),
('6f1645db-02e0-11ea-bc5e-363532eb0721', '0c89e134-02ca-11ea-91af-363532eb0721', 'Sparkling', '2019-11-09 13:02:34', '0c8c1818-02ca-11ea-91af-363532eb0721', '2019-11-09 13:02:34', '0c8c1818-02ca-11ea-91af-363532eb0721', 1),
('6fca7387-e51a-11e9-bc5d-0050569fd205', '9b8ea912-e518-11e9-bc5d-0050569fd205', 'MAG', '2019-10-02 15:42:11', '41f977a7-e518-11e9-bc5d-0050569fd205', '2019-10-02 15:42:11', '41f977a7-e518-11e9-bc5d-0050569fd205', 1),
('716d5a86-02df-11ea-bc5e-363532eb0721', '0c89e134-02ca-11ea-91af-363532eb0721', '250g Ground', '2019-11-09 12:55:29', '0c8c1818-02ca-11ea-91af-363532eb0721', '2019-11-09 12:55:29', '0c8c1818-02ca-11ea-91af-363532eb0721', 1),
('72f06087-e519-11e9-bc5d-0050569fd205', '9b8ea912-e518-11e9-bc5d-0050569fd205', 'TYRE', '2019-10-02 15:35:07', '41f977a7-e518-11e9-bc5d-0050569fd205', '2019-10-02 15:35:07', '41f977a7-e518-11e9-bc5d-0050569fd205', 1),
('7574508c-e45b-11e9-bc5d-0050569fd205', '23b82588-e370-11e9-bc5d-0050569fd205', 'COFFEE', '2019-10-01 16:55:07', 'c57c153d-e36e-11e9-bc5d-0050569fd205', '2019-10-01 16:55:07', 'c57c153d-e36e-11e9-bc5d-0050569fd205', 1),
('772c826d-02e0-11ea-bc5e-363532eb0721', '0c89e134-02ca-11ea-91af-363532eb0721', 'Still ', '2019-11-09 13:02:48', '0c8c1818-02ca-11ea-91af-363532eb0721', '2019-11-09 13:02:48', '0c8c1818-02ca-11ea-91af-363532eb0721', 1),
('84b84ba4-d3f5-11e9-9f95-48f17f8d4d88', '4c5b3cf-d170-11e9-b97c-48f17f8d4d88', 'VW', '2019-09-10 20:05:05', 'postman', '2019-09-10 20:05:05', 'postman', 1),
('87ae0cee-02e1-11ea-bc5e-363532eb0721', '0c89e134-02ca-11ea-91af-363532eb0721', 'Bean Flavored  ', '2019-11-09 13:10:25', '0c8c1818-02ca-11ea-91af-363532eb0721', '2019-11-09 13:10:25', '0c8c1818-02ca-11ea-91af-363532eb0721', 1),
('8aa30563-d3f5-11e9-9f95-48f17f8d4d88', '4c5b3cf-d170-11e9-b97c-48f17f8d4d88', 'Hatchback', '2019-09-10 20:05:15', 'postman', '2019-09-10 20:05:15', 'postman', 1),
('8b7f4671-f978-11e9-987f-363532eb0721', 'n/a', 'Two Piece', '2019-10-28 13:46:14', '30fbbfbc-f978-11e9-987f-363532eb0721', '2019-10-28 13:46:14', '30fbbfbc-f978-11e9-987f-363532eb0721', 1),
('8ce57ffb-02e1-11ea-bc5e-363532eb0721', '0c89e134-02ca-11ea-91af-363532eb0721', 'Ground Flavored  ', '2019-11-09 13:10:34', '0c8c1818-02ca-11ea-91af-363532eb0721', '2019-11-09 13:10:34', '0c8c1818-02ca-11ea-91af-363532eb0721', 1),
('8eb73c16-e519-11e9-bc5d-0050569fd205', '9b8ea912-e518-11e9-bc5d-0050569fd205', '2nd Hand Tyre', '2019-10-02 15:35:54', '41f977a7-e518-11e9-bc5d-0050569fd205', '2019-10-02 15:35:54', '41f977a7-e518-11e9-bc5d-0050569fd205', 1),
('94faad66-e514-11e9-bc5d-0050569fd205', '23b82588-e370-11e9-bc5d-0050569fd205', 'WINE', '2019-10-02 15:00:17', 'c57c153d-e36e-11e9-bc5d-0050569fd205', '2019-10-02 15:00:17', 'c57c153d-e36e-11e9-bc5d-0050569fd205', 1),
('99558bcf-e519-11e9-bc5d-0050569fd205', '9b8ea912-e518-11e9-bc5d-0050569fd205', 'Brand New', '2019-10-02 15:36:12', '41f977a7-e518-11e9-bc5d-0050569fd205', '2019-10-02 15:36:12', '41f977a7-e518-11e9-bc5d-0050569fd205', 1),
('9f3fb40e-e5e9-11e9-bc5d-0050569fd205', '2d3aafa8-e2e0-11e9-bc5d-0050569fd205', 'Cqt1', '2019-10-03 16:25:17', '5506426f-e2e1-11e9-bc5d-0050569fd205', '2019-10-03 16:25:17', '5506426f-e2e1-11e9-bc5d-0050569fd205', 1),
('9fad0f91-e5aa-11e9-bc5d-0050569fd205', '9b8ea912-e518-11e9-bc5d-0050569fd205', '205/65R15', '2019-10-03 08:54:19', '41f977a7-e518-11e9-bc5d-0050569fd205', '2019-10-03 08:54:19', '41f977a7-e518-11e9-bc5d-0050569fd205', 1),
('a42e206b-d668-11e9-857f-48f17f8d4d88', '94c5b3cf-d170-11e9-b97c-48f17f8d4d88', 'DDDDDDDD', '2019-09-13 22:54:13', '81de5b36-d170-11e9-b97c-48f17f8d4d88', '2019-09-13 22:54:13', '81de5b36-d170-11e9-b97c-48f17f8d4d88', 1),
('ab1432f8-fff0-11e9-91af-363532eb0721', '49a75007-fff0-11e9-91af-363532eb0721', 'Insurance', '2019-11-05 19:21:13', '49aa0dc7-fff0-11e9-91af-363532eb0721', '2019-11-05 19:21:13', '49aa0dc7-fff0-11e9-91af-363532eb0721', 1),
('acf3596b-e366-11e9-bc5d-0050569fd205', 'c753fd7b-e363-11e9-bc5d-0050569fd205', 'Coffee', '2019-09-30 11:42:53', 'b4a32eea-e35b-11e9-bc5d-0050569fd205', '2019-09-30 11:42:53', 'b4a32eea-e35b-11e9-bc5d-0050569fd205', 1),
('b16de9ac-02df-11ea-bc5e-363532eb0721', '0c89e134-02ca-11ea-91af-363532eb0721', 'Normal', '2019-11-09 12:57:16', '0c8c1818-02ca-11ea-91af-363532eb0721', '2019-11-09 12:57:16', '0c8c1818-02ca-11ea-91af-363532eb0721', 1),
('b3150f0b-d71b-11e9-a568-c8f7501047dc', '94c5b3cf-d170-11e9-b97c-48f17f8d4d88', 'Wagon Sport', '2019-09-14 20:15:58', '81de5b36-d170-11e9-b97c-48f17f8d4d88', '2019-09-14 20:15:58', '81de5b36-d170-11e9-b97c-48f17f8d4d88', 1),
('b6188d56-fff0-11e9-91af-363532eb0721', '49a75007-fff0-11e9-91af-363532eb0721', 'Supermarket', '2019-11-05 19:21:32', '49aa0dc7-fff0-11e9-91af-363532eb0721', '2019-11-05 19:21:32', '49aa0dc7-fff0-11e9-91af-363532eb0721', 1),
('b73ab1a6-02e1-11ea-bc5e-363532eb0721', '0c89e134-02ca-11ea-91af-363532eb0721', 'Bean Non-Flavored ', '2019-11-09 13:11:45', '0c8c1818-02ca-11ea-91af-363532eb0721', '2019-11-09 13:11:45', '0c8c1818-02ca-11ea-91af-363532eb0721', 1),
('bb28d608-02e1-11ea-bc5e-363532eb0721', '0c89e134-02ca-11ea-91af-363532eb0721', 'Ground Non-Flavored ', '2019-11-09 13:11:51', '0c8c1818-02ca-11ea-91af-363532eb0721', '2019-11-09 13:11:51', '0c8c1818-02ca-11ea-91af-363532eb0721', 1),
('bf3e1fa4-02df-11ea-bc5e-363532eb0721', '0c89e134-02ca-11ea-91af-363532eb0721', 'Lactose Free', '2019-11-09 12:57:39', '0c8c1818-02ca-11ea-91af-363532eb0721', '2019-11-09 12:57:39', '0c8c1818-02ca-11ea-91af-363532eb0721', 1),
('c589ec5d-e5aa-11e9-bc5d-0050569fd205', '9b8ea912-e518-11e9-bc5d-0050569fd205', '265/70R17', '2019-10-03 08:55:23', '41f977a7-e518-11e9-bc5d-0050569fd205', '2019-10-03 08:55:23', '41f977a7-e518-11e9-bc5d-0050569fd205', 1),
('c5ce3456-e29b-11e9-abbd-48f17f8d4d88', '94c5b3cf-d170-11e9-b97c-48f17f8d4d88', 'Electronics', '2019-09-29 11:30:27', '81de5b36-d170-11e9-b97c-48f17f8d4d88', '2019-09-29 11:30:27', '81de5b36-d170-11e9-b97c-48f17f8d4d88', 1),
('cc54bfc5-e46f-11e9-bc5d-0050569fd205', '12cf03f6-e46f-11e9-bc5d-0050569fd205', 'Sneaker', '2019-10-01 19:20:43', 'c3758771-e46e-11e9-bc5d-0050569fd205', '2019-10-01 19:20:43', 'c3758771-e46e-11e9-bc5d-0050569fd205', 1),
('cc7fc05c-d662-11e9-857f-48f17f8d4d88', '94c5b3cf-d170-11e9-b97c-48f17f8d4d88', 'sam', '2019-09-13 22:12:23', '81de5b36-d170-11e9-b97c-48f17f8d4d88', '2019-09-13 22:12:23', '81de5b36-d170-11e9-b97c-48f17f8d4d88', 1),
('d06f91a1-e159-11e9-9302-48f17f8d4d88', '94c5b3cf-d170-11e9-b97c-48f17f8d4d88', 'Body', '2019-09-27 21:05:47', '81de5b36-d170-11e9-b97c-48f17f8d4d88', '2019-09-27 21:05:47', '81de5b36-d170-11e9-b97c-48f17f8d4d88', 1),
('d0bd5f52-02df-11ea-bc5e-363532eb0721', '0c89e134-02ca-11ea-91af-363532eb0721', 'Almond Milk', '2019-11-09 12:58:09', '0c8c1818-02ca-11ea-91af-363532eb0721', '2019-11-09 12:58:09', '0c8c1818-02ca-11ea-91af-363532eb0721', 1),
('d5f42399-d737-11e9-a568-c8f7501047dc', '4523af94-d172-11e9-b97c-48f17f8d4d88', 'T-SHIRT', '2019-09-14 23:37:22', 'ba6257ea-d307-11e9-a45b-0050569fd205', '2019-09-14 23:37:22', 'ba6257ea-d307-11e9-a45b-0050569fd205', 1),
('d6ce766b-02df-11ea-bc5e-363532eb0721', '0c89e134-02ca-11ea-91af-363532eb0721', 'Low Fat', '2019-11-09 12:58:19', '0c8c1818-02ca-11ea-91af-363532eb0721', '2019-11-09 12:58:19', '0c8c1818-02ca-11ea-91af-363532eb0721', 1),
('d7145d3e-dfbc-11e9-850f-48f17f8d4d88', '94c5b3cf-d170-11e9-b97c-48f17f8d4d88', 'clothing', '2019-09-25 19:49:36', '81de5b36-d170-11e9-b97c-48f17f8d4d88', '2019-09-25 19:49:36', '81de5b36-d170-11e9-b97c-48f17f8d4d88', 1),
('ecc3c622-02de-11ea-bc5e-363532eb0721', '0c89e134-02ca-11ea-91af-363532eb0721', 'Coffee', '2019-11-09 12:51:46', '0c8c1818-02ca-11ea-91af-363532eb0721', '2019-11-09 12:51:46', '0c8c1818-02ca-11ea-91af-363532eb0721', 1),
('f0305162-e2e1-11e9-bc5d-0050569fd205', '2d3aafa8-e2e0-11e9-bc5d-0050569fd205', 'Headpiece', '2019-09-29 19:52:43', '5506426f-e2e1-11e9-bc5d-0050569fd205', '2019-09-29 19:52:43', '5506426f-e2e1-11e9-bc5d-0050569fd205', 1),
('f8ebe9a8-00d2-11ea-91af-363532eb0721', '9a6037a0-e688-11e9-bc5d-0050569fd205', 'Lingerie ', '2019-11-06 22:21:10', '7feffeff-e688-11e9-bc5d-0050569fd205', '2019-11-06 22:21:10', '7feffeff-e688-11e9-bc5d-0050569fd205', 1),
('fcfd2a2b-e47a-11e9-bc5d-0050569fd205', 'ac9db3c5-e47a-11e9-bc5d-0050569fd205', 'Summer collection', '2019-10-01 20:40:49', '70648b1d-e47a-11e9-bc5d-0050569fd205', '2019-10-01 20:40:49', '70648b1d-e47a-11e9-bc5d-0050569fd205', 1);

-- --------------------------------------------------------

--
-- Table structure for table `company`
--

CREATE TABLE `company` (
  `CompanyId` varchar(225) NOT NULL,
  `Name` varchar(100) NOT NULL,
  `Website` varchar(100) NOT NULL,
  `TelephoneNumber` varchar(20) NOT NULL,
  `CreateDate` datetime NOT NULL DEFAULT current_timestamp(),
  `CreateUserId` varchar(225) NOT NULL,
  `ModifyDate` datetime NOT NULL DEFAULT current_timestamp(),
  `ModifyUserId` varchar(225) NOT NULL,
  `StatusId` int(11) NOT NULL
) ENGINE=InnoDB DEFAULT CHARSET=latin1;

--
-- Dumping data for table `company`
--

INSERT INTO `company` (`CompanyId`, `Name`, `Website`, `TelephoneNumber`, `CreateDate`, `CreateUserId`, `ModifyDate`, `ModifyUserId`, `StatusId`) VALUES
('0c852198-ffae-11e9-91af-363532eb0721', 'Cakes wow', 'na', 'na', '2019-11-05 11:24:21', 'web', '2019-11-05 11:24:21', 'web', 1),
('0c89e134-02ca-11ea-91af-363532eb0721', 'Monate Coffee', 'na', 'na', '2019-11-09 10:22:20', 'web', '2019-11-09 10:22:20', 'web', 1),
('12cf03f6-e46f-11e9-bc5d-0050569fd205', 'Thabani Trading Assoc', 'https://pivotalgroup.co.za/', '0115564547888', '2019-10-01 19:15:31', 'c3758771-e46e-11e9-bc5d-0050569fd205', '2019-10-01 19:15:31', 'c3758771-e46e-11e9-bc5d-0050569fd205', 1),
('159fe132-008b-11ea-91af-363532eb0721', 'Themba', 'na', 'na', '2019-11-06 13:46:35', 'web', '2019-11-06 13:46:35', 'web', 1),
('23b82588-e370-11e9-bc5d-0050569fd205', 'MONATE COFFEE', 'monatecoffee.com', '0115483300', '2019-09-30 12:50:38', 'c57c153d-e36e-11e9-bc5d-0050569fd205', '2019-09-30 12:50:38', 'c57c153d-e36e-11e9-bc5d-0050569fd205', 1),
('2a87e487-f66b-11e9-987f-363532eb0721', 'TwitterCompany', 'na', 'na', '2019-10-24 16:32:54', 'web', '2019-10-24 16:32:54', 'web', 1),
('2d3aafa8-e2e0-11e9-bc5d-0050569fd205', 'Thenji Enterprise', 'thenj.com', '0115454545', '2019-09-29 19:40:07', '97aec45d-e2df-11e9-bc5d-0050569fd205', '2019-09-29 19:40:07', '97aec45d-e2df-11e9-bc5d-0050569fd205', 1),
('30f96e3f-f978-11e9-987f-363532eb0721', 'Mulher Swimwear', 'na', 'na', '2019-10-28 13:43:42', 'web', '2019-10-28 13:43:42', 'web', 1),
('31e21ef1-e6a7-11e9-bc5d-0050569fd205', 'Shibobo', 'Shibobo', '0623974330', '2019-10-04 15:02:18', '0e497316-e6a7-11e9-bc5d-0050569fd205', '2019-10-04 15:02:18', '0e497316-e6a7-11e9-bc5d-0050569fd205', 1),
('3743426f-ea70-11e9-91ab-0050569fd205', 'Waasha', 'Waasha.co.za', '0763395833', '2019-10-09 10:38:49', 'f80e8313-ea6f-11e9-91ab-0050569fd205', '2019-10-09 10:38:49', 'f80e8313-ea6f-11e9-91ab-0050569fd205', 1),
('3a458a6c-008b-11ea-91af-363532eb0721', 'Impact ', 'na', 'na', '2019-11-06 13:47:36', 'web', '2019-11-06 13:47:36', 'web', 1),
('3ff37466-e486-11e9-bc5d-0050569fd205', 'T Js Car Wash', 'T Js Car Wash', '0633326548', '2019-10-01 22:01:26', '17d29327-e486-11e9-bc5d-0050569fd205', '2019-10-01 22:01:26', '17d29327-e486-11e9-bc5d-0050569fd205', 1),
('41094864-f668-11e9-987f-363532eb0721', 'TestCompany', 'na', 'na', '2019-10-24 16:12:03', 'web', '2019-10-24 16:12:03', 'web', 1),
('42be6167-2fa9-11ea-8be9-48f17f8d4d88', 'Zalou', 'na', 'na', '2020-01-05 12:51:00', 'web', '2020-01-05 12:51:00', 'web', 1),
('4523af94-d172-11e9-b97c-48f17f8d4d88', 'Factory Websites', 'websitesfactory.co.za', '0746958064', '2019-09-07 15:19:38', 'SYSTEM', '2019-09-07 15:19:38', 'SYSTEM', 1),
('47de8a17-3290-11ea-b970-48f17f8d4d88', 'S-Holdings', 'na', 'na', '2020-01-09 05:29:45', 'web', '2020-01-09 05:29:45', 'web', 1),
('49a75007-fff0-11e9-91af-363532eb0721', 'Inventoryio-Demo', 'na', 'na', '2019-11-05 19:18:30', 'web', '2019-11-05 19:18:30', 'web', 1),
('4b1f410b-e523-11e9-bc5d-0050569fd205', 'Konvict', 'www.konvict.co.za', '0746958064', '2019-10-02 16:45:35', '1154faf5-e523-11e9-bc5d-0050569fd205', '2019-10-02 16:45:35', '1154faf5-e523-11e9-bc5d-0050569fd205', 1),
('4c9ce60d-e370-11e9-bc5d-0050569fd205', 'MONATE COFFEE', 'monatecoffee.com', '0115483300', '2019-09-30 12:51:47', 'c57c153d-e36e-11e9-bc5d-0050569fd205', '2019-09-30 12:51:47', 'c57c153d-e36e-11e9-bc5d-0050569fd205', 1),
('5048f837-f66c-11e9-987f-363532eb0721', 'Nyoka Brand Suppliers ', 'na', 'na', '2019-10-24 16:41:07', 'web', '2019-10-24 16:41:07', 'web', 1),
('5461f5f7-f668-11e9-987f-363532eb0721', 'TestCompany', 'na', 'na', '2019-10-24 16:12:36', 'web', '2019-10-24 16:12:36', 'web', 1),
('57c2fda6-2fc4-11ea-8be9-48f17f8d4d88', 'Red Cube', 'na', 'na', '2020-01-05 16:04:52', 'web', '2020-01-05 16:04:52', 'web', 1),
('6cf1f3f5-e6b2-11e9-bc5d-0050569fd205', 'Lokshin Online Learning Academy', 'loxionlearning.com', '0826430926', '2019-10-04 16:22:41', '2e065d78-e6b2-11e9-bc5d-0050569fd205', '2019-10-04 16:22:41', '2e065d78-e6b2-11e9-bc5d-0050569fd205', 1),
('7e292e79-e44d-11e9-bc5d-0050569fd205', 'd', 'd', 'd', '2019-10-01 15:15:09', '7667809a-e44d-11e9-bc5d-0050569fd205', '2019-10-01 15:15:09', '7667809a-e44d-11e9-bc5d-0050569fd205', 1),
('84e1b6d9-30b8-11ea-8b45-48f17f8d4d88', 'data', 'na', 'na', '2020-01-06 21:12:44', 'web', '2020-01-06 21:12:44', 'web', 1),
('94c5b3cf-d170-11e9-b97c-48f17f8d4d88', 'Ndu Systems', 'ndu-systems.net', '0842529472', '2019-09-07 15:07:32', 'SYSTEM', '2019-09-07 15:07:32', 'SYSTEM', 1),
('9a6037a0-e688-11e9-bc5d-0050569fd205', 'Mulher Swimwear ', 'Www.mulherswimwear.co.za', '0614723377 ', '2019-10-04 11:23:19', '7feffeff-e688-11e9-bc5d-0050569fd205', '2019-10-04 11:23:19', '7feffeff-e688-11e9-bc5d-0050569fd205', 1),
('9b8ea912-e518-11e9-bc5d-0050569fd205', 'CITY MAG,WHEEL REPAIRS & TYRES', 'www.citymag.co.za', '0837735895', '2019-10-02 15:29:06', '41f977a7-e518-11e9-bc5d-0050569fd205', '2019-10-02 15:29:06', '41f977a7-e518-11e9-bc5d-0050569fd205', 1),
('a8e9befd-e35e-11e9-bc5d-0050569fd205', 'KBNET TECH', 'www.kbnet.co.za', '0786422445666', '2019-09-30 10:45:31', 'cd3cf692-e35d-11e9-bc5d-0050569fd205', '2019-09-30 10:45:31', 'cd3cf692-e35d-11e9-bc5d-0050569fd205', 1),
('ac9db3c5-e47a-11e9-bc5d-0050569fd205', 'Zalou. ', 'Zalou.com ', '0731207109 ', '2019-10-01 20:38:34', '70648b1d-e47a-11e9-bc5d-0050569fd205', '2019-10-01 20:38:34', '70648b1d-e47a-11e9-bc5d-0050569fd205', 1),
('af8c0a6c-e35e-11e9-bc5d-0050569fd205', 'KBNET TECH', 'www.kbnet.co.za', '0786422445666', '2019-09-30 10:45:42', 'cd3cf692-e35d-11e9-bc5d-0050569fd205', '2019-09-30 10:45:42', 'cd3cf692-e35d-11e9-bc5d-0050569fd205', 1),
('b1a0bfbe-e35e-11e9-bc5d-0050569fd205', 'KBNET TECH', 'www.kbnet.co.za', '0786422445666', '2019-09-30 10:45:45', 'cd3cf692-e35d-11e9-bc5d-0050569fd205', '2019-09-30 10:45:45', 'cd3cf692-e35d-11e9-bc5d-0050569fd205', 1),
('b565b481-30cd-11ea-8b45-48f17f8d4d88', 'imports', 'na', 'na', '2020-01-06 23:44:25', 'web', '2020-01-06 23:44:25', 'web', 1),
('b5fdc28c-05e4-11ea-abc0-4ad9491261dd', 'isithebe burial', 'na', 'na', '2019-11-13 09:10:45', 'web', '2019-11-13 09:10:45', 'web', 1),
('be2a0a18-e35e-11e9-bc5d-0050569fd205', 'KBNET TECH', 'www.kbnet.co.za', '0786422445666', '2019-09-30 10:46:06', 'cd3cf692-e35d-11e9-bc5d-0050569fd205', '2019-09-30 10:46:06', 'cd3cf692-e35d-11e9-bc5d-0050569fd205', 1),
('c753fd7b-e363-11e9-bc5d-0050569fd205', 'Pivotal Group', 'www', '0873105900', '2019-09-30 11:22:09', 'b4a32eea-e35b-11e9-bc5d-0050569fd205', '2019-09-30 11:22:09', 'b4a32eea-e35b-11e9-bc5d-0050569fd205', 1),
('cd9a7862-e363-11e9-bc5d-0050569fd205', 'Pivotal Group', 'www.pivotalgroup.co.za', '0873105900', '2019-09-30 11:22:20', 'b4a32eea-e35b-11e9-bc5d-0050569fd205', '2019-09-30 11:22:20', 'b4a32eea-e35b-11e9-bc5d-0050569fd205', 1),
('d33b5a5b-e35e-11e9-bc5d-0050569fd205', 'KBNET TECH', 'www.kbnet.co.za', '0786422445666', '2019-09-30 10:46:42', 'cd3cf692-e35d-11e9-bc5d-0050569fd205', '2019-09-30 10:46:42', 'cd3cf692-e35d-11e9-bc5d-0050569fd205', 1),
('dfd5ee69-e6ac-11e9-bc5d-0050569fd205', 'Noted clothing ', 'Na', '035828872', '2019-10-04 15:42:57', 'bfb9480e-e6ac-11e9-bc5d-0050569fd205', '2019-10-04 15:42:57', 'bfb9480e-e6ac-11e9-bc5d-0050569fd205', 1),
('e81ad518-005b-11ea-91af-363532eb0721', 'Chan Kottin', 'na', 'na', '2019-11-06 08:08:52', 'web', '2019-11-06 08:08:52', 'web', 1),
('ea6c6f96-2faf-11ea-8be9-48f17f8d4d88', 'Ndu Systems PTY LTD', 'na', 'na', '2020-01-05 13:38:38', 'web', '2020-01-05 13:38:38', 'web', 1),
('f019c8c5-3292-11ea-b970-48f17f8d4d88', 'SH', 'na', 'na', '2020-01-09 05:48:46', 'web', '2020-01-09 05:48:46', 'web', 1),
('f972ae4e-d244-11e9-b97c-48f17f8d4d88', 'Ndu Systems', 'The Willaim', '011454545', '2019-09-08 16:27:44', '673267837128', '2019-09-08 16:27:44', 'SYSTEM', 1),
('ff4fe4de-e44b-11e9-bc5d-0050569fd205', 'Ndu Systems', 'Ndu Systems', 'Ndu Systems', '2019-10-01 15:04:26', '325b02d3-e43c-11e9-bc5d-0050569fd205', '2019-10-01 15:04:26', '325b02d3-e43c-11e9-bc5d-0050569fd205', 1);

-- --------------------------------------------------------

--
-- Table structure for table `config`
--

CREATE TABLE `config` (
  `ConfigId` varchar(255) NOT NULL,
  `CompanyId` varchar(225) NOT NULL,
  `Name` varchar(50) NOT NULL,
  `Type` text NOT NULL,
  `Label` varchar(255) NOT NULL,
  `Value` varchar(5000) NOT NULL,
  `IsRequired` tinyint(1) NOT NULL DEFAULT 1,
  `FieldType` varchar(15) NOT NULL DEFAULT 'text',
  `CreateDate` datetime NOT NULL DEFAULT current_timestamp(),
  `CreateUserId` varchar(225) NOT NULL,
  `ModifyDate` datetime NOT NULL DEFAULT current_timestamp(),
  `ModifyUserId` varchar(225) NOT NULL,
  `StatusId` int(11) NOT NULL
) ENGINE=InnoDB DEFAULT CHARSET=latin1;

--
-- Dumping data for table `config`
--

INSERT INTO `config` (`ConfigId`, `CompanyId`, `Name`, `Type`, `Label`, `Value`, `IsRequired`, `FieldType`, `CreateDate`, `CreateUserId`, `ModifyDate`, `ModifyUserId`, `StatusId`) VALUES
('370bee5b-2faa-11ea-8be9-48f17f8d4d88', '42be6167-2fa9-11ea-8be9-48f17f8d4d88', 'addressline1', 'address', 'address line1', ' 22 A Henschel St', 1, 'string', '2020-01-05 12:57:50', 'system', '2020-01-05 13:11:45', 'system', 1),
('370cbe27-2faa-11ea-8be9-48f17f8d4d88', '42be6167-2fa9-11ea-8be9-48f17f8d4d88', 'addressline2', 'address', 'address line2', ' Crystal Park', 1, 'string', '2020-01-05 12:57:50', 'system', '2020-01-05 13:11:45', 'system', 1),
('370d16f1-2faa-11ea-8be9-48f17f8d4d88', '42be6167-2fa9-11ea-8be9-48f17f8d4d88', 'addressline3', 'address', 'addressline3', ' Benoni', 0, 'string', '2020-01-05 12:57:50', 'system', '2020-01-05 13:11:45', 'system', 1),
('370d6451-2faa-11ea-8be9-48f17f8d4d88', '42be6167-2fa9-11ea-8be9-48f17f8d4d88', 'email', 'address', 'Email Address', 'info@zalou.co.za', 1, 'string', '2020-01-05 12:57:50', 'system', '2020-01-05 13:11:45', 'system', 1),
('370db9a8-2faa-11ea-8be9-48f17f8d4d88', '42be6167-2fa9-11ea-8be9-48f17f8d4d88', 'phone', 'address', 'Contact Number', ' 011 554 5458', 1, 'string', '2020-01-05 12:57:50', 'system', '2020-01-05 13:11:45', 'system', 1),
('72928fca-2edc-11ea-99b8-48f17f8d4d88', '94c5b3cf-d170-11e9-b97c-48f17f8d4d88', 'bankname', 'bank', 'BANK NAME', ' ABSA BANK', 1, 'text', '2020-01-04 12:24:53', 'system', '2020-01-05 01:45:30', 'system', 1),
('729321ff-2edc-11ea-99b8-48f17f8d4d88', '94c5b3cf-d170-11e9-b97c-48f17f8d4d88', 'accountnumber', 'bank', 'account number', '78780845487', 1, 'number', '2020-01-04 12:24:53', 'system', '2020-01-05 01:45:30', 'system', 1),
('729359d5-2edc-11ea-99b8-48f17f8d4d88', '94c5b3cf-d170-11e9-b97c-48f17f8d4d88', 'branchname', 'bank', 'branch name', ' Sandton', 1, 'text', '2020-01-04 12:24:53', 'system', '2020-01-05 01:45:30', 'system', 1),
('7293ad4b-2edc-11ea-99b8-48f17f8d4d88', '94c5b3cf-d170-11e9-b97c-48f17f8d4d88', 'acountholder', 'bank', 'Account Holder', ' Ndu Systems', 1, 'text', '2020-01-04 12:24:53', 'system', '2020-01-05 01:45:30', 'system', 1),
('7293ad4b-2edc-11ea-99b8-48f17f8d4sd88', '94c5b3cf-d170-11e9-b97c-48f17f8d4d88', 'acountholder', 'bank', 'Show Bank Details', '1', 0, 'checkbox', '2020-01-04 12:24:53', 'system', '2020-01-05 01:45:30', 'system', 1),
('7a00ffa2-3293-11ea-b970-48f17f8d4d88', 'f019c8c5-3292-11ea-b970-48f17f8d4d88', 'addressline1', 'address', 'address line1', '270 Marshall ', 1, 'string', '2020-01-09 05:52:37', 'system', '2020-01-09 05:52:37', 'system', 1),
('7a01de41-3293-11ea-b970-48f17f8d4d88', 'f019c8c5-3292-11ea-b970-48f17f8d4d88', 'addressline2', 'address', 'address line2', 'City and Suburban', 1, 'string', '2020-01-09 05:52:37', 'system', '2020-01-09 05:52:37', 'system', 1),
('7a0284d5-3293-11ea-b970-48f17f8d4d88', 'f019c8c5-3292-11ea-b970-48f17f8d4d88', 'addressline3', 'address', 'addressline3', 'Johannesburg, 2094', 0, 'string', '2020-01-09 05:52:37', 'system', '2020-01-09 05:52:37', 'system', 1),
('7a0323f3-3293-11ea-b970-48f17f8d4d88', 'f019c8c5-3292-11ea-b970-48f17f8d4d88', 'email', 'address', 'Email Address', 'queries@ndu-systems.net', 1, 'string', '2020-01-09 05:52:37', 'system', '2020-01-09 05:52:37', 'system', 1),
('7a037e56-3293-11ea-b970-48f17f8d4d88', 'f019c8c5-3292-11ea-b970-48f17f8d4d88', 'phone', 'address', 'Contact Number', '0842529472', 1, 'string', '2020-01-09 05:52:37', 'system', '2020-01-09 05:52:37', 'system', 1),
('7ea6c7cd-3291-11ea-b970-48f17f8d4d88', '47de8a17-3290-11ea-b970-48f17f8d4d88', 'bankname', 'bank', 'BANK NAME', ' fnb', 1, 'string', '2020-01-09 05:38:26', 'system', '2020-01-09 05:38:26', 'system', 1),
('7ea7733d-3291-11ea-b970-48f17f8d4d88', '47de8a17-3290-11ea-b970-48f17f8d4d88', 'accountnumber', 'bank', 'account number', ' 6742346732', 1, 'string', '2020-01-09 05:38:26', 'system', '2020-01-09 05:38:26', 'system', 1),
('7ea7cb89-3291-11ea-b970-48f17f8d4d88', '47de8a17-3290-11ea-b970-48f17f8d4d88', 'branchname', 'bank', 'branch name', ' 235435', 1, 'string', '2020-01-09 05:38:26', 'system', '2020-01-09 05:38:26', 'system', 1),
('7ea821b8-3291-11ea-b970-48f17f8d4d88', '47de8a17-3290-11ea-b970-48f17f8d4d88', 'acountholder', 'bank', 'Account Holder', ' S-Holdings', 1, 'string', '2020-01-09 05:38:26', 'system', '2020-01-09 05:38:26', 'system', 1),
('8a7d93d0-2fb8-11ea-8be9-48f17f8d4d88', 'ea6c6f96-2faf-11ea-8be9-48f17f8d4d88', 'addressline1', 'address', 'address line1', ' William Nicol Dr & Broadacres Drive', 1, 'string', '2020-01-05 14:40:23', 'system', '2020-01-05 14:58:20', 'system', 1),
('8a7e334a-2fb8-11ea-8be9-48f17f8d4d88', 'ea6c6f96-2faf-11ea-8be9-48f17f8d4d88', 'addressline2', 'address', 'address line2', ' Zevenfontein 407-Jr', 1, 'string', '2020-01-05 14:40:23', 'system', '2020-01-05 14:58:20', 'system', 1),
('8a7e79a1-2fb8-11ea-8be9-48f17f8d4d88', 'ea6c6f96-2faf-11ea-8be9-48f17f8d4d88', 'addressline3', 'address', 'addressline3', ' Fourways 2191', 0, 'string', '2020-01-05 14:40:23', 'system', '2020-01-05 14:58:20', 'system', 1),
('8a7ebb41-2fb8-11ea-8be9-48f17f8d4d88', 'ea6c6f96-2faf-11ea-8be9-48f17f8d4d88', 'email', 'address', 'Email Address', ' info@ndu-systems.net', 1, 'string', '2020-01-05 14:40:23', 'system', '2020-01-05 14:58:20', 'system', 1),
('8a7f024b-2fb8-11ea-8be9-48f17f8d4d88', 'ea6c6f96-2faf-11ea-8be9-48f17f8d4d88', 'phone', 'address', 'Contact Number', '011 787 5455', 1, 'string', '2020-01-05 14:40:23', 'system', '2020-01-05 14:58:20', 'system', 1),
('8ed32047-3293-11ea-b970-48f17f8d4d88', 'f019c8c5-3292-11ea-b970-48f17f8d4d88', 'bankname', 'bank', 'BANK NAME', ' FNB', 1, 'string', '2020-01-09 05:53:12', 'system', '2020-01-09 05:53:12', 'system', 1),
('8ed3f7c5-3293-11ea-b970-48f17f8d4d88', 'f019c8c5-3292-11ea-b970-48f17f8d4d88', 'accountnumber', 'bank', 'account number', ' 3124324', 1, 'string', '2020-01-09 05:53:12', 'system', '2020-01-09 05:53:12', 'system', 1),
('8ed44ec0-3293-11ea-b970-48f17f8d4d88', 'f019c8c5-3292-11ea-b970-48f17f8d4d88', 'branchname', 'bank', 'branch name', ' Sandton', 1, 'string', '2020-01-09 05:53:12', 'system', '2020-01-09 05:53:12', 'system', 1),
('8ed4d432-3293-11ea-b970-48f17f8d4d88', 'f019c8c5-3292-11ea-b970-48f17f8d4d88', 'acountholder', 'bank', 'Account Holder', ' BH', 1, 'string', '2020-01-09 05:53:12', 'system', '2020-01-09 05:53:12', 'system', 1),
('9126df72-2ee0-11ea-99b8-48f17f8d4d88', '94c5b3cf-d170-11e9-b97c-48f17f8d4d88', 'addressline1', 'address', 'address line1', 'William Nicol Dr & Broadacres Drive', 1, 'text', '2020-01-04 12:54:23', 'system', '2020-01-04 23:50:36', 'system', 1),
('91278338-2ee0-11ea-99b8-48f17f8d4d88', '94c5b3cf-d170-11e9-b97c-48f17f8d4d88', 'addressline2', 'address', 'address line2', 'Zevenfontein 407-Jr', 1, 'text', '2020-01-04 12:54:23', 'system', '2020-01-04 23:50:36', 'system', 1),
('9127c20c-2ee0-11ea-99b8-48f17f8d4d88', '94c5b3cf-d170-11e9-b97c-48f17f8d4d88', 'addressline3', 'address', 'addressline3', 'Fourways, 2191', 0, 'text', '2020-01-04 12:54:23', 'system', '2020-01-04 23:50:36', 'system', 1),
('91280086-2ee0-11ea-99b8-48f17f8d4d88', '94c5b3cf-d170-11e9-b97c-48f17f8d4d88', 'email', 'address', 'Email Address', 'info@ndu-systems.net', 1, 'text', '2020-01-04 12:54:23', 'system', '2020-01-04 23:50:36', 'system', 1),
('91283712-2ee0-11ea-99b8-48f17f8d4d88', '94c5b3cf-d170-11e9-b97c-48f17f8d4d88', 'phone', 'address', 'Contact Number', '011 3654 548', 1, 'text', '2020-01-04 12:54:23', 'system', '2020-01-04 23:50:36', 'system', 1),
('a049a25b-3293-11ea-b970-48f17f8d4d88', 'f019c8c5-3292-11ea-b970-48f17f8d4d88', 'bgcolor', 'logocolors', 'Background Color', '184,2,14', 1, 'string', '2020-01-09 05:53:41', 'system', '2020-01-09 05:53:41', 'system', 1),
('a04a7b99-3293-11ea-b970-48f17f8d4d88', 'f019c8c5-3292-11ea-b970-48f17f8d4d88', 'fontcolor', 'logocolors', 'Font Color', '255,255,255', 1, 'string', '2020-01-09 05:53:41', 'system', '2020-01-09 05:53:41', 'system', 1),
('a188cdc5-2faa-11ea-8be9-48f17f8d4d88', '42be6167-2fa9-11ea-8be9-48f17f8d4d88', 'bgcolor', 'logocolors', 'Background Color', '164,125,61', 1, 'string', '2020-01-05 13:00:48', 'system', '2020-01-05 13:08:44', 'system', 1),
('a1896bee-2faa-11ea-8be9-48f17f8d4d88', '42be6167-2fa9-11ea-8be9-48f17f8d4d88', 'fontcolor', 'logocolors', 'Font Color', '255,255,255', 1, 'string', '2020-01-05 13:00:48', 'system', '2020-01-05 13:08:44', 'system', 1),
('a3086176-2fa9-11ea-8be9-48f17f8d4d88', '42be6167-2fa9-11ea-8be9-48f17f8d4d88', 'bankname', 'bank', 'BANK NAME', ' Absa', 1, 'string', '2020-01-05 12:53:41', 'system', '2020-01-05 12:53:41', 'system', 1),
('a308b933-2fa9-11ea-8be9-48f17f8d4d88', '42be6167-2fa9-11ea-8be9-48f17f8d4d88', 'accountnumber', 'bank', 'account number', '112324322', 1, 'string', '2020-01-05 12:53:41', 'system', '2020-01-05 12:53:41', 'system', 1),
('a3092216-2fa9-11ea-8be9-48f17f8d4d88', '42be6167-2fa9-11ea-8be9-48f17f8d4d88', 'branchname', 'bank', 'branch name', 'Benoni', 1, 'string', '2020-01-05 12:53:41', 'system', '2020-01-05 12:53:41', 'system', 1),
('a3097248-2fa9-11ea-8be9-48f17f8d4d88', '42be6167-2fa9-11ea-8be9-48f17f8d4d88', 'acountholder', 'bank', 'Account Holder', 'Sibahle Nkomo', 1, 'string', '2020-01-05 12:53:41', 'system', '2020-01-05 12:53:41', 'system', 1),
('a481cbf2-3291-11ea-b970-48f17f8d4d88', '47de8a17-3290-11ea-b970-48f17f8d4d88', 'addressline1', 'address', 'address line1', '270 Marshall St', 1, 'string', '2020-01-09 05:39:29', 'system', '2020-01-09 05:39:29', 'system', 1),
('a4823dda-3291-11ea-b970-48f17f8d4d88', '47de8a17-3290-11ea-b970-48f17f8d4d88', 'addressline2', 'address', 'address line2', 'City and Suburban', 1, 'string', '2020-01-09 05:39:29', 'system', '2020-01-09 05:39:29', 'system', 1),
('a482a519-3291-11ea-b970-48f17f8d4d88', '47de8a17-3290-11ea-b970-48f17f8d4d88', 'addressline3', 'address', 'addressline3', 'Johannesburg, 2094', 0, 'string', '2020-01-09 05:39:29', 'system', '2020-01-09 05:39:29', 'system', 1),
('a4832000-3291-11ea-b970-48f17f8d4d88', '47de8a17-3290-11ea-b970-48f17f8d4d88', 'email', 'address', 'Email Address', 'info@sholding.co.za', 1, 'string', '2020-01-09 05:39:29', 'system', '2020-01-09 05:39:29', 'system', 1),
('a4837e47-3291-11ea-b970-48f17f8d4d88', '47de8a17-3290-11ea-b970-48f17f8d4d88', 'phone', 'address', 'Contact Number', '0842529472', 1, 'string', '2020-01-09 05:39:29', 'system', '2020-01-09 05:39:29', 'system', 1),
('cb36517f-2fb3-11ea-8be9-48f17f8d4d88', 'ea6c6f96-2faf-11ea-8be9-48f17f8d4d88', 'bgcolor', 'logocolors', 'Background Color', '253,102,78', 1, 'string', '2020-01-05 14:06:24', 'system', '2020-01-05 17:33:24', 'system', 1),
('cb3729fa-2fb3-11ea-8be9-48f17f8d4d88', 'ea6c6f96-2faf-11ea-8be9-48f17f8d4d88', 'fontcolor', 'logocolors', 'Font Color', '255,255,255', 1, 'string', '2020-01-05 14:06:24', 'system', '2020-01-05 17:33:24', 'system', 1),
('cc916170-2f48-11ea-99b8-48f17f8d4d88', '94c5b3cf-d170-11e9-b97c-48f17f8d4d88', 'bgcolor', 'logocolors', 'Background Color', '253,102,78', 1, 'text', '2020-01-05 01:20:30', 'system', '2020-01-05 01:27:02', 'system', 1),
('cc91efa7-2f48-11ea-99b8-48f17f8d4d88', '94c5b3cf-d170-11e9-b97c-48f17f8d4d88', 'fontcolor', 'logocolors', 'Font Color', '255,255,255', 1, 'text', '2020-01-05 01:20:30', 'system', '2020-01-05 01:27:02', 'system', 1),
('e3961915-2fb3-11ea-8be9-48f17f8d4d88', 'ea6c6f96-2faf-11ea-8be9-48f17f8d4d88', 'bankname', 'bank', 'BANK NAME', ' ABSA', 1, 'string', '2020-01-05 14:07:05', 'system', '2020-01-05 17:32:48', 'system', 1),
('e3970460-2fb3-11ea-8be9-48f17f8d4d88', 'ea6c6f96-2faf-11ea-8be9-48f17f8d4d88', 'accountnumber', 'bank', 'account number', '8787 84518 6554', 1, 'string', '2020-01-05 14:07:05', 'system', '2020-01-05 17:32:48', 'system', 1),
('e3978386-2fb3-11ea-8be9-48f17f8d4d88', 'ea6c6f96-2faf-11ea-8be9-48f17f8d4d88', 'branchname', 'bank', 'branch name', '43652', 1, 'string', '2020-01-05 14:07:05', 'system', '2020-01-05 17:32:48', 'system', 1),
('e3985331-2fb3-11ea-8be9-48f17f8d4d88', 'ea6c6f96-2faf-11ea-8be9-48f17f8d4d88', 'acountholder', 'bank', 'Account Holder', ' Ndu Systems', 1, 'string', '2020-01-05 14:07:05', 'system', '2020-01-05 17:32:48', 'system', 1),
('e4cc0014-3291-11ea-b970-48f17f8d4d88', '47de8a17-3290-11ea-b970-48f17f8d4d88', 'bgcolor', 'logocolors', 'Background Color', '217,208,208', 1, 'string', '2020-01-09 05:41:17', 'system', '2020-01-09 05:47:17', 'system', 1),
('e4ccb1f7-3291-11ea-b970-48f17f8d4d88', '47de8a17-3290-11ea-b970-48f17f8d4d88', 'fontcolor', 'logocolors', 'Font Color', '0,0,0', 1, 'string', '2020-01-09 05:41:17', 'system', '2020-01-09 05:47:17', 'system', 1);

-- --------------------------------------------------------

--
-- Table structure for table `image`
--

CREATE TABLE `image` (
  `ImageId` varchar(225) NOT NULL,
  `CompanyId` varchar(225) NOT NULL,
  `OtherId` varchar(225) NOT NULL,
  `Url` text NOT NULL,
  `CreateDate` datetime NOT NULL DEFAULT current_timestamp(),
  `CreateUserId` varchar(225) NOT NULL,
  `ModifyDate` datetime NOT NULL DEFAULT current_timestamp(),
  `ModifyUserId` varchar(225) NOT NULL,
  `StatusId` int(10) NOT NULL
) ENGINE=InnoDB DEFAULT CHARSET=latin1;

--
-- Dumping data for table `image`
--

INSERT INTO `image` (`ImageId`, `CompanyId`, `OtherId`, `Url`, `CreateDate`, `CreateUserId`, `ModifyDate`, `ModifyUserId`, `StatusId`) VALUES
('07a2159c-2e47-11ea-8b40-48f17f8d4d88', '94c5b3cf-d170-11e9-b97c-48f17f8d4d88', '62bdfb82-d724-11e9-a568-c8f7501047dc', 'http://localhost:8200/inventoryio-api/api/upload/uploads/1578069319iio.jpg', '2020-01-03 18:35:19', '81de5b36-d170-11e9-b97c-48f17f8d4d88', '2020-01-03 18:35:19', '81de5b36-d170-11e9-b97c-48f17f8d4d88', 1),
('07df4ad4-3291-11ea-b970-48f17f8d4d88', '47de8a17-3290-11ea-b970-48f17f8d4d88', 'removed-a9952c68-3290-11ea-b970-48f17f8d4d88', 'http://localhost:8200/inventoryio-api/api/upload/uploads/1578540907iio.jpg', '2020-01-09 05:35:07', '47e43de7-3290-11ea-b970-48f17f8d4d88', '2020-01-09 05:35:37', '47e43de7-3290-11ea-b970-48f17f8d4d88', 2),
('0823aeae-2f3f-11ea-99b8-48f17f8d4d88', '94c5b3cf-d170-11e9-b97c-48f17f8d4d88', 'removed-94c5b3cf-d170-11e9-b97c-48f17f8d4d88', 'http://localhost:8200/inventoryio-api/api/upload/uploads/1578175835iio.jpg', '2020-01-05 00:10:35', '81de5b36-d170-11e9-b97c-48f17f8d4d88', '2020-01-05 00:13:13', '81de5b36-d170-11e9-b97c-48f17f8d4d88', 2),
('0a113599-2f3d-11ea-99b8-48f17f8d4d88', '94c5b3cf-d170-11e9-b97c-48f17f8d4d88', 'removed-94c5b3cf-d170-11e9-b97c-48f17f8d4d88', 'http://localhost:8200/inventoryio-api/api/upload/uploads/1578174979iio.jpg', '2020-01-04 23:56:19', '81de5b36-d170-11e9-b97c-48f17f8d4d88', '2020-01-04 23:56:53', '81de5b36-d170-11e9-b97c-48f17f8d4d88', 2),
('0b1a6309-3291-11ea-b970-48f17f8d4d88', '47de8a17-3290-11ea-b970-48f17f8d4d88', 'a9952c68-3290-11ea-b970-48f17f8d4d88', 'http://localhost:8200/inventoryio-api/api/upload/uploads/1578540912iio.jpg', '2020-01-09 05:35:12', '47e43de7-3290-11ea-b970-48f17f8d4d88', '2020-01-09 05:35:12', '47e43de7-3290-11ea-b970-48f17f8d4d88', 1),
('0c2f9adf-2e46-11ea-8b40-48f17f8d4d88', '94c5b3cf-d170-11e9-b97c-48f17f8d4d88', 'f55adf15-e29a-11e9-abbd-48f17f8d4d88', 'http://localhost:8200/inventoryio-api/api/upload/uploads/1578068897iio.jpg', '2020-01-03 18:28:17', '81de5b36-d170-11e9-b97c-48f17f8d4d88', '2020-01-03 18:28:17', '81de5b36-d170-11e9-b97c-48f17f8d4d88', 1),
('0f5075f9-2fb7-11ea-8be9-48f17f8d4d88', 'ea6c6f96-2faf-11ea-8be9-48f17f8d4d88', '0f4f6743-2fb7-11ea-8be9-48f17f8d4d88', 'http://localhost:8200/inventoryio-api/api/upload/uploads/1578227372iio.jpg', '2020-01-05 14:29:47', 'ea6f3106-2faf-11ea-8be9-48f17f8d4d88', '2020-01-05 14:29:47', 'ea6f3106-2faf-11ea-8be9-48f17f8d4d88', 1),
('12053372-2fac-11ea-8be9-48f17f8d4d88', '42be6167-2fa9-11ea-8be9-48f17f8d4d88', '42bfaa8a-2fa9-11ea-8be9-48f17f8d4d88', 'http://localhost:8200/inventoryio-api/api/upload/uploads/1578222667iio.jpg', '2020-01-05 13:11:07', '42bfaa8a-2fa9-11ea-8be9-48f17f8d4d88', '2020-01-05 13:11:07', '42bfaa8a-2fa9-11ea-8be9-48f17f8d4d88', 1),
('122e8f56-2e46-11ea-8b40-48f17f8d4d88', '94c5b3cf-d170-11e9-b97c-48f17f8d4d88', 'd6b01266-e159-11e9-9302-48f17f8d4d88', 'http://localhost:8200/inventoryio-api/api/upload/uploads/1578068907iio.jpg', '2020-01-03 18:28:27', '81de5b36-d170-11e9-b97c-48f17f8d4d88', '2020-01-03 18:28:27', '81de5b36-d170-11e9-b97c-48f17f8d4d88', 1),
('143e9a9b-2f4d-11ea-99b8-48f17f8d4d88', '94c5b3cf-d170-11e9-b97c-48f17f8d4d88', '94c5b3cf-d170-11e9-b97c-48f17f8d4d88', 'http://localhost:8200/inventoryio-api/api/upload/uploads/1578181868iio.jpg', '2020-01-05 01:51:08', '81de5b36-d170-11e9-b97c-48f17f8d4d88', '2020-01-05 01:51:08', '81de5b36-d170-11e9-b97c-48f17f8d4d88', 1),
('1be2232b-2f3d-11ea-99b8-48f17f8d4d88', '94c5b3cf-d170-11e9-b97c-48f17f8d4d88', 'removed-94c5b3cf-d170-11e9-b97c-48f17f8d4d88', 'http://localhost:8200/inventoryio-api/api/upload/uploads/1578175009iio.jpg', '2020-01-04 23:56:49', '81de5b36-d170-11e9-b97c-48f17f8d4d88', '2020-01-05 00:02:40', '81de5b36-d170-11e9-b97c-48f17f8d4d88', 2),
('208979dc-3291-11ea-b970-48f17f8d4d88', '47de8a17-3290-11ea-b970-48f17f8d4d88', 'a994b86a-3290-11ea-b970-48f17f8d4d88', 'http://localhost:8200/inventoryio-api/api/upload/uploads/1578540948iio.jpg', '2020-01-09 05:35:48', '47e43de7-3290-11ea-b970-48f17f8d4d88', '2020-01-09 05:35:48', '47e43de7-3290-11ea-b970-48f17f8d4d88', 1),
('20e912ba-2e46-11ea-8b40-48f17f8d4d88', '94c5b3cf-d170-11e9-b97c-48f17f8d4d88', 'f7f77f35-dfbc-11e9-850f-48f17f8d4d88', 'http://localhost:8200/inventoryio-api/api/upload/uploads/1578068932iio.jpg', '2020-01-03 18:28:52', '81de5b36-d170-11e9-b97c-48f17f8d4d88', '2020-01-03 18:28:52', '81de5b36-d170-11e9-b97c-48f17f8d4d88', 1),
('2c2461c3-2e47-11ea-8b40-48f17f8d4d88', '94c5b3cf-d170-11e9-b97c-48f17f8d4d88', 'd142a93c-d71b-11e9-a568-c8f7501047dc', 'http://localhost:8200/inventoryio-api/api/upload/uploads/1578069380iio.jpg', '2020-01-03 18:36:20', '81de5b36-d170-11e9-b97c-48f17f8d4d88', '2020-01-03 18:36:20', '81de5b36-d170-11e9-b97c-48f17f8d4d88', 1),
('35824ec1-3293-11ea-b970-48f17f8d4d88', 'f019c8c5-3292-11ea-b970-48f17f8d4d88', '30949087-3293-11ea-b970-48f17f8d4d88', 'http://localhost:8200/inventoryio-api/api/upload/uploads/1578541842iio.jpg', '2020-01-09 05:50:42', 'f01d15d4-3292-11ea-b970-48f17f8d4d88', '2020-01-09 05:50:42', 'f01d15d4-3292-11ea-b970-48f17f8d4d88', 1),
('35ea8a83-2e46-11ea-8b40-48f17f8d4d88', '94c5b3cf-d170-11e9-b97c-48f17f8d4d88', '2126dad9-df0a-11e9-a724-48f17f8d4d88', 'http://localhost:8200/inventoryio-api/api/upload/uploads/1578068967iio.jpg', '2020-01-03 18:29:27', '81de5b36-d170-11e9-b97c-48f17f8d4d88', '2020-01-03 18:29:27', '81de5b36-d170-11e9-b97c-48f17f8d4d88', 1),
('394b17d7-3293-11ea-b970-48f17f8d4d88', 'f019c8c5-3292-11ea-b970-48f17f8d4d88', '309554f4-3293-11ea-b970-48f17f8d4d88', 'http://localhost:8200/inventoryio-api/api/upload/uploads/1578541849iio.jpg', '2020-01-09 05:50:49', 'f01d15d4-3292-11ea-b970-48f17f8d4d88', '2020-01-09 05:50:49', 'f01d15d4-3292-11ea-b970-48f17f8d4d88', 1),
('3bf194a4-2e46-11ea-8b40-48f17f8d4d88', '94c5b3cf-d170-11e9-b97c-48f17f8d4d88', 'aa4825ec-df08-11e9-a724-48f17f8d4d88', 'http://localhost:8200/inventoryio-api/api/upload/uploads/1578068977iio.jpg', '2020-01-03 18:29:37', '81de5b36-d170-11e9-b97c-48f17f8d4d88', '2020-01-03 18:29:37', '81de5b36-d170-11e9-b97c-48f17f8d4d88', 1),
('3e5eab13-2fca-11ea-8be9-48f17f8d4d88', 'ea6c6f96-2faf-11ea-8be9-48f17f8d4d88', 'ea6f3106-2faf-11ea-8be9-48f17f8d4d88', 'http://localhost:8200/inventoryio-api/api/upload/uploads/1578235626iio.jpg', '2020-01-05 16:47:06', 'ea6f3106-2faf-11ea-8be9-48f17f8d4d88', '2020-01-05 16:47:06', 'ea6f3106-2faf-11ea-8be9-48f17f8d4d88', 1),
('422f91e9-2e46-11ea-8b40-48f17f8d4d88', '94c5b3cf-d170-11e9-b97c-48f17f8d4d88', 'c13b768a-dedd-11e9-a724-48f17f8d4d88', 'http://localhost:8200/inventoryio-api/api/upload/uploads/1578068988iio.jpg', '2020-01-03 18:29:48', '81de5b36-d170-11e9-b97c-48f17f8d4d88', '2020-01-03 18:29:48', '81de5b36-d170-11e9-b97c-48f17f8d4d88', 1),
('44723da2-2e47-11ea-8b40-48f17f8d4d88', '94c5b3cf-d170-11e9-b97c-48f17f8d4d88', 'removed-8aadcceb-d6f7-11e9-a5a1-c8f7501047dc', 'http://localhost:8200/inventoryio-api/api/upload/uploads/1578069421iio.jpg', '2020-01-03 18:37:01', '81de5b36-d170-11e9-b97c-48f17f8d4d88', '2020-01-03 18:37:05', '81de5b36-d170-11e9-b97c-48f17f8d4d88', 2),
('55667bf7-2faa-11ea-8be9-48f17f8d4d88', '42be6167-2fa9-11ea-8be9-48f17f8d4d88', '42be6167-2fa9-11ea-8be9-48f17f8d4d88', 'http://localhost:8200/inventoryio-api/api/upload/uploads/1578221921iio.jpg', '2020-01-05 12:58:41', '42bfaa8a-2fa9-11ea-8be9-48f17f8d4d88', '2020-01-05 12:58:41', '42bfaa8a-2fa9-11ea-8be9-48f17f8d4d88', 1),
('57c142f9-3290-11ea-b970-48f17f8d4d88', '47de8a17-3290-11ea-b970-48f17f8d4d88', '47e43de7-3290-11ea-b970-48f17f8d4d88', 'http://localhost:8200/inventoryio-api/api/upload/uploads/1578540611iio.jpg', '2020-01-09 05:30:11', '47e43de7-3290-11ea-b970-48f17f8d4d88', '2020-01-09 05:30:11', '47e43de7-3290-11ea-b970-48f17f8d4d88', 1),
('643e6446-2f1d-11ea-99b8-48f17f8d4d88', '94c5b3cf-d170-11e9-b97c-48f17f8d4d88', '6ae6f763-d6f4-11e9-a5a1-c8f7501047dc', 'http://localhost:8200/inventoryio-api/api/upload/uploads/1578161386iio.jpg', '2020-01-04 20:09:47', '81de5b36-d170-11e9-b97c-48f17f8d4d88', '2020-01-04 20:09:47', '81de5b36-d170-11e9-b97c-48f17f8d4d88', 1),
('64da52f6-2f3f-11ea-99b8-48f17f8d4d88', '94c5b3cf-d170-11e9-b97c-48f17f8d4d88', 'removed-94c5b3cf-d170-11e9-b97c-48f17f8d4d88', 'http://localhost:8200/inventoryio-api/api/upload/uploads/1578175990iio.jpg', '2020-01-05 00:13:10', '81de5b36-d170-11e9-b97c-48f17f8d4d88', '2020-01-05 01:26:20', '81de5b36-d170-11e9-b97c-48f17f8d4d88', 2),
('6f0c97b8-2e46-11ea-8b40-48f17f8d4d88', '94c5b3cf-d170-11e9-b97c-48f17f8d4d88', '417ffc60-df08-11e9-a724-48f17f8d4d88', 'http://localhost:8200/inventoryio-api/api/upload/uploads/1578069063iio.jpg', '2020-01-03 18:31:03', '81de5b36-d170-11e9-b97c-48f17f8d4d88', '2020-01-03 18:31:03', '81de5b36-d170-11e9-b97c-48f17f8d4d88', 1),
('766ffd5c-2e47-11ea-8b40-48f17f8d4d88', '94c5b3cf-d170-11e9-b97c-48f17f8d4d88', '8aadcceb-d6f7-11e9-a5a1-c8f7501047dc', 'http://localhost:8200/inventoryio-api/api/upload/uploads/1578069505iio.jpg', '2020-01-03 18:38:25', '81de5b36-d170-11e9-b97c-48f17f8d4d88', '2020-01-03 18:38:25', '81de5b36-d170-11e9-b97c-48f17f8d4d88', 1),
('7d19a908-2fb6-11ea-8be9-48f17f8d4d88', 'ea6c6f96-2faf-11ea-8be9-48f17f8d4d88', 'cc39e692-2fb0-11ea-8be9-48f17f8d4d88', 'http://localhost:8200/inventoryio-api/api/upload/uploads/1578227141iio.jpg', '2020-01-05 14:25:41', 'ea6f3106-2faf-11ea-8be9-48f17f8d4d88', '2020-01-05 14:25:41', 'ea6f3106-2faf-11ea-8be9-48f17f8d4d88', 1),
('81cc3d3b-2fb6-11ea-8be9-48f17f8d4d88', 'ea6c6f96-2faf-11ea-8be9-48f17f8d4d88', 'removed-a685d45e-2fb0-11ea-8be9-48f17f8d4d88', 'http://localhost:8200/inventoryio-api/api/upload/uploads/1578227149iio.jpg', '2020-01-05 14:25:49', 'ea6f3106-2faf-11ea-8be9-48f17f8d4d88', '2020-01-05 14:26:55', 'ea6f3106-2faf-11ea-8be9-48f17f8d4d88', 2),
('8a5c8358-2fb6-11ea-8be9-48f17f8d4d88', 'ea6c6f96-2faf-11ea-8be9-48f17f8d4d88', '7922a687-2fb0-11ea-8be9-48f17f8d4d88', 'http://localhost:8200/inventoryio-api/api/upload/uploads/1578227163iio.jpg', '2020-01-05 14:26:04', 'ea6f3106-2faf-11ea-8be9-48f17f8d4d88', '2020-01-05 14:26:04', 'ea6f3106-2faf-11ea-8be9-48f17f8d4d88', 1),
('8ab84b9b-2f3e-11ea-99b8-48f17f8d4d88', '94c5b3cf-d170-11e9-b97c-48f17f8d4d88', 'removed-94c5b3cf-d170-11e9-b97c-48f17f8d4d88', 'http://localhost:8200/inventoryio-api/api/upload/uploads/1578175624iio.jpg', '2020-01-05 00:07:04', '81de5b36-d170-11e9-b97c-48f17f8d4d88', '2020-01-05 00:08:37', '81de5b36-d170-11e9-b97c-48f17f8d4d88', 2),
('90ec86fb-2fa9-11ea-8be9-48f17f8d4d88', '42be6167-2fa9-11ea-8be9-48f17f8d4d88', '90ebf58a-2fa9-11ea-8be9-48f17f8d4d88', 'http://localhost:8200/inventoryio-api/api/upload/uploads/1578221574iio.jpg', '2020-01-05 12:53:11', '42bfaa8a-2fa9-11ea-8be9-48f17f8d4d88', '2020-01-05 12:53:11', '42bfaa8a-2fa9-11ea-8be9-48f17f8d4d88', 1),
('94bc4e91-2f26-11ea-99b8-48f17f8d4d88', '94c5b3cf-d170-11e9-b97c-48f17f8d4d88', 'removed-94c5b3cf-d170-11e9-b97c-48f17f8d4d88', 'http://localhost:8200/inventoryio-api/api/upload/uploads/1578165333iio.jpg', '2020-01-04 21:15:33', '48afb5fb-2f20-11ea-99b8-48f17f8d4d88', '2020-01-04 21:59:31', '48afb5fb-2f20-11ea-99b8-48f17f8d4d88', 2),
('9a2340ba-3293-11ea-b970-48f17f8d4d88', 'f019c8c5-3292-11ea-b970-48f17f8d4d88', 'f019c8c5-3292-11ea-b970-48f17f8d4d88', 'http://localhost:8200/inventoryio-api/api/upload/uploads/1578542011iio.jpg', '2020-01-09 05:53:31', 'f01d15d4-3292-11ea-b970-48f17f8d4d88', '2020-01-09 05:53:31', 'f01d15d4-3292-11ea-b970-48f17f8d4d88', 1),
('9adac1bb-2f49-11ea-99b8-48f17f8d4d88', '94c5b3cf-d170-11e9-b97c-48f17f8d4d88', 'removed-94c5b3cf-d170-11e9-b97c-48f17f8d4d88', 'http://localhost:8200/inventoryio-api/api/upload/uploads/1578180376iio.jpg', '2020-01-05 01:26:16', '81de5b36-d170-11e9-b97c-48f17f8d4d88', '2020-01-05 01:48:23', '81de5b36-d170-11e9-b97c-48f17f8d4d88', 2),
('9d80cd67-2fb9-11ea-8be9-48f17f8d4d88', 'ea6c6f96-2faf-11ea-8be9-48f17f8d4d88', 'removed-ea6c6f96-2faf-11ea-8be9-48f17f8d4d88', 'http://localhost:8200/inventoryio-api/api/upload/uploads/1578228484iio.jpg', '2020-01-05 14:48:04', 'ea6f3106-2faf-11ea-8be9-48f17f8d4d88', '2020-01-05 14:57:10', 'ea6f3106-2faf-11ea-8be9-48f17f8d4d88', 2),
('9faa4c54-2e46-11ea-8b40-48f17f8d4d88', '94c5b3cf-d170-11e9-b97c-48f17f8d4d88', 'c54e67a9-dd62-11e9-8ffb-c8f7501047dc', 'http://localhost:8200/inventoryio-api/api/upload/uploads/1578069144iio.jpg', '2020-01-03 18:32:24', '81de5b36-d170-11e9-b97c-48f17f8d4d88', '2020-01-03 18:32:24', '81de5b36-d170-11e9-b97c-48f17f8d4d88', 1),
('ab4ae305-2fb6-11ea-8be9-48f17f8d4d88', 'ea6c6f96-2faf-11ea-8be9-48f17f8d4d88', 'a685d45e-2fb0-11ea-8be9-48f17f8d4d88', 'http://localhost:8200/inventoryio-api/api/upload/uploads/1578227219iio.jpg', '2020-01-05 14:26:59', 'ea6f3106-2faf-11ea-8be9-48f17f8d4d88', '2020-01-05 14:26:59', 'ea6f3106-2faf-11ea-8be9-48f17f8d4d88', 1),
('acb86508-2e47-11ea-8b40-48f17f8d4d88', '94c5b3cf-d170-11e9-b97c-48f17f8d4d88', '6ae6f763-d6f4-11e9-a5a1-c8f7501047dc', 'http://localhost:8200/inventoryio-api/api/upload/uploads/1578069596iio.jpg', '2020-01-03 18:39:56', '81de5b36-d170-11e9-b97c-48f17f8d4d88', '2020-01-03 18:39:56', '81de5b36-d170-11e9-b97c-48f17f8d4d88', 1),
('b03383ec-2f4c-11ea-99b8-48f17f8d4d88', '94c5b3cf-d170-11e9-b97c-48f17f8d4d88', 'removed-94c5b3cf-d170-11e9-b97c-48f17f8d4d88', 'http://localhost:8200/inventoryio-api/api/upload/uploads/1578181700iio.jpg', '2020-01-05 01:48:20', '81de5b36-d170-11e9-b97c-48f17f8d4d88', '2020-01-05 01:51:10', '81de5b36-d170-11e9-b97c-48f17f8d4d88', 2),
('b17d11c8-3291-11ea-b970-48f17f8d4d88', '47de8a17-3290-11ea-b970-48f17f8d4d88', 'removed-47de8a17-3290-11ea-b970-48f17f8d4d88', 'http://localhost:8200/inventoryio-api/api/upload/uploads/1578541191iio.jpg', '2020-01-09 05:39:51', '47e43de7-3290-11ea-b970-48f17f8d4d88', '2020-01-09 05:47:01', '47e43de7-3290-11ea-b970-48f17f8d4d88', 2),
('b881911a-2fb3-11ea-8be9-48f17f8d4d88', 'ea6c6f96-2faf-11ea-8be9-48f17f8d4d88', 'removed-ea6c6f96-2faf-11ea-8be9-48f17f8d4d88', 'http://localhost:8200/inventoryio-api/api/upload/uploads/1578225952iio.jpg', '2020-01-05 14:05:52', 'ea6f3106-2faf-11ea-8be9-48f17f8d4d88', '2020-01-05 14:34:43', 'ea6f3106-2faf-11ea-8be9-48f17f8d4d88', 2),
('bcbb87ac-2f2c-11ea-99b8-48f17f8d4d88', '94c5b3cf-d170-11e9-b97c-48f17f8d4d88', 'removed-94c5b3cf-d170-11e9-b97c-48f17f8d4d88', 'http://localhost:8200/inventoryio-api/api/upload/uploads/1578167977iio.jpg', '2020-01-04 21:59:37', '81de5b36-d170-11e9-b97c-48f17f8d4d88', '2020-01-04 23:55:24', '81de5b36-d170-11e9-b97c-48f17f8d4d88', 2),
('be4cb852-2fb7-11ea-8be9-48f17f8d4d88', 'ea6c6f96-2faf-11ea-8be9-48f17f8d4d88', 'removed-ea6c6f96-2faf-11ea-8be9-48f17f8d4d88', 'http://localhost:8200/inventoryio-api/api/upload/uploads/1578227680iio.jpg', '2020-01-05 14:34:40', 'ea6f3106-2faf-11ea-8be9-48f17f8d4d88', '2020-01-05 14:47:33', 'ea6f3106-2faf-11ea-8be9-48f17f8d4d88', 2),
('c8199d6b-2e47-11ea-8b40-48f17f8d4d88', '94c5b3cf-d170-11e9-b97c-48f17f8d4d88', '5264b66d-d6f0-11e9-a5a1-c8f7501047dc', 'http://localhost:8200/inventoryio-api/api/upload/uploads/1578069642iio.jpg', '2020-01-03 18:40:42', '81de5b36-d170-11e9-b97c-48f17f8d4d88', '2020-01-03 18:40:42', '81de5b36-d170-11e9-b97c-48f17f8d4d88', 1),
('d858dc3d-2f1c-11ea-99b8-48f17f8d4d88', '94c5b3cf-d170-11e9-b97c-48f17f8d4d88', '81de5b36-d170-11e9-b97c-48f17f8d4d88', 'http://localhost:8200/inventoryio-api/api/upload/uploads/1578161152iio.jpg', '2020-01-04 20:05:52', '81de5b36-d170-11e9-b97c-48f17f8d4d88', '2020-01-04 20:05:52', '81de5b36-d170-11e9-b97c-48f17f8d4d88', 1),
('ddfc36f4-2e46-11ea-8b40-48f17f8d4d88', '94c5b3cf-d170-11e9-b97c-48f17f8d4d88', '0c1f21ca-dc76-11e9-84fb-c8f7501047dc', 'http://localhost:8200/inventoryio-api/api/upload/uploads/1578069249iio.jpg', '2020-01-03 18:34:09', '81de5b36-d170-11e9-b97c-48f17f8d4d88', '2020-01-03 18:34:09', '81de5b36-d170-11e9-b97c-48f17f8d4d88', 1),
('e54f1ce1-2fba-11ea-8be9-48f17f8d4d88', 'ea6c6f96-2faf-11ea-8be9-48f17f8d4d88', 'ea6c6f96-2faf-11ea-8be9-48f17f8d4d88', 'http://localhost:8200/inventoryio-api/api/upload/uploads/1578229034iio.jpg', '2020-01-05 14:57:14', 'ea6f3106-2faf-11ea-8be9-48f17f8d4d88', '2020-01-05 14:57:14', 'ea6f3106-2faf-11ea-8be9-48f17f8d4d88', 1),
('eba09069-2f3d-11ea-99b8-48f17f8d4d88', '94c5b3cf-d170-11e9-b97c-48f17f8d4d88', 'removed-94c5b3cf-d170-11e9-b97c-48f17f8d4d88', 'http://localhost:8200/inventoryio-api/api/upload/uploads/1578175358iio.jpg', '2020-01-05 00:02:38', '81de5b36-d170-11e9-b97c-48f17f8d4d88', '2020-01-05 00:06:27', '81de5b36-d170-11e9-b97c-48f17f8d4d88', 2),
('ec3163ad-2f25-11ea-99b8-48f17f8d4d88', '94c5b3cf-d170-11e9-b97c-48f17f8d4d88', 'removed-94c5b3cf-d170-11e9-b97c-48f17f8d4d88', 'http://localhost:8200/inventoryio-api/api/upload/uploads/1578165051iio.jpg', '2020-01-04 21:10:51', '48afb5fb-2f20-11ea-99b8-48f17f8d4d88', '2020-01-04 21:15:28', '48afb5fb-2f20-11ea-99b8-48f17f8d4d88', 2),
('f199ebfc-2f3c-11ea-99b8-48f17f8d4d88', '94c5b3cf-d170-11e9-b97c-48f17f8d4d88', 'removed-94c5b3cf-d170-11e9-b97c-48f17f8d4d88', 'http://localhost:8200/inventoryio-api/api/upload/uploads/1578174938iio.jpg', '2020-01-04 23:55:38', '81de5b36-d170-11e9-b97c-48f17f8d4d88', '2020-01-04 23:56:23', '81de5b36-d170-11e9-b97c-48f17f8d4d88', 2),
('f6d65d76-2f3e-11ea-99b8-48f17f8d4d88', '94c5b3cf-d170-11e9-b97c-48f17f8d4d88', 'removed-94c5b3cf-d170-11e9-b97c-48f17f8d4d88', 'http://localhost:8200/inventoryio-api/api/upload/uploads/1578175806iio.jpg', '2020-01-05 00:10:06', '81de5b36-d170-11e9-b97c-48f17f8d4d88', '2020-01-05 00:10:38', '81de5b36-d170-11e9-b97c-48f17f8d4d88', 2),
('ff133b5d-2fb5-11ea-8be9-48f17f8d4d88', 'ea6c6f96-2faf-11ea-8be9-48f17f8d4d88', 'removed-cc39e692-2fb0-11ea-8be9-48f17f8d4d88', 'http://localhost:8200/inventoryio-api/api/upload/uploads/1578226930iio.jpg', '2020-01-05 14:22:10', 'ea6f3106-2faf-11ea-8be9-48f17f8d4d88', '2020-01-05 14:25:23', 'ea6f3106-2faf-11ea-8be9-48f17f8d4d88', 2);

-- --------------------------------------------------------

--
-- Table structure for table `orders`
--

CREATE TABLE `orders` (
  `OrdersId` varchar(225) NOT NULL,
  `OrderId` int(10) NOT NULL,
  `CompanyId` varchar(225) NOT NULL,
  `ParntersId` varchar(225) DEFAULT NULL,
  `OrderType` varchar(100) NOT NULL,
  `Total` decimal(10,0) NOT NULL,
  `Paid` decimal(10,0) DEFAULT 0,
  `Due` decimal(10,0) DEFAULT NULL,
  `ExpectedDate` text DEFAULT NULL,
  `CreateDate` datetime NOT NULL DEFAULT current_timestamp(),
  `CreateUserId` varchar(225) NOT NULL,
  `ModifyDate` datetime NOT NULL DEFAULT current_timestamp(),
  `ModifyUserId` varchar(225) NOT NULL,
  `Status` varchar(50) DEFAULT NULL,
  `StatusId` int(11) NOT NULL
) ENGINE=InnoDB DEFAULT CHARSET=latin1;

--
-- Dumping data for table `orders`
--

INSERT INTO `orders` (`OrdersId`, `OrderId`, `CompanyId`, `ParntersId`, `OrderType`, `Total`, `Paid`, `Due`, `ExpectedDate`, `CreateDate`, `CreateUserId`, `ModifyDate`, `ModifyUserId`, `Status`, `StatusId`) VALUES
('b4ac382c-158e-11ea-bfd0-48f17f8d4d88', 1, '94c5b3cf-d170-11e9-b97c-48f17f8d4d88', '112da94a-0d3a-11ea-be49-48f17f8d4d88', 'Sell', '900074', '0', '900074', NULL, '2019-12-03 07:35:24', '81de5b36-d170-11e9-b97c-48f17f8d4d88', '2019-12-03 07:35:24', '81de5b36-d170-11e9-b97c-48f17f8d4d88', 'new', 1),
('ae815037-18e8-11ea-8276-48f17f8d4d88', 2, '94c5b3cf-d170-11e9-b97c-48f17f8d4d88', '', 'Sell', '1486', '1486', '0', NULL, '2019-12-07 13:57:02', '81de5b36-d170-11e9-b97c-48f17f8d4d88', '2019-12-07 13:57:40', '81de5b36-d170-11e9-b97c-48f17f8d4d88', 'new', 1),
('99d96fd3-18e9-11ea-8276-48f17f8d4d88', 3, '94c5b3cf-d170-11e9-b97c-48f17f8d4d88', '', 'Sell', '224', '0', '224', NULL, '2019-12-07 14:03:37', '81de5b36-d170-11e9-b97c-48f17f8d4d88', '2019-12-07 14:03:37', '81de5b36-d170-11e9-b97c-48f17f8d4d88', 'new', 1),
('186d2646-18ea-11ea-8276-48f17f8d4d88', 4, '94c5b3cf-d170-11e9-b97c-48f17f8d4d88', '', 'Sell', '794', '794', '0', NULL, '2019-12-07 14:07:09', '81de5b36-d170-11e9-b97c-48f17f8d4d88', '2019-12-10 21:13:37', '81de5b36-d170-11e9-b97c-48f17f8d4d88', 'new', 1),
('1e52cb20-1b81-11ea-a59b-48f17f8d4d88', 5, '94c5b3cf-d170-11e9-b97c-48f17f8d4d88', '8b4ec4bd-18e8-11ea-8276-48f17f8d4d88', 'Sell', '294', '0', '294', NULL, '2019-12-10 21:13:16', '81de5b36-d170-11e9-b97c-48f17f8d4d88', '2019-12-10 21:13:16', '81de5b36-d170-11e9-b97c-48f17f8d4d88', 'new', 1),
('3b06b072-1be2-11ea-8867-48f17f8d4d88', 6, '23b82588-e370-11e9-bc5d-0050569fd205', '', 'Sell', '315', '0', '315', NULL, '2019-12-11 08:48:25', '704bf544-e517-11e9-bc5d-0050569fd205', '2019-12-11 08:48:25', '704bf544-e517-11e9-bc5d-0050569fd205', 'new', 1),
('532a85f0-1be2-11ea-8867-48f17f8d4d88', 7, '23b82588-e370-11e9-bc5d-0050569fd205', '4f1c38ad-1be2-11ea-8867-48f17f8d4d88', 'Sell', '395', '0', '395', NULL, '2019-12-11 08:49:05', '704bf544-e517-11e9-bc5d-0050569fd205', '2019-12-11 08:49:05', '704bf544-e517-11e9-bc5d-0050569fd205', 'new', 1),
('efeb5ac3-1be4-11ea-8867-48f17f8d4d88', 8, '23b82588-e370-11e9-bc5d-0050569fd205', 'e8de2617-1be4-11ea-8867-48f17f8d4d88', 'Sell', '350', '350', '0', NULL, '2019-12-11 09:07:47', '704bf544-e517-11e9-bc5d-0050569fd205', '2019-12-11 09:08:47', '704bf544-e517-11e9-bc5d-0050569fd205', 'new', 1),
('0c4c3f54-22f8-11ea-bb26-48f17f8d4d88', 9, '94c5b3cf-d170-11e9-b97c-48f17f8d4d88', '', 'Sell', '112', '0', '112', NULL, '2019-12-20 09:12:14', '81de5b36-d170-11e9-b97c-48f17f8d4d88', '2019-12-20 09:12:14', '81de5b36-d170-11e9-b97c-48f17f8d4d88', 'new', 1),
('d0e20298-2ba4-11ea-84fd-48f17f8d4d88', 10, '94c5b3cf-d170-11e9-b97c-48f17f8d4d88', '8b4ec4bd-18e8-11ea-8276-48f17f8d4d88', 'Sell', '451149', '0', '451149', '2020-01-15 10:09:06', '2019-12-31 10:09:06', '81de5b36-d170-11e9-b97c-48f17f8d4d88', '2019-12-31 10:09:06', '81de5b36-d170-11e9-b97c-48f17f8d4d88', 'new', 1),
('048e9f3c-2e48-11ea-8b40-48f17f8d4d88', 11, '94c5b3cf-d170-11e9-b97c-48f17f8d4d88', '', 'Sell', '454', '0', '454', NULL, '2020-01-03 18:42:23', '81de5b36-d170-11e9-b97c-48f17f8d4d88', '2020-01-03 18:42:23', '81de5b36-d170-11e9-b97c-48f17f8d4d88', 'new', 1),
('58135745-2e48-11ea-8b40-48f17f8d4d88', 12, '94c5b3cf-d170-11e9-b97c-48f17f8d4d88', '112da94a-0d3a-11ea-be49-48f17f8d4d88', 'Sell', '1002', '0', '1002', NULL, '2020-01-03 18:44:43', '81de5b36-d170-11e9-b97c-48f17f8d4d88', '2020-01-03 18:44:43', '81de5b36-d170-11e9-b97c-48f17f8d4d88', 'new', 1),
('fe457b66-2f3d-11ea-99b8-48f17f8d4d88', 13, '94c5b3cf-d170-11e9-b97c-48f17f8d4d88', '', 'Sell', '57', '0', '57', NULL, '2020-01-05 00:03:09', '81de5b36-d170-11e9-b97c-48f17f8d4d88', '2020-01-05 00:03:09', '81de5b36-d170-11e9-b97c-48f17f8d4d88', 'new', 1),
('8b9123a3-2faa-11ea-8be9-48f17f8d4d88', 14, '42be6167-2fa9-11ea-8be9-48f17f8d4d88', '86d53a83-2faa-11ea-8be9-48f17f8d4d88', 'Sell', '1200', '0', '1200', NULL, '2020-01-05 13:00:12', '42bfaa8a-2fa9-11ea-8be9-48f17f8d4d88', '2020-01-05 13:00:12', '42bfaa8a-2fa9-11ea-8be9-48f17f8d4d88', 'new', 1),
('e5ba4945-2fb0-11ea-8be9-48f17f8d4d88', 15, 'ea6c6f96-2faf-11ea-8be9-48f17f8d4d88', 'dc2beb6f-2fb0-11ea-8be9-48f17f8d4d88', 'Sell', '500', '0', '500', NULL, '2020-01-05 13:45:40', 'ea6f3106-2faf-11ea-8be9-48f17f8d4d88', '2020-01-05 13:45:40', 'ea6f3106-2faf-11ea-8be9-48f17f8d4d88', 'new', 1),
('28a787bb-2fb3-11ea-8be9-48f17f8d4d88', 16, 'ea6c6f96-2faf-11ea-8be9-48f17f8d4d88', 'dc2beb6f-2fb0-11ea-8be9-48f17f8d4d88', 'Sell', '500', '0', '500', NULL, '2020-01-05 14:01:51', 'ea6f3106-2faf-11ea-8be9-48f17f8d4d88', '2020-01-05 14:01:51', 'ea6f3106-2faf-11ea-8be9-48f17f8d4d88', 'new', 1),
('ab81f19e-2fb3-11ea-8be9-48f17f8d4d88', 17, 'ea6c6f96-2faf-11ea-8be9-48f17f8d4d88', 'dc2beb6f-2fb0-11ea-8be9-48f17f8d4d88', 'Sell', '500', '0', '500', NULL, '2020-01-05 14:05:31', 'ea6f3106-2faf-11ea-8be9-48f17f8d4d88', '2020-01-05 14:05:31', 'ea6f3106-2faf-11ea-8be9-48f17f8d4d88', 'new', 1),
('f0152ccc-2fb3-11ea-8be9-48f17f8d4d88', 18, 'ea6c6f96-2faf-11ea-8be9-48f17f8d4d88', 'dc2beb6f-2fb0-11ea-8be9-48f17f8d4d88', 'Sell', '6000', '0', '6000', NULL, '2020-01-05 14:07:26', 'ea6f3106-2faf-11ea-8be9-48f17f8d4d88', '2020-01-05 14:07:26', 'ea6f3106-2faf-11ea-8be9-48f17f8d4d88', 'new', 1),
('18c27d73-2fb7-11ea-8be9-48f17f8d4d88', 19, 'ea6c6f96-2faf-11ea-8be9-48f17f8d4d88', 'dc2beb6f-2fb0-11ea-8be9-48f17f8d4d88', 'Sell', '1000', '0', '1000', NULL, '2020-01-05 14:30:02', 'ea6f3106-2faf-11ea-8be9-48f17f8d4d88', '2020-01-05 14:30:02', 'ea6f3106-2faf-11ea-8be9-48f17f8d4d88', 'new', 1),
('01913760-2fea-11ea-8be9-48f17f8d4d88', 20, 'ea6c6f96-2faf-11ea-8be9-48f17f8d4d88', 'dc2beb6f-2fb0-11ea-8be9-48f17f8d4d88', 'Sell', '31000', '0', '31000', NULL, '2020-01-05 20:34:28', 'ea6f3106-2faf-11ea-8be9-48f17f8d4d88', '2020-01-05 20:34:28', 'ea6f3106-2faf-11ea-8be9-48f17f8d4d88', 'new', 1),
('942d874e-31de-11ea-9819-48f17f8d4d88', 21, '84e1b6d9-30b8-11ea-8b45-48f17f8d4d88', '', 'Sell', '132', '0', '132', NULL, '2020-01-08 08:17:42', '84e2fbdb-30b8-11ea-8b45-48f17f8d4d88', '2020-01-08 08:17:42', '84e2fbdb-30b8-11ea-8b45-48f17f8d4d88', 'new', 1),
('a3f66e4b-31de-11ea-9819-48f17f8d4d88', 22, '84e1b6d9-30b8-11ea-8b45-48f17f8d4d88', '9f243761-31de-11ea-9819-48f17f8d4d88', 'Sell', '175', '0', '175', NULL, '2020-01-08 08:18:09', '84e2fbdb-30b8-11ea-8b45-48f17f8d4d88', '2020-01-08 08:18:09', '84e2fbdb-30b8-11ea-8b45-48f17f8d4d88', 'new', 1),
('3ca1390f-3291-11ea-b970-48f17f8d4d88', 23, '47de8a17-3290-11ea-b970-48f17f8d4d88', '2fa61660-3291-11ea-b970-48f17f8d4d88', 'Sell', '1250', '500', '750', NULL, '2020-01-09 05:36:35', '47e43de7-3290-11ea-b970-48f17f8d4d88', '2020-01-09 05:37:09', '47e43de7-3290-11ea-b970-48f17f8d4d88', 'new', 1),
('465fe6aa-3291-11ea-b970-48f17f8d4d88', 24, '47de8a17-3290-11ea-b970-48f17f8d4d88', '', 'Sell', '450', '0', '450', NULL, '2020-01-09 05:36:52', '47e43de7-3290-11ea-b970-48f17f8d4d88', '2020-01-09 05:36:52', '47e43de7-3290-11ea-b970-48f17f8d4d88', 'new', 1),
('5183f074-3293-11ea-b970-48f17f8d4d88', 25, 'f019c8c5-3292-11ea-b970-48f17f8d4d88', '477fa1b2-3293-11ea-b970-48f17f8d4d88', 'Sell', '650', '250', '400', NULL, '2020-01-09 05:51:29', 'f01d15d4-3292-11ea-b970-48f17f8d4d88', '2020-01-09 05:51:43', 'f01d15d4-3292-11ea-b970-48f17f8d4d88', 'new', 1);

-- --------------------------------------------------------

--
-- Table structure for table `order_products`
--

CREATE TABLE `order_products` (
  `Id` varchar(225) NOT NULL,
  `OrderId` varchar(225) NOT NULL,
  `ProductId` varchar(225) NOT NULL,
  `ProductName` text DEFAULT NULL,
  `UnitPrice` decimal(10,0) DEFAULT NULL,
  `Quantity` varchar(225) NOT NULL,
  `subTotal` decimal(10,0) NOT NULL,
  `CreateDate` datetime NOT NULL DEFAULT current_timestamp(),
  `CreateUserId` varchar(225) NOT NULL,
  `ModifyDate` datetime NOT NULL DEFAULT current_timestamp(),
  `ModifyUserId` varchar(225) NOT NULL,
  `StatusId` int(11) NOT NULL
) ENGINE=InnoDB DEFAULT CHARSET=latin1;

--
-- Dumping data for table `order_products`
--

INSERT INTO `order_products` (`Id`, `OrderId`, `ProductId`, `ProductName`, `UnitPrice`, `Quantity`, `subTotal`, `CreateDate`, `CreateUserId`, `ModifyDate`, `ModifyUserId`, `StatusId`) VALUES
('019e8255-2fea-11ea-8be9-48f17f8d4d88', '01913760-2fea-11ea-8be9-48f17f8d4d88', '0f4f6743-2fb7-11ea-8be9-48f17f8d4d88', 'Business cards', '500', '2', '1000', '2020-01-05 20:34:28', 'ea6f3106-2faf-11ea-8be9-48f17f8d4d88', '2020-01-05 20:34:28', 'ea6f3106-2faf-11ea-8be9-48f17f8d4d88', 1),
('019f2051-2fea-11ea-8be9-48f17f8d4d88', '01913760-2fea-11ea-8be9-48f17f8d4d88', 'cc39e692-2fb0-11ea-8be9-48f17f8d4d88', 'Dashboard design', '15000', '2', '30000', '2020-01-05 20:34:28', 'ea6f3106-2faf-11ea-8be9-48f17f8d4d88', '2020-01-05 20:34:28', 'ea6f3106-2faf-11ea-8be9-48f17f8d4d88', 1),
('04a19d26-2e48-11ea-8b40-48f17f8d4d88', '048e9f3c-2e48-11ea-8b40-48f17f8d4d88', 'c13b768a-dedd-11e9-a724-48f17f8d4d88', 'Baked Bread', '20', '1', '20', '2020-01-03 18:42:23', '81de5b36-d170-11e9-b97c-48f17f8d4d88', '2020-01-03 18:42:23', '81de5b36-d170-11e9-b97c-48f17f8d4d88', 1),
('04a2507b-2e48-11ea-8b40-48f17f8d4d88', '048e9f3c-2e48-11ea-8b40-48f17f8d4d88', '2126dad9-df0a-11e9-a724-48f17f8d4d88', '2l Fanta', '25', '1', '25', '2020-01-03 18:42:23', '81de5b36-d170-11e9-b97c-48f17f8d4d88', '2020-01-03 18:42:23', '81de5b36-d170-11e9-b97c-48f17f8d4d88', 1),
('04a2a8b4-2e48-11ea-8b40-48f17f8d4d88', '048e9f3c-2e48-11ea-8b40-48f17f8d4d88', 'aa4825ec-df08-11e9-a724-48f17f8d4d88', '60 Eggs', '75', '1', '75', '2020-01-03 18:42:23', '81de5b36-d170-11e9-b97c-48f17f8d4d88', '2020-01-03 18:42:23', '81de5b36-d170-11e9-b97c-48f17f8d4d88', 1),
('04a2e783-2e48-11ea-8b40-48f17f8d4d88', '048e9f3c-2e48-11ea-8b40-48f17f8d4d88', 'd6b01266-e159-11e9-9302-48f17f8d4d88', 'Vaseline', '12', '1', '12', '2020-01-03 18:42:23', '81de5b36-d170-11e9-b97c-48f17f8d4d88', '2020-01-03 18:42:23', '81de5b36-d170-11e9-b97c-48f17f8d4d88', 1),
('04a32165-2e48-11ea-8b40-48f17f8d4d88', '048e9f3c-2e48-11ea-8b40-48f17f8d4d88', 'f7f77f35-dfbc-11e9-850f-48f17f8d4d88', '2l coke', '25', '12', '300', '2020-01-03 18:42:23', '81de5b36-d170-11e9-b97c-48f17f8d4d88', '2020-01-03 18:42:23', '81de5b36-d170-11e9-b97c-48f17f8d4d88', 1),
('04a361ec-2e48-11ea-8b40-48f17f8d4d88', '048e9f3c-2e48-11ea-8b40-48f17f8d4d88', '5264b66d-d6f0-11e9-a5a1-c8f7501047dc', 'Valpre still water 440ml', '12', '1', '12', '2020-01-03 18:42:23', '81de5b36-d170-11e9-b97c-48f17f8d4d88', '2020-01-03 18:42:23', '81de5b36-d170-11e9-b97c-48f17f8d4d88', 1),
('04a3a684-2e48-11ea-8b40-48f17f8d4d88', '048e9f3c-2e48-11ea-8b40-48f17f8d4d88', '6ae6f763-d6f4-11e9-a5a1-c8f7501047dc', 'Soda can 330ml', '10', '1', '10', '2020-01-03 18:42:23', '81de5b36-d170-11e9-b97c-48f17f8d4d88', '2020-01-03 18:42:23', '81de5b36-d170-11e9-b97c-48f17f8d4d88', 1),
('0c5e3128-22f8-11ea-bb26-48f17f8d4d88', '0c4c3f54-22f8-11ea-bb26-48f17f8d4d88', 'f55adf15-e29a-11e9-abbd-48f17f8d4d88', 'Peri peri source', '100', '1', '100', '2019-12-20 09:12:14', '81de5b36-d170-11e9-b97c-48f17f8d4d88', '2019-12-20 09:12:14', '81de5b36-d170-11e9-b97c-48f17f8d4d88', 1),
('0c5ef4a5-22f8-11ea-bb26-48f17f8d4d88', '0c4c3f54-22f8-11ea-bb26-48f17f8d4d88', 'd6b01266-e159-11e9-9302-48f17f8d4d88', 'Vaseline', '12', '1', '12', '2019-12-20 09:12:14', '81de5b36-d170-11e9-b97c-48f17f8d4d88', '2019-12-20 09:12:14', '81de5b36-d170-11e9-b97c-48f17f8d4d88', 1),
('187b989c-18ea-11ea-8276-48f17f8d4d88', '186d2646-18ea-11ea-8276-48f17f8d4d88', 'f55adf15-e29a-11e9-abbd-48f17f8d4d88', 'Peri peri source', '100', '3', '300', '2019-12-07 14:07:10', '81de5b36-d170-11e9-b97c-48f17f8d4d88', '2019-12-07 14:07:10', '81de5b36-d170-11e9-b97c-48f17f8d4d88', 1),
('187c4321-18ea-11ea-8276-48f17f8d4d88', '186d2646-18ea-11ea-8276-48f17f8d4d88', 'd6b01266-e159-11e9-9302-48f17f8d4d88', 'Vaseline', '12', '2', '24', '2019-12-07 14:07:10', '81de5b36-d170-11e9-b97c-48f17f8d4d88', '2019-12-07 14:07:10', '81de5b36-d170-11e9-b97c-48f17f8d4d88', 1),
('187ca172-18ea-11ea-8276-48f17f8d4d88', '186d2646-18ea-11ea-8276-48f17f8d4d88', 'aa4825ec-df08-11e9-a724-48f17f8d4d88', '60 Eggs', '75', '2', '150', '2019-12-07 14:07:10', '81de5b36-d170-11e9-b97c-48f17f8d4d88', '2019-12-07 14:07:10', '81de5b36-d170-11e9-b97c-48f17f8d4d88', 1),
('187ce93e-18ea-11ea-8276-48f17f8d4d88', '186d2646-18ea-11ea-8276-48f17f8d4d88', 'c13b768a-dedd-11e9-a724-48f17f8d4d88', 'Bread', '20', '1', '20', '2019-12-07 14:07:10', '81de5b36-d170-11e9-b97c-48f17f8d4d88', '2019-12-07 14:07:10', '81de5b36-d170-11e9-b97c-48f17f8d4d88', 1),
('187d27d3-18ea-11ea-8276-48f17f8d4d88', '186d2646-18ea-11ea-8276-48f17f8d4d88', '2126dad9-df0a-11e9-a724-48f17f8d4d88', 'Mouse', '150', '2', '300', '2019-12-07 14:07:10', '81de5b36-d170-11e9-b97c-48f17f8d4d88', '2019-12-07 14:07:10', '81de5b36-d170-11e9-b97c-48f17f8d4d88', 1),
('18d4813b-2fb7-11ea-8be9-48f17f8d4d88', '18c27d73-2fb7-11ea-8be9-48f17f8d4d88', '0f4f6743-2fb7-11ea-8be9-48f17f8d4d88', 'Business cards', '500', '1', '500', '2020-01-05 14:30:03', 'ea6f3106-2faf-11ea-8be9-48f17f8d4d88', '2020-01-05 14:30:03', 'ea6f3106-2faf-11ea-8be9-48f17f8d4d88', 1),
('18d58e73-2fb7-11ea-8be9-48f17f8d4d88', '18c27d73-2fb7-11ea-8be9-48f17f8d4d88', 'a685d45e-2fb0-11ea-8be9-48f17f8d4d88', 'Logo Design', '500', '1', '500', '2020-01-05 14:30:03', 'ea6f3106-2faf-11ea-8be9-48f17f8d4d88', '2020-01-05 14:30:03', 'ea6f3106-2faf-11ea-8be9-48f17f8d4d88', 1),
('1e5ff1fa-1b81-11ea-a59b-48f17f8d4d88', '1e52cb20-1b81-11ea-a59b-48f17f8d4d88', 'f55adf15-e29a-11e9-abbd-48f17f8d4d88', 'Peri peri source', '100', '2', '200', '2019-12-10 21:13:16', '81de5b36-d170-11e9-b97c-48f17f8d4d88', '2019-12-10 21:13:16', '81de5b36-d170-11e9-b97c-48f17f8d4d88', 1),
('1e604092-1b81-11ea-a59b-48f17f8d4d88', '1e52cb20-1b81-11ea-a59b-48f17f8d4d88', 'd6b01266-e159-11e9-9302-48f17f8d4d88', 'Vaseline', '12', '2', '24', '2019-12-10 21:13:16', '81de5b36-d170-11e9-b97c-48f17f8d4d88', '2019-12-10 21:13:16', '81de5b36-d170-11e9-b97c-48f17f8d4d88', 1),
('1e60b556-1b81-11ea-a59b-48f17f8d4d88', '1e52cb20-1b81-11ea-a59b-48f17f8d4d88', 'c13b768a-dedd-11e9-a724-48f17f8d4d88', 'Bread', '20', '1', '20', '2019-12-10 21:13:16', '81de5b36-d170-11e9-b97c-48f17f8d4d88', '2019-12-10 21:13:16', '81de5b36-d170-11e9-b97c-48f17f8d4d88', 1),
('1e60fd20-1b81-11ea-a59b-48f17f8d4d88', '1e52cb20-1b81-11ea-a59b-48f17f8d4d88', 'c54e67a9-dd62-11e9-8ffb-c8f7501047dc', 'Fanta', '25', '2', '50', '2019-12-10 21:13:16', '81de5b36-d170-11e9-b97c-48f17f8d4d88', '2019-12-10 21:13:16', '81de5b36-d170-11e9-b97c-48f17f8d4d88', 1),
('28b8b734-2fb3-11ea-8be9-48f17f8d4d88', '28a787bb-2fb3-11ea-8be9-48f17f8d4d88', 'a685d45e-2fb0-11ea-8be9-48f17f8d4d88', 'Logo Design', '500', '1', '500', '2020-01-05 14:01:51', 'ea6f3106-2faf-11ea-8be9-48f17f8d4d88', '2020-01-05 14:01:51', 'ea6f3106-2faf-11ea-8be9-48f17f8d4d88', 1),
('3b0ffa1c-1be2-11ea-8867-48f17f8d4d88', '3b06b072-1be2-11ea-8867-48f17f8d4d88', '400a31bd-e8fd-11e9-bc5d-0050569fd205', 'LEGACY', '85', '1', '85', '2019-12-11 08:48:25', '704bf544-e517-11e9-bc5d-0050569fd205', '2019-12-11 08:48:25', '704bf544-e517-11e9-bc5d-0050569fd205', 1),
('3b10be15-1be2-11ea-8867-48f17f8d4d88', '3b06b072-1be2-11ea-8867-48f17f8d4d88', 'e33f137a-e515-11e9-bc5d-0050569fd205', 'DLICATE DE TOREN', '130', '1', '130', '2019-12-11 08:48:25', '704bf544-e517-11e9-bc5d-0050569fd205', '2019-12-11 08:48:25', '704bf544-e517-11e9-bc5d-0050569fd205', 1),
('3b110c30-1be2-11ea-8867-48f17f8d4d88', '3b06b072-1be2-11ea-8867-48f17f8d4d88', '0fb993dd-e513-11e9-bc5d-0050569fd205', 'Maboneng Brew', '100', '1', '100', '2019-12-11 08:48:25', '704bf544-e517-11e9-bc5d-0050569fd205', '2019-12-11 08:48:25', '704bf544-e517-11e9-bc5d-0050569fd205', 1),
('3cb43a67-3291-11ea-b970-48f17f8d4d88', '3ca1390f-3291-11ea-b970-48f17f8d4d88', 'a9952c68-3290-11ea-b970-48f17f8d4d88', 'Gold tshirts', '250', '5', '1250', '2020-01-09 05:36:35', '47e43de7-3290-11ea-b970-48f17f8d4d88', '2020-01-09 05:36:35', '47e43de7-3290-11ea-b970-48f17f8d4d88', 1),
('466fe947-3291-11ea-b970-48f17f8d4d88', '465fe6aa-3291-11ea-b970-48f17f8d4d88', 'a994b86a-3290-11ea-b970-48f17f8d4d88', 'Plian tshirt', '150', '3', '450', '2020-01-09 05:36:52', '47e43de7-3290-11ea-b970-48f17f8d4d88', '2020-01-09 05:36:52', '47e43de7-3290-11ea-b970-48f17f8d4d88', 1),
('5192c273-3293-11ea-b970-48f17f8d4d88', '5183f074-3293-11ea-b970-48f17f8d4d88', '30949087-3293-11ea-b970-48f17f8d4d88', 'Plain tshirt', '150', '1', '150', '2020-01-09 05:51:29', 'f01d15d4-3292-11ea-b970-48f17f8d4d88', '2020-01-09 05:51:29', 'f01d15d4-3292-11ea-b970-48f17f8d4d88', 1),
('51954ed7-3293-11ea-b970-48f17f8d4d88', '5183f074-3293-11ea-b970-48f17f8d4d88', '309554f4-3293-11ea-b970-48f17f8d4d88', 'Golf tshirts', '250', '2', '500', '2020-01-09 05:51:29', 'f01d15d4-3292-11ea-b970-48f17f8d4d88', '2020-01-09 05:51:29', 'f01d15d4-3292-11ea-b970-48f17f8d4d88', 1),
('53398d17-1be2-11ea-8867-48f17f8d4d88', '532a85f0-1be2-11ea-8867-48f17f8d4d88', '7cd35931-e515-11e9-bc5d-0050569fd205', '2014 NIGHT SKY', '165', '1', '165', '2019-12-11 08:49:06', '704bf544-e517-11e9-bc5d-0050569fd205', '2019-12-11 08:49:06', '704bf544-e517-11e9-bc5d-0050569fd205', 1),
('533a4dd8-1be2-11ea-8867-48f17f8d4d88', '532a85f0-1be2-11ea-8867-48f17f8d4d88', '0fb993dd-e513-11e9-bc5d-0050569fd205', 'Maboneng Brew', '100', '1', '100', '2019-12-11 08:49:06', '704bf544-e517-11e9-bc5d-0050569fd205', '2019-12-11 08:49:06', '704bf544-e517-11e9-bc5d-0050569fd205', 1),
('533a9924-1be2-11ea-8867-48f17f8d4d88', '532a85f0-1be2-11ea-8867-48f17f8d4d88', 'e33f137a-e515-11e9-bc5d-0050569fd205', 'DLICATE DE TOREN', '130', '1', '130', '2019-12-11 08:49:06', '704bf544-e517-11e9-bc5d-0050569fd205', '2019-12-11 08:49:06', '704bf544-e517-11e9-bc5d-0050569fd205', 1),
('58272ffc-2e48-11ea-8b40-48f17f8d4d88', '58135745-2e48-11ea-8b40-48f17f8d4d88', 'f7f77f35-dfbc-11e9-850f-48f17f8d4d88', '2l coke', '25', '20', '500', '2020-01-03 18:44:43', '81de5b36-d170-11e9-b97c-48f17f8d4d88', '2020-01-03 18:44:43', '81de5b36-d170-11e9-b97c-48f17f8d4d88', 1),
('5827e376-2e48-11ea-8b40-48f17f8d4d88', '58135745-2e48-11ea-8b40-48f17f8d4d88', '2126dad9-df0a-11e9-a724-48f17f8d4d88', '2l Fanta', '25', '10', '250', '2020-01-03 18:44:43', '81de5b36-d170-11e9-b97c-48f17f8d4d88', '2020-01-03 18:44:43', '81de5b36-d170-11e9-b97c-48f17f8d4d88', 1),
('58283dbb-2e48-11ea-8b40-48f17f8d4d88', '58135745-2e48-11ea-8b40-48f17f8d4d88', 'c13b768a-dedd-11e9-a724-48f17f8d4d88', 'Baked Bread', '20', '4', '80', '2020-01-03 18:44:43', '81de5b36-d170-11e9-b97c-48f17f8d4d88', '2020-01-03 18:44:43', '81de5b36-d170-11e9-b97c-48f17f8d4d88', 1),
('58289ede-2e48-11ea-8b40-48f17f8d4d88', '58135745-2e48-11ea-8b40-48f17f8d4d88', 'aa4825ec-df08-11e9-a724-48f17f8d4d88', '60 Eggs', '75', '2', '150', '2020-01-03 18:44:43', '81de5b36-d170-11e9-b97c-48f17f8d4d88', '2020-01-03 18:44:43', '81de5b36-d170-11e9-b97c-48f17f8d4d88', 1),
('58291fe5-2e48-11ea-8b40-48f17f8d4d88', '58135745-2e48-11ea-8b40-48f17f8d4d88', '5264b66d-d6f0-11e9-a5a1-c8f7501047dc', 'Valpre still water 440ml', '12', '1', '12', '2020-01-03 18:44:43', '81de5b36-d170-11e9-b97c-48f17f8d4d88', '2020-01-03 18:44:43', '81de5b36-d170-11e9-b97c-48f17f8d4d88', 1),
('5829b2e6-2e48-11ea-8b40-48f17f8d4d88', '58135745-2e48-11ea-8b40-48f17f8d4d88', '6ae6f763-d6f4-11e9-a5a1-c8f7501047dc', 'Soda can 330ml', '10', '1', '10', '2020-01-03 18:44:43', '81de5b36-d170-11e9-b97c-48f17f8d4d88', '2020-01-03 18:44:43', '81de5b36-d170-11e9-b97c-48f17f8d4d88', 1),
('8b9d7f70-2faa-11ea-8be9-48f17f8d4d88', '8b9123a3-2faa-11ea-8be9-48f17f8d4d88', '90ebf58a-2fa9-11ea-8be9-48f17f8d4d88', 'Red long dress', '1200', '1', '1200', '2020-01-05 13:00:12', '42bfaa8a-2fa9-11ea-8be9-48f17f8d4d88', '2020-01-05 13:00:12', '42bfaa8a-2fa9-11ea-8be9-48f17f8d4d88', 1),
('9436b7e7-31de-11ea-9819-48f17f8d4d88', '942d874e-31de-11ea-9819-48f17f8d4d88', '736f3def-31de-11ea-9819-48f17f8d4d88', 'Fish raw', '65', '1', '65', '2020-01-08 08:17:42', '84e2fbdb-30b8-11ea-8b45-48f17f8d4d88', '2020-01-08 08:17:42', '84e2fbdb-30b8-11ea-8b45-48f17f8d4d88', 1),
('9436f4d1-31de-11ea-9819-48f17f8d4d88', '942d874e-31de-11ea-9819-48f17f8d4d88', '736ee776-31de-11ea-9819-48f17f8d4d88', 'Beef tray', '55', '1', '55', '2020-01-08 08:17:42', '84e2fbdb-30b8-11ea-8b45-48f17f8d4d88', '2020-01-08 08:17:42', '84e2fbdb-30b8-11ea-8b45-48f17f8d4d88', 1),
('943732b2-31de-11ea-9819-48f17f8d4d88', '942d874e-31de-11ea-9819-48f17f8d4d88', '736cbe75-31de-11ea-9819-48f17f8d4d88', 'Koo', '12', '1', '12', '2020-01-08 08:17:42', '84e2fbdb-30b8-11ea-8b45-48f17f8d4d88', '2020-01-08 08:17:42', '84e2fbdb-30b8-11ea-8b45-48f17f8d4d88', 1),
('99e7da7d-18e9-11ea-8276-48f17f8d4d88', '99d96fd3-18e9-11ea-8276-48f17f8d4d88', 'f55adf15-e29a-11e9-abbd-48f17f8d4d88', 'Peri peri source', '100', '2', '200', '2019-12-07 14:03:37', '81de5b36-d170-11e9-b97c-48f17f8d4d88', '2019-12-07 14:03:37', '81de5b36-d170-11e9-b97c-48f17f8d4d88', 1),
('99e873be-18e9-11ea-8276-48f17f8d4d88', '99d96fd3-18e9-11ea-8276-48f17f8d4d88', 'd6b01266-e159-11e9-9302-48f17f8d4d88', 'Vaseline', '12', '2', '24', '2019-12-07 14:03:37', '81de5b36-d170-11e9-b97c-48f17f8d4d88', '2019-12-07 14:03:37', '81de5b36-d170-11e9-b97c-48f17f8d4d88', 1),
('a4048839-31de-11ea-9819-48f17f8d4d88', 'a3f66e4b-31de-11ea-9819-48f17f8d4d88', '736ee776-31de-11ea-9819-48f17f8d4d88', 'Beef tray', '55', '2', '110', '2020-01-08 08:18:09', '84e2fbdb-30b8-11ea-8b45-48f17f8d4d88', '2020-01-08 08:18:09', '84e2fbdb-30b8-11ea-8b45-48f17f8d4d88', 1),
('a4051322-31de-11ea-9819-48f17f8d4d88', 'a3f66e4b-31de-11ea-9819-48f17f8d4d88', '736fb788-31de-11ea-9819-48f17f8d4d88', 'prawn raw 5kg', '65', '1', '65', '2020-01-08 08:18:09', '84e2fbdb-30b8-11ea-8b45-48f17f8d4d88', '2020-01-08 08:18:09', '84e2fbdb-30b8-11ea-8b45-48f17f8d4d88', 1),
('ab9e6c0b-2fb3-11ea-8be9-48f17f8d4d88', 'ab81f19e-2fb3-11ea-8be9-48f17f8d4d88', 'a685d45e-2fb0-11ea-8be9-48f17f8d4d88', 'Logo Design', '500', '1', '500', '2020-01-05 14:05:31', 'ea6f3106-2faf-11ea-8be9-48f17f8d4d88', '2020-01-05 14:05:31', 'ea6f3106-2faf-11ea-8be9-48f17f8d4d88', 1),
('ae89e6d5-18e8-11ea-8276-48f17f8d4d88', 'ae815037-18e8-11ea-8276-48f17f8d4d88', 'f7f77f35-dfbc-11e9-850f-48f17f8d4d88', 'Swimwear', '1000', '1', '1000', '2019-12-07 13:57:02', '81de5b36-d170-11e9-b97c-48f17f8d4d88', '2019-12-07 13:57:02', '81de5b36-d170-11e9-b97c-48f17f8d4d88', 1),
('ae8a42a9-18e8-11ea-8276-48f17f8d4d88', 'ae815037-18e8-11ea-8276-48f17f8d4d88', 'd6b01266-e159-11e9-9302-48f17f8d4d88', 'Vaseline', '12', '3', '36', '2019-12-07 13:57:02', '81de5b36-d170-11e9-b97c-48f17f8d4d88', '2019-12-07 13:57:02', '81de5b36-d170-11e9-b97c-48f17f8d4d88', 1),
('ae8a82e4-18e8-11ea-8276-48f17f8d4d88', 'ae815037-18e8-11ea-8276-48f17f8d4d88', '2126dad9-df0a-11e9-a724-48f17f8d4d88', 'Mouse', '150', '3', '450', '2019-12-07 13:57:02', '81de5b36-d170-11e9-b97c-48f17f8d4d88', '2019-12-07 13:57:02', '81de5b36-d170-11e9-b97c-48f17f8d4d88', 1),
('b4bbd396-158e-11ea-bfd0-48f17f8d4d88', 'b4ac382c-158e-11ea-bfd0-48f17f8d4d88', '417ffc60-df08-11e9-a724-48f17f8d4d88', 'Peri peri source', '37', '2', '74', '2019-12-03 07:35:24', '81de5b36-d170-11e9-b97c-48f17f8d4d88', '2019-12-03 07:35:24', '81de5b36-d170-11e9-b97c-48f17f8d4d88', 1),
('b4bc37bb-158e-11ea-bfd0-48f17f8d4d88', 'b4ac382c-158e-11ea-bfd0-48f17f8d4d88', '0c1f21ca-dc76-11e9-84fb-c8f7501047dc', '2019 Flex Genie', '450000', '2', '900000', '2019-12-03 07:35:24', '81de5b36-d170-11e9-b97c-48f17f8d4d88', '2019-12-03 07:35:24', '81de5b36-d170-11e9-b97c-48f17f8d4d88', 1),
('d0ea174f-2ba4-11ea-84fd-48f17f8d4d88', 'd0e20298-2ba4-11ea-84fd-48f17f8d4d88', 'f7f77f35-dfbc-11e9-850f-48f17f8d4d88', 'Swimwear', '1000', '1', '1000', '2019-12-31 10:09:06', '81de5b36-d170-11e9-b97c-48f17f8d4d88', '2019-12-31 10:09:06', '81de5b36-d170-11e9-b97c-48f17f8d4d88', 1),
('d0ea4f3f-2ba4-11ea-84fd-48f17f8d4d88', 'd0e20298-2ba4-11ea-84fd-48f17f8d4d88', '417ffc60-df08-11e9-a724-48f17f8d4d88', 'Peri peri source', '37', '1', '37', '2019-12-31 10:09:06', '81de5b36-d170-11e9-b97c-48f17f8d4d88', '2019-12-31 10:09:06', '81de5b36-d170-11e9-b97c-48f17f8d4d88', 1),
('d0ea7fb5-2ba4-11ea-84fd-48f17f8d4d88', 'd0e20298-2ba4-11ea-84fd-48f17f8d4d88', '0c1f21ca-dc76-11e9-84fb-c8f7501047dc', '2019 Flex Genie', '450000', '1', '450000', '2019-12-31 10:09:06', '81de5b36-d170-11e9-b97c-48f17f8d4d88', '2019-12-31 10:09:06', '81de5b36-d170-11e9-b97c-48f17f8d4d88', 1),
('d0eaa527-2ba4-11ea-84fd-48f17f8d4d88', 'd0e20298-2ba4-11ea-84fd-48f17f8d4d88', 'c54e67a9-dd62-11e9-8ffb-c8f7501047dc', 'Fanta', '25', '1', '25', '2019-12-31 10:09:06', '81de5b36-d170-11e9-b97c-48f17f8d4d88', '2019-12-31 10:09:06', '81de5b36-d170-11e9-b97c-48f17f8d4d88', 1),
('d0ead363-2ba4-11ea-84fd-48f17f8d4d88', 'd0e20298-2ba4-11ea-84fd-48f17f8d4d88', 'aa4825ec-df08-11e9-a724-48f17f8d4d88', '60 Eggs', '75', '1', '75', '2019-12-31 10:09:06', '81de5b36-d170-11e9-b97c-48f17f8d4d88', '2019-12-31 10:09:06', '81de5b36-d170-11e9-b97c-48f17f8d4d88', 1),
('d0eb1622-2ba4-11ea-84fd-48f17f8d4d88', 'd0e20298-2ba4-11ea-84fd-48f17f8d4d88', 'd6b01266-e159-11e9-9302-48f17f8d4d88', 'Vaseline', '12', '1', '12', '2019-12-31 10:09:06', '81de5b36-d170-11e9-b97c-48f17f8d4d88', '2019-12-31 10:09:06', '81de5b36-d170-11e9-b97c-48f17f8d4d88', 1),
('e5d35c33-2fb0-11ea-8be9-48f17f8d4d88', 'e5ba4945-2fb0-11ea-8be9-48f17f8d4d88', 'a685d45e-2fb0-11ea-8be9-48f17f8d4d88', 'Logo Design', '500', '1', '500', '2020-01-05 13:45:40', 'ea6f3106-2faf-11ea-8be9-48f17f8d4d88', '2020-01-05 13:45:40', 'ea6f3106-2faf-11ea-8be9-48f17f8d4d88', 1),
('eff71739-1be4-11ea-8867-48f17f8d4d88', 'efeb5ac3-1be4-11ea-8867-48f17f8d4d88', '400a31bd-e8fd-11e9-bc5d-0050569fd205', 'LEGACY', '85', '1', '85', '2019-12-11 09:07:48', '704bf544-e517-11e9-bc5d-0050569fd205', '2019-12-11 09:07:48', '704bf544-e517-11e9-bc5d-0050569fd205', 1),
('eff7abfa-1be4-11ea-8867-48f17f8d4d88', 'efeb5ac3-1be4-11ea-8867-48f17f8d4d88', '0fb993dd-e513-11e9-bc5d-0050569fd205', 'Maboneng Brew', '100', '1', '100', '2019-12-11 09:07:48', '704bf544-e517-11e9-bc5d-0050569fd205', '2019-12-11 09:07:48', '704bf544-e517-11e9-bc5d-0050569fd205', 1),
('eff7fe2a-1be4-11ea-8867-48f17f8d4d88', 'efeb5ac3-1be4-11ea-8867-48f17f8d4d88', '7cd35931-e515-11e9-bc5d-0050569fd205', '2014 NIGHT SKY', '165', '1', '165', '2019-12-11 09:07:48', '704bf544-e517-11e9-bc5d-0050569fd205', '2019-12-11 09:07:48', '704bf544-e517-11e9-bc5d-0050569fd205', 1),
('f02e0ad2-2fb3-11ea-8be9-48f17f8d4d88', 'f0152ccc-2fb3-11ea-8be9-48f17f8d4d88', 'a685d45e-2fb0-11ea-8be9-48f17f8d4d88', 'Logo Design', '500', '1', '500', '2020-01-05 14:07:26', 'ea6f3106-2faf-11ea-8be9-48f17f8d4d88', '2020-01-05 14:07:26', 'ea6f3106-2faf-11ea-8be9-48f17f8d4d88', 1),
('f02ef8e9-2fb3-11ea-8be9-48f17f8d4d88', 'f0152ccc-2fb3-11ea-8be9-48f17f8d4d88', '7922a687-2fb0-11ea-8be9-48f17f8d4d88', 'Website Design', '5500', '1', '5500', '2020-01-05 14:07:26', 'ea6f3106-2faf-11ea-8be9-48f17f8d4d88', '2020-01-05 14:07:26', 'ea6f3106-2faf-11ea-8be9-48f17f8d4d88', 1),
('fe54e6d6-2f3d-11ea-99b8-48f17f8d4d88', 'fe457b66-2f3d-11ea-99b8-48f17f8d4d88', 'f55adf15-e29a-11e9-abbd-48f17f8d4d88', '500ml Peri peri source', '32', '1', '32', '2020-01-05 00:03:09', '81de5b36-d170-11e9-b97c-48f17f8d4d88', '2020-01-05 00:03:09', '81de5b36-d170-11e9-b97c-48f17f8d4d88', 1),
('fe557214-2f3d-11ea-99b8-48f17f8d4d88', 'fe457b66-2f3d-11ea-99b8-48f17f8d4d88', '2126dad9-df0a-11e9-a724-48f17f8d4d88', '2l Fanta', '25', '1', '25', '2020-01-05 00:03:09', '81de5b36-d170-11e9-b97c-48f17f8d4d88', '2020-01-05 00:03:09', '81de5b36-d170-11e9-b97c-48f17f8d4d88', 1);

-- --------------------------------------------------------

--
-- Table structure for table `partner`
--

CREATE TABLE `partner` (
  `PartnerId` varchar(225) NOT NULL,
  `CompanyId` varchar(225) NOT NULL,
  `PartnerType` varchar(20) NOT NULL,
  `Name` varchar(100) NOT NULL,
  `Surname` varchar(100) DEFAULT NULL,
  `CellphoneNumber` varchar(20) NOT NULL,
  `EmailAddress` varchar(225) NOT NULL,
  `Password` varchar(50) DEFAULT NULL,
  `Address` varchar(225) NOT NULL,
  `CreateDate` datetime NOT NULL DEFAULT current_timestamp(),
  `CreateUserId` varchar(225) NOT NULL,
  `ModifyDate` datetime NOT NULL DEFAULT current_timestamp(),
  `ModifyUserId` varchar(225) NOT NULL,
  `StatusId` int(11) NOT NULL
) ENGINE=InnoDB DEFAULT CHARSET=latin1;

--
-- Dumping data for table `partner`
--

INSERT INTO `partner` (`PartnerId`, `CompanyId`, `PartnerType`, `Name`, `Surname`, `CellphoneNumber`, `EmailAddress`, `Password`, `Address`, `CreateDate`, `CreateUserId`, `ModifyDate`, `ModifyUserId`, `StatusId`) VALUES
('112da94a-0d3a-11ea-be49-48f17f8d4d88', '94c5b3cf-d170-11e9-b97c-48f17f8d4d88', 'customer', 'Sizwe ', 'xaba', '084778787', 'xaba@mail.com', '', 'test address', '2019-11-22 17:09:23', '81de5b36-d170-11e9-b97c-48f17f8d4d88', '2019-11-22 17:09:23', '81de5b36-d170-11e9-b97c-48f17f8d4d88', 1),
('27e2e62a-044e-11ea-80c4-4ad9491261dd', 'dfd5ee69-e6ac-11e9-bc5d-0050569fd205', 'customer', 'Jj', 'H', '86', 'mrnnmthembu@gmail.com', '', '', '2019-11-11 08:40:31', 'bfb9480e-e6ac-11e9-bc5d-0050569fd205', '2019-11-11 08:40:31', 'bfb9480e-e6ac-11e9-bc5d-0050569fd205', 1),
('2fa61660-3291-11ea-b970-48f17f8d4d88', '47de8a17-3290-11ea-b970-48f17f8d4d88', 'customer', 'Ndu', 'Mthembu', '0842529475', 'ndu@mail.com', '', '', '2020-01-09 05:36:13', '47e43de7-3290-11ea-b970-48f17f8d4d88', '2020-01-09 05:36:13', '47e43de7-3290-11ea-b970-48f17f8d4d88', 1),
('477fa1b2-3293-11ea-b970-48f17f8d4d88', 'f019c8c5-3292-11ea-b970-48f17f8d4d88', 'customer', 'Ndu', 'Mthembu', '0842529472', 'ndu@mail.com', '', '', '2020-01-09 05:51:12', 'f01d15d4-3292-11ea-b970-48f17f8d4d88', '2020-01-09 05:51:12', 'f01d15d4-3292-11ea-b970-48f17f8d4d88', 1),
('4f1c38ad-1be2-11ea-8867-48f17f8d4d88', '23b82588-e370-11e9-bc5d-0050569fd205', 'customer', 'Sizwe', 'Msane', '087445454', 'sizwe@gmail.com', '', '', '2019-12-11 08:48:59', '704bf544-e517-11e9-bc5d-0050569fd205', '2019-12-11 08:48:59', '704bf544-e517-11e9-bc5d-0050569fd205', 1),
('86d53a83-2faa-11ea-8be9-48f17f8d4d88', '42be6167-2fa9-11ea-8be9-48f17f8d4d88', 'customer', 'Ciara', 'lee', '073 578 7845', 'ciara@gmail.com', '', '', '2020-01-05 13:00:04', '42bfaa8a-2fa9-11ea-8be9-48f17f8d4d88', '2020-01-05 13:00:04', '42bfaa8a-2fa9-11ea-8be9-48f17f8d4d88', 1),
('8b4ec4bd-18e8-11ea-8276-48f17f8d4d88', '94c5b3cf-d170-11e9-b97c-48f17f8d4d88', 'customer', 'Mnqobi', '', '0745454544', 'mqobi@mail.com', '', '', '2019-12-07 13:56:03', '81de5b36-d170-11e9-b97c-48f17f8d4d88', '2019-12-07 13:56:03', '81de5b36-d170-11e9-b97c-48f17f8d4d88', 1),
('9f243761-31de-11ea-9819-48f17f8d4d88', '84e1b6d9-30b8-11ea-8b45-48f17f8d4d88', 'customer', 'fds', 'fds', '32132', 'fsd@wqe.df', '', '', '2020-01-08 08:18:01', '84e2fbdb-30b8-11ea-8b45-48f17f8d4d88', '2020-01-08 08:18:01', '84e2fbdb-30b8-11ea-8b45-48f17f8d4d88', 1),
('dc2beb6f-2fb0-11ea-8be9-48f17f8d4d88', 'ea6c6f96-2faf-11ea-8be9-48f17f8d4d88', 'customer', 'John', 'Doe', '0845154545', 'john@mail.com', '', '', '2020-01-05 13:45:24', 'ea6f3106-2faf-11ea-8be9-48f17f8d4d88', '2020-01-05 13:45:24', 'ea6f3106-2faf-11ea-8be9-48f17f8d4d88', 1),
('e8de2617-1be4-11ea-8867-48f17f8d4d88', '23b82588-e370-11e9-bc5d-0050569fd205', 'customer', 'Joseph', 'Shabang', '0127878', 'jshabangu747@gmail.com', '', '', '2019-12-11 09:07:36', '704bf544-e517-11e9-bc5d-0050569fd205', '2019-12-11 09:07:36', '704bf544-e517-11e9-bc5d-0050569fd205', 1);

-- --------------------------------------------------------

--
-- Table structure for table `permision_actions`
--

CREATE TABLE `permision_actions` (
  `Id` int(10) NOT NULL,
  `PermissionId` varchar(225) NOT NULL,
  `Action` varchar(50) NOT NULL,
  `Section` varchar(50) NOT NULL,
  `CreateDate` datetime NOT NULL DEFAULT current_timestamp(),
  `CreateUserId` varchar(225) NOT NULL,
  `ModifyDate` datetime NOT NULL DEFAULT current_timestamp(),
  `ModifyUserId` varchar(225) NOT NULL,
  `StatusId` int(11) NOT NULL
) ENGINE=InnoDB DEFAULT CHARSET=latin1;

-- --------------------------------------------------------

--
-- Table structure for table `permissions`
--

CREATE TABLE `permissions` (
  `PermissionId` varchar(225) NOT NULL,
  `Name` varchar(50) NOT NULL,
  `CompanyId` varchar(225) NOT NULL,
  `CreateDate` datetime NOT NULL DEFAULT current_timestamp(),
  `CreateUserId` varchar(225) NOT NULL,
  `ModifyDate` datetime NOT NULL DEFAULT current_timestamp(),
  `ModifyUserId` varchar(225) NOT NULL,
  `StatusId` int(11) NOT NULL
) ENGINE=InnoDB DEFAULT CHARSET=latin1;

--
-- Dumping data for table `permissions`
--

INSERT INTO `permissions` (`PermissionId`, `Name`, `CompanyId`, `CreateDate`, `CreateUserId`, `ModifyDate`, `ModifyUserId`, `StatusId`) VALUES
('00c8ce1d-e558-11e9-bc5d-0050569fd205', 'can_add_products', '4b1f410b-e523-11e9-bc5d-0050569fd205', '2019-10-02 23:02:54', '1154faf5-e523-11e9-bc5d-0050569fd205', '2019-10-02 23:02:54', '1154faf5-e523-11e9-bc5d-0050569fd205', 1),
('05c678d6-e45a-11e9-bc5d-0050569fd205', 'can_add_products', '23b82588-e370-11e9-bc5d-0050569fd205', '2019-10-01 16:44:50', 'c57c153d-e36e-11e9-bc5d-0050569fd205', '2019-10-01 16:44:50', 'c57c153d-e36e-11e9-bc5d-0050569fd205', 1),
('05fb6122-e558-11e9-bc5d-0050569fd205', 'can_order_products', '4b1f410b-e523-11e9-bc5d-0050569fd205', '2019-10-02 23:03:03', '1154faf5-e523-11e9-bc5d-0050569fd205', '2019-10-02 23:03:03', '1154faf5-e523-11e9-bc5d-0050569fd205', 1),
('0c863c82-ffae-11e9-91af-363532eb0721', 'can_configure', '0c852198-ffae-11e9-91af-363532eb0721', '2019-11-05 11:24:21', 'web', '2019-11-05 11:24:21', 'web', 1),
('0c8b1873-02ca-11ea-91af-363532eb0721', 'can_configure', '0c89e134-02ca-11ea-91af-363532eb0721', '2019-11-09 10:22:20', 'web', '2019-11-09 10:22:20', 'web', 1),
('1265be58-dc8e-11e9-9da6-c8f7501047dc', 'can_sell_products', '94c5b3cf-d170-11e9-b97c-48f17f8d4d88', '2019-09-21 18:37:16', 'SYS', '2019-09-21 18:37:16', 'SYS', 1),
('15a1d446-008b-11ea-91af-363532eb0721', 'can_configure', '159fe132-008b-11ea-91af-363532eb0721', '2019-11-06 13:46:35', 'web', '2019-11-06 13:46:35', 'web', 1),
('2a88d75b-f66b-11e9-987f-363532eb0721', 'can_configure', '2a87e487-f66b-11e9-987f-363532eb0721', '2019-10-24 16:32:54', 'web', '2019-10-24 16:32:54', 'web', 1),
('30fabf3b-f978-11e9-987f-363532eb0721', 'can_configure', '30f96e3f-f978-11e9-987f-363532eb0721', '2019-10-28 13:43:42', 'web', '2019-10-28 13:43:42', 'web', 1),
('3a46a025-008b-11ea-91af-363532eb0721', 'can_configure', '3a458a6c-008b-11ea-91af-363532eb0721', '2019-11-06 13:47:36', 'web', '2019-11-06 13:47:36', 'web', 1),
('3e892019-e55a-11e9-bc5d-0050569fd205', 'can_read_products', '4b1f410b-e523-11e9-bc5d-0050569fd205', '2019-10-02 23:18:57', '1154faf5-e523-11e9-bc5d-0050569fd205', '2019-10-02 23:18:57', '1154faf5-e523-11e9-bc5d-0050569fd205', 1),
('410d2a1f-f668-11e9-987f-363532eb0721', 'can_configure', '41094864-f668-11e9-987f-363532eb0721', '2019-10-24 16:12:03', 'web', '2019-10-24 16:12:03', 'web', 1),
('42bf18b2-2fa9-11ea-8be9-48f17f8d4d88', 'can_configure', '42be6167-2fa9-11ea-8be9-48f17f8d4d88', '2020-01-05 12:51:00', 'web', '2020-01-05 12:51:00', 'web', 1),
('47e357f8-3290-11ea-b970-48f17f8d4d88', 'can_configure', '47de8a17-3290-11ea-b970-48f17f8d4d88', '2020-01-09 05:29:45', 'web', '2020-01-09 05:29:45', 'web', 1),
('49a905a4-fff0-11e9-91af-363532eb0721', 'can_configure', '49a75007-fff0-11e9-91af-363532eb0721', '2019-11-05 19:18:30', 'web', '2019-11-05 19:18:30', 'web', 1),
('504a54ff-f66c-11e9-987f-363532eb0721', 'can_configure', '5048f837-f66c-11e9-987f-363532eb0721', '2019-10-24 16:41:07', 'web', '2019-10-24 16:41:07', 'web', 1),
('5462be21-f668-11e9-987f-363532eb0721', 'can_configure', '5461f5f7-f668-11e9-987f-363532eb0721', '2019-10-24 16:12:36', 'web', '2019-10-24 16:12:36', 'web', 1),
('57c4dacd-2fc4-11ea-8be9-48f17f8d4d88', 'can_configure', '57c2fda6-2fc4-11ea-8be9-48f17f8d4d88', '2020-01-05 16:04:52', 'web', '2020-01-05 16:04:52', 'web', 1),
('60dde6f1-dd5d-11e9-8ffb-c8f7501047dc', 'can_read_products', '94c5b3cf-d170-11e9-b97c-48f17f8d4d88', '2019-09-22 19:21:06', 'SYS', '2019-09-22 19:21:06', 'SYS', 1),
('84e26f8d-30b8-11ea-8b45-48f17f8d4d88', 'can_configure', '84e1b6d9-30b8-11ea-8b45-48f17f8d4d88', '2020-01-06 21:12:44', 'web', '2020-01-06 21:12:44', 'web', 1),
('b56702f0-30cd-11ea-8b45-48f17f8d4d88', 'can_configure', 'b565b481-30cd-11ea-8b45-48f17f8d4d88', '2020-01-06 23:44:25', 'web', '2020-01-06 23:44:25', 'web', 1),
('b5fefde1-05e4-11ea-abc0-4ad9491261dd', 'can_configure', 'b5fdc28c-05e4-11ea-abc0-4ad9491261dd', '2019-11-13 09:10:45', 'web', '2019-11-13 09:10:45', 'web', 1),
('da59f011-dc8e-11e9-9da6-c8f7501047dc', 'can_order_products', '94c5b3cf-d170-11e9-b97c-48f17f8d4d88', '2019-09-21 18:42:51', 'SYS', '2019-09-22 19:20:43', 'SYS', 1),
('e81cd0d8-005b-11ea-91af-363532eb0721', 'can_configure', 'e81ad518-005b-11ea-91af-363532eb0721', '2019-11-06 08:08:52', 'web', '2019-11-06 08:08:52', 'web', 1),
('ea6e102c-2faf-11ea-8be9-48f17f8d4d88', 'can_configure', 'ea6c6f96-2faf-11ea-8be9-48f17f8d4d88', '2020-01-05 13:38:38', 'web', '2020-01-05 13:38:38', 'web', 1),
('f01bb4a2-3292-11ea-b970-48f17f8d4d88', 'can_configure', 'f019c8c5-3292-11ea-b970-48f17f8d4d88', '2020-01-09 05:48:46', 'web', '2020-01-09 05:48:46', 'web', 1);

-- --------------------------------------------------------

--
-- Table structure for table `product`
--

CREATE TABLE `product` (
  `ProductId` varchar(225) NOT NULL,
  `BrandId` varchar(225) DEFAULT NULL,
  `CatergoryId` varchar(225) DEFAULT NULL,
  `CompanyId` varchar(225) DEFAULT NULL,
  `SupplierId` varchar(225) DEFAULT NULL,
  `Name` varchar(100) NOT NULL,
  `Description` text DEFAULT NULL,
  `UnitPrice` varchar(20) DEFAULT NULL,
  `UnitCost` decimal(10,0) DEFAULT 0,
  `Code` varchar(50) DEFAULT NULL,
  `SKU` varchar(20) DEFAULT NULL,
  `Quantity` int(11) DEFAULT NULL,
  `LowStock` int(10) DEFAULT NULL,
  `CreateDate` datetime NOT NULL DEFAULT current_timestamp(),
  `CreateUserId` varchar(225) NOT NULL,
  `ModifyDate` datetime NOT NULL DEFAULT current_timestamp(),
  `ModifyUserId` varchar(225) NOT NULL,
  `StatusId` int(11) NOT NULL
) ENGINE=InnoDB DEFAULT CHARSET=latin1;

--
-- Dumping data for table `product`
--

INSERT INTO `product` (`ProductId`, `BrandId`, `CatergoryId`, `CompanyId`, `SupplierId`, `Name`, `Description`, `UnitPrice`, `UnitCost`, `Code`, `SKU`, `Quantity`, `LowStock`, `CreateDate`, `CreateUserId`, `ModifyDate`, `ModifyUserId`, `StatusId`) VALUES
('05e2e137-31da-11ea-a404-48f17f8d4d88', '', 'tin', '94c5b3cf-d170-11e9-b97c-48f17f8d4d88', NULL, 'Koo', '', '12', '8', '', '', 120, 10, '2020-01-08 07:45:05', '81de5b36-d170-11e9-b97c-48f17f8d4d88', '2020-01-08 07:45:05', '81de5b36-d170-11e9-b97c-48f17f8d4d88', 1),
('05e3b73d-31da-11ea-a404-48f17f8d4d88', '', 'cold meet', '94c5b3cf-d170-11e9-b97c-48f17f8d4d88', NULL, 'Beef tray', '', '55', '32', '', '', 15, 0, '2020-01-08 07:45:05', '81de5b36-d170-11e9-b97c-48f17f8d4d88', '2020-01-08 07:45:05', '81de5b36-d170-11e9-b97c-48f17f8d4d88', 1),
('05e447a5-31da-11ea-a404-48f17f8d4d88', '', 'cold meet', '94c5b3cf-d170-11e9-b97c-48f17f8d4d88', NULL, 'Fish raw', '', '65', '44', '', '', 15, 0, '2020-01-08 07:45:05', '81de5b36-d170-11e9-b97c-48f17f8d4d88', '2020-01-08 07:45:05', '81de5b36-d170-11e9-b97c-48f17f8d4d88', 1),
('05e4ce65-31da-11ea-a404-48f17f8d4d88', '', '', '94c5b3cf-d170-11e9-b97c-48f17f8d4d88', NULL, 'prawn raw 5kg', '', '65', '44', '', '', 15, 0, '2020-01-08 07:45:05', '81de5b36-d170-11e9-b97c-48f17f8d4d88', '2020-01-08 07:45:05', '81de5b36-d170-11e9-b97c-48f17f8d4d88', 1),
('06cd6a13-fdff-11e9-91af-363532eb0721', '5c67df71-e519-11e9-bc5d-0050569fd205', '', '9b8ea912-e518-11e9-bc5d-0050569fd205', NULL, 'Cup', ' ', '50', '8', '', 'na', -1, NULL, '2019-11-03 07:58:58', '41f977a7-e518-11e9-bc5d-0050569fd205', '2019-11-04 10:05:51', '41f977a7-e518-11e9-bc5d-0050569fd205', 1),
('0baaf6db-02e1-11ea-bc5e-363532eb0721', 'c39af95e-02cb-11ea-91af-363532eb0721', 'bb28d608-02e1-11ea-bc5e-363532eb0721', '0c89e134-02ca-11ea-91af-363532eb0721', NULL, 'Living the LEGACY 250g Bean', ' ', '85', '0', '', 'N/A', 8, 3, '2019-11-09 13:06:57', '0c8c1818-02ca-11ea-91af-363532eb0721', '2019-11-09 13:40:10', '0c8c1818-02ca-11ea-91af-363532eb0721', 1),
('0c1f21ca-dc76-11e9-84fb-c8f7501047dc', '57600c70-d6ef-11e9-a5a1-c8f7501047dc', '5dfa3060-d6ef-11e9-a5a1-c8f7501047dc', '94c5b3cf-d170-11e9-b97c-48f17f8d4d88', NULL, 'Well Olive Oil 1lt', 'New and exciting', '62', '40', '1234567814', '1234586', 30, 7, '2019-09-21 15:45:17', '81de5b36-d170-11e9-b97c-48f17f8d4d88', '2020-01-03 18:34:11', '81de5b36-d170-11e9-b97c-48f17f8d4d88', 1),
('0ef06688-f631-11e9-987f-363532eb0721', '10664ace-e5bd-11e9-bc5d-0050569fd205', '6fca7387-e51a-11e9-bc5d-0050569fd205', '9b8ea912-e518-11e9-bc5d-0050569fd205', NULL, 'Moo', ' ', '23232', '323', '', 'na', 30, 33, '2019-10-24 09:36:57', '41f977a7-e518-11e9-bc5d-0050569fd205', '2019-10-27 17:29:52', '41f977a7-e518-11e9-bc5d-0050569fd205', 1),
('0f4f6743-2fb7-11ea-8be9-48f17f8d4d88', '', '', 'ea6c6f96-2faf-11ea-8be9-48f17f8d4d88', NULL, 'Business cards', ' ', '500', '0', '', 'na', 7, 0, '2020-01-05 14:29:47', 'ea6f3106-2faf-11ea-8be9-48f17f8d4d88', '2020-01-05 20:34:28', 'ea6f3106-2faf-11ea-8be9-48f17f8d4d88', 1),
('0fb993dd-e513-11e9-bc5d-0050569fd205', '74512919-e457-11e9-bc5d-0050569fd205', '7574508c-e45b-11e9-bc5d-0050569fd205', '23b82588-e370-11e9-bc5d-0050569fd205', NULL, 'Maboneng Brew', 'Coffee beans', '100', '70', '', 'MB101', 39, 10, '2019-10-02 14:49:24', 'c57c153d-e36e-11e9-bc5d-0050569fd205', '2019-12-11 09:07:47', 'c57c153d-e36e-11e9-bc5d-0050569fd205', 1),
('0ff9ae70-02ea-11ea-bc5e-363532eb0721', 'c39af95e-02cb-11ea-91af-363532eb0721', '716d5a86-02df-11ea-bc5e-363532eb0721', '0c89e134-02ca-11ea-91af-363532eb0721', NULL, 'Shakas Rock 250 Ground ', ' ', '85', '0', '', 'MAB01-1-1', 7, 3, '2019-11-09 14:11:30', '0c8c1818-02ca-11ea-91af-363532eb0721', '2019-11-09 14:11:30', '0c8c1818-02ca-11ea-91af-363532eb0721', 1),
('104dcbe8-02eb-11ea-bc5e-363532eb0721', 'c39af95e-02cb-11ea-91af-363532eb0721', '4aaa291d-02df-11ea-bc5e-363532eb0721', '0c89e134-02ca-11ea-91af-363532eb0721', NULL, 'Maboneng Brew 1kg Bean', ' ', '310', '0', '', 'MAB02', 0, 3, '2019-11-09 14:18:40', '0c8c1818-02ca-11ea-91af-363532eb0721', '2019-11-20 07:04:50', '0c8c1818-02ca-11ea-91af-363532eb0721', 1),
('12a62f68-f5c4-11e9-987f-363532eb0721', '3f40c927-e5a8-11e9-bc5d-0050569fd205', '72f06087-e519-11e9-bc5d-0050569fd205', '9b8ea912-e518-11e9-bc5d-0050569fd205', NULL, 'cc2', ' ', '11', '1', '', 'na', 1, 1, '2019-10-23 20:36:48', '41f977a7-e518-11e9-bc5d-0050569fd205', '2019-10-23 20:36:48', '41f977a7-e518-11e9-bc5d-0050569fd205', 1),
('148d64c6-e6ad-11e9-bc5d-0050569fd205', '', '', 'dfd5ee69-e6ac-11e9-bc5d-0050569fd205', NULL, 'Noted t-shirt', ' ', '350', '300', '', 'Tsh', 26, 10, '2019-10-04 15:44:26', 'bfb9480e-e6ac-11e9-bc5d-0050569fd205', '2019-10-04 20:09:36', 'bfb9480e-e6ac-11e9-bc5d-0050569fd205', 1),
('1971058a-e5a6-11e9-bc5d-0050569fd205', 'fe7cffe5-e5a5-11e9-bc5d-0050569fd205', '6fca7387-e51a-11e9-bc5d-0050569fd205', '9b8ea912-e518-11e9-bc5d-0050569fd205', NULL, 'BBS FI-R Wheel - 20x11.5 / 5x112 / 40mm Offset', ' BBS FI-R Wheel - 20x11.5 / 5x112 / 40mm Offset', '5000', '4500', '', 'BBS-FI-112', 8, 5, '2019-10-03 08:21:56', '41f977a7-e518-11e9-bc5d-0050569fd205', '2019-10-25 12:38:19', '41f977a7-e518-11e9-bc5d-0050569fd205', 1),
('1fa390e8-f687-11e9-987f-363532eb0721', '', '', '9b8ea912-e518-11e9-bc5d-0050569fd205', NULL, 'Red chair ', ' ', '4000', '2800', '', 'na', 50, 2, '2019-10-24 19:53:02', '41f977a7-e518-11e9-bc5d-0050569fd205', '2019-10-31 09:33:10', '41f977a7-e518-11e9-bc5d-0050569fd205', 1),
('1ff4af11-d73a-11e9-a568-c8f7501047dc', '9f32cf78-d737-11e9-a568-c8f7501047dc', 'd5f42399-d737-11e9-a568-c8f7501047dc', '4523af94-d172-11e9-b97c-48f17f8d4d88', NULL, 'Marvel logo (Red)', 'Marvel Merchendise', '900', '700', '122454874521', '123456789540', 0, 0, '2019-09-14 23:53:45', 'ba6257ea-d307-11e9-a45b-0050569fd205', '2019-09-14 23:53:45', 'ba6257ea-d307-11e9-a45b-0050569fd205', 1),
('2126dad9-df0a-11e9-a724-48f17f8d4d88', '2a13f21d-dfde-11e9-850f-48f17f8d4d88', 'c5ce3456-e29b-11e9-abbd-48f17f8d4d88', '94c5b3cf-d170-11e9-b97c-48f17f8d4d88', NULL, '2l Fanta', ' ', '25', '18', ' ', 'f4343', 18, 3, '2019-09-24 22:30:21', '81de5b36-d170-11e9-b97c-48f17f8d4d88', '2020-01-05 00:03:09', '81de5b36-d170-11e9-b97c-48f17f8d4d88', 1),
('23b93d30-fe1a-11e9-91af-363532eb0721', 'e2ea95e5-e47a-11e9-bc5d-0050569fd205', 'fcfd2a2b-e47a-11e9-bc5d-0050569fd205', 'ac9db3c5-e47a-11e9-bc5d-0050569fd205', NULL, 'Long dress', ' ', '1200', '800', '', 'na', 9, 4, '2019-11-03 11:13:03', '70648b1d-e47a-11e9-bc5d-0050569fd205', '2019-11-03 12:33:35', '70648b1d-e47a-11e9-bc5d-0050569fd205', 1),
('2407b643-f5c3-11e9-987f-363532eb0721', '3f40c927-e5a8-11e9-bc5d-0050569fd205', '72f06087-e519-11e9-bc5d-0050569fd205', '9b8ea912-e518-11e9-bc5d-0050569fd205', NULL, 'cc', ' ', '11', '1', '', 'na', 1, 1, '2019-10-23 20:30:08', '41f977a7-e518-11e9-bc5d-0050569fd205', '2019-10-23 20:30:08', '41f977a7-e518-11e9-bc5d-0050569fd205', 1),
('293460c8-02e9-11ea-bc5e-363532eb0721', 'c39af95e-02cb-11ea-91af-363532eb0721', '549a1ea5-02df-11ea-bc5e-363532eb0721', '0c89e134-02ca-11ea-91af-363532eb0721', NULL, 'Freedom Brew 250g Bean', ' ', '85', '0', '', 'na', 8, 3, '2019-11-09 14:05:03', '0c8c1818-02ca-11ea-91af-363532eb0721', '2019-11-09 14:05:03', '0c8c1818-02ca-11ea-91af-363532eb0721', 1),
('2996657d-02e2-11ea-bc5e-363532eb0721', 'c39af95e-02cb-11ea-91af-363532eb0721', '87ae0cee-02e1-11ea-bc5e-363532eb0721', '0c89e134-02ca-11ea-91af-363532eb0721', NULL, 'Monate Decaf 250g Bean Flavoured', ' ', '115', '0', '', 'N/A', 0, 3, '2019-11-09 13:14:57', '0c8c1818-02ca-11ea-91af-363532eb0721', '2019-11-09 13:44:57', '0c8c1818-02ca-11ea-91af-363532eb0721', 1),
('2cd7f8de-fff1-11e9-91af-363532eb0721', 'f354490f-fff0-11e9-91af-363532eb0721', 'ab1432f8-fff0-11e9-91af-363532eb0721', '49a75007-fff0-11e9-91af-363532eb0721', NULL, '1 Family Insurance', ' ', '250', '250', '', 'life-123', 10, 5, '2019-11-05 19:24:51', '49aa0dc7-fff0-11e9-91af-363532eb0721', '2019-11-05 19:24:51', '49aa0dc7-fff0-11e9-91af-363532eb0721', 1),
('30949087-3293-11ea-b970-48f17f8d4d88', '', '', 'f019c8c5-3292-11ea-b970-48f17f8d4d88', NULL, 'Plain tshirt', '', '150', '100', '', '', 119, 50, '2020-01-09 05:50:34', 'f01d15d4-3292-11ea-b970-48f17f8d4d88', '2020-01-09 05:51:29', 'f01d15d4-3292-11ea-b970-48f17f8d4d88', 1),
('309554f4-3293-11ea-b970-48f17f8d4d88', '', '', 'f019c8c5-3292-11ea-b970-48f17f8d4d88', NULL, 'Golf tshirts', '', '250', '150', '', '', 98, 30, '2020-01-09 05:50:34', 'f01d15d4-3292-11ea-b970-48f17f8d4d88', '2020-01-09 05:51:29', 'f01d15d4-3292-11ea-b970-48f17f8d4d88', 1),
('3325dac6-f721-11e9-987f-363532eb0721', '4bf57eac-e519-11e9-bc5d-0050569fd205', '6fca7387-e51a-11e9-bc5d-0050569fd205', '9b8ea912-e518-11e9-bc5d-0050569fd205', NULL, 'Rotray ', ' ', '5000', '4100', '', 'na', 43, 10, '2019-10-25 14:15:57', '41f977a7-e518-11e9-bc5d-0050569fd205', '2019-11-04 10:05:51', '41f977a7-e518-11e9-bc5d-0050569fd205', 1),
('37dc6136-e47b-11e9-bc5d-0050569fd205', 'e2ea95e5-e47a-11e9-bc5d-0050569fd205', 'fcfd2a2b-e47a-11e9-bc5d-0050569fd205', 'ac9db3c5-e47a-11e9-bc5d-0050569fd205', NULL, 'Tshirt', ' ', '150', '70', '', '56473345', 1, 2, '2019-10-01 20:42:28', '70648b1d-e47a-11e9-bc5d-0050569fd205', '2019-11-03 12:33:35', '70648b1d-e47a-11e9-bc5d-0050569fd205', 1),
('3bc765d0-e5a4-11e9-bc5d-0050569fd205', 'b949c5cd-e5a3-11e9-bc5d-0050569fd205', '99558bcf-e519-11e9-bc5d-0050569fd205', '9b8ea912-e518-11e9-bc5d-0050569fd205', NULL, 'Dunlop ', ' Second hand Tyre 205/40/R16\"', '700', '500', '1111', 'D101', 5, 4, '2019-10-03 08:08:35', '41f977a7-e518-11e9-bc5d-0050569fd205', '2019-10-15 23:04:01', '41f977a7-e518-11e9-bc5d-0050569fd205', 1),
('3ef1315b-f630-11e9-987f-363532eb0721', '', '', '9b8ea912-e518-11e9-bc5d-0050569fd205', NULL, 'ndutest24', ' ', '500', '280', '', 'na', 6, 0, '2019-10-24 09:31:08', '41f977a7-e518-11e9-bc5d-0050569fd205', '2019-10-29 20:17:54', '41f977a7-e518-11e9-bc5d-0050569fd205', 1),
('400a31bd-e8fd-11e9-bc5d-0050569fd205', '74512919-e457-11e9-bc5d-0050569fd205', '7574508c-e45b-11e9-bc5d-0050569fd205', '23b82588-e370-11e9-bc5d-0050569fd205', NULL, 'LEGACY', ' COFFEE BEANS', '85', '60', '', 'L101', 10, 5, '2019-10-07 14:23:21', '704bf544-e517-11e9-bc5d-0050569fd205', '2019-12-11 09:07:47', '704bf544-e517-11e9-bc5d-0050569fd205', 1),
('417ffc60-df08-11e9-a724-48f17f8d4d88', '', '', '94c5b3cf-d170-11e9-b97c-48f17f8d4d88', NULL, 'mayonnaise', 'etra hot Peri peri source', '30', '19', ' ', 'HSC', 40, 5, '2019-09-24 22:16:56', '81de5b36-d170-11e9-b97c-48f17f8d4d88', '2020-01-03 18:31:04', '81de5b36-d170-11e9-b97c-48f17f8d4d88', 1),
('43662134-fe26-11e9-91af-363532eb0721', 'e2ea95e5-e47a-11e9-bc5d-0050569fd205', 'fcfd2a2b-e47a-11e9-bc5d-0050569fd205', 'ac9db3c5-e47a-11e9-bc5d-0050569fd205', NULL, 'Ndu', ' ', '200', '120', '', 'na', 100, 40, '2019-11-03 12:39:50', '70648b1d-e47a-11e9-bc5d-0050569fd205', '2019-11-03 12:39:50', '70648b1d-e47a-11e9-bc5d-0050569fd205', 1),
('44d795d6-02eb-11ea-bc5e-363532eb0721', 'c39af95e-02cb-11ea-91af-363532eb0721', '716d5a86-02df-11ea-bc5e-363532eb0721', '0c89e134-02ca-11ea-91af-363532eb0721', NULL, 'Maboneng Brew 250g Ground ', ' ', '95', '0', '', 'MAB01', 7, 3, '2019-11-09 14:20:08', '0c8c1818-02ca-11ea-91af-363532eb0721', '2019-11-18 07:31:23', '0c8c1818-02ca-11ea-91af-363532eb0721', 1),
('4816abad-d739-11e9-a568-c8f7501047dc', '9f32cf78-d737-11e9-a568-c8f7501047dc', 'd5f42399-d737-11e9-a568-c8f7501047dc', '4523af94-d172-11e9-b97c-48f17f8d4d88', NULL, 'Agents ', 'News ', '500', '350', '12345487576321', '1234548757', 0, 0, '2019-09-14 23:47:43', 'ba6257ea-d307-11e9-a45b-0050569fd205', '2019-09-14 23:47:43', 'ba6257ea-d307-11e9-a45b-0050569fd205', 1),
('48ffe7f7-e6ad-11e9-bc5d-0050569fd205', '', '', 'dfd5ee69-e6ac-11e9-bc5d-0050569fd205', NULL, 'Red long dress', ' ', '500', '380', '', 'Cap ', 96, 50, '2019-10-04 15:45:53', 'bfb9480e-e6ac-11e9-bc5d-0050569fd205', '2019-10-04 20:09:36', 'bfb9480e-e6ac-11e9-bc5d-0050569fd205', 1),
('49e930fb-e45b-11e9-bc5d-0050569fd205', '74512919-e457-11e9-bc5d-0050569fd205', '7574508c-e45b-11e9-bc5d-0050569fd205', '23b82588-e370-11e9-bc5d-0050569fd205', NULL, 'Shaka\'s Rock', ' Coffee beans', '250', '100', '11111111', 'SR101', 12, 6, '2019-10-01 16:53:54', 'c57c153d-e36e-11e9-bc5d-0050569fd205', '2019-10-28 08:08:04', 'c57c153d-e36e-11e9-bc5d-0050569fd205', 1),
('4ad4272e-fdff-11e9-91af-363532eb0721', '', '', '9b8ea912-e518-11e9-bc5d-0050569fd205', NULL, 'test', ' ', '200', '20', '', 'na', -1, 2, '2019-11-03 08:00:52', '41f977a7-e518-11e9-bc5d-0050569fd205', '2019-11-04 10:05:51', '41f977a7-e518-11e9-bc5d-0050569fd205', 1),
('4b593bda-e5bd-11e9-bc5d-0050569fd205', '10664ace-e5bd-11e9-bc5d-0050569fd205', '', '9b8ea912-e518-11e9-bc5d-0050569fd205', NULL, 'Green lander 205 45 17', ' ', '850', '700', '', 'Gl', 0, 2, '2019-10-03 11:07:58', '41f977a7-e518-11e9-bc5d-0050569fd205', '2019-10-15 23:04:01', '41f977a7-e518-11e9-bc5d-0050569fd205', 1),
('4c104caa-e35d-11e9-bc5d-0050569fd205', '27dd4942-e2e1-11e9-bc5d-0050569fd205', '', '2d3aafa8-e2e0-11e9-bc5d-0050569fd205', NULL, 'Traditional basket ', 'Yealink Sip phone ', '800', '60', '1212121212231', 'YSIP101', 41, 5, '2019-09-30 10:35:45', '5506426f-e2e1-11e9-bc5d-0050569fd205', '2019-10-07 09:03:29', '5506426f-e2e1-11e9-bc5d-0050569fd205', 1),
('4c2f21df-3154-11ea-a404-48f17f8d4d88', '', 'tin', '94c5b3cf-d170-11e9-b97c-48f17f8d4d88', NULL, 'Koo', '', '12', '8', '', '', 120, 10, '2020-01-07 15:47:51', '81de5b36-d170-11e9-b97c-48f17f8d4d88', '2020-01-07 15:47:51', '81de5b36-d170-11e9-b97c-48f17f8d4d88', 1),
('4c43a581-e51b-11e9-bc5d-0050569fd205', '54b5877f-e519-11e9-bc5d-0050569fd205', '8eb73c16-e519-11e9-bc5d-0050569fd205', '9b8ea912-e518-11e9-bc5d-0050569fd205', NULL, 'Goodyear Tyre', ' 175/40R17\'\'', '350', '300', ' ', 'GYR17', 16, 30, '2019-10-02 15:48:21', '41f977a7-e518-11e9-bc5d-0050569fd205', '2019-10-15 23:04:01', '41f977a7-e518-11e9-bc5d-0050569fd205', 1),
('4c6536c5-f62d-11e9-987f-363532eb0721', '', '', '9b8ea912-e518-11e9-bc5d-0050569fd205', NULL, 'Crush', ' ', '444', '222', '', 'na', 20, 83, '2019-10-24 09:10:02', '41f977a7-e518-11e9-bc5d-0050569fd205', '2019-10-24 19:54:49', '41f977a7-e518-11e9-bc5d-0050569fd205', 1),
('5264b66d-d6f0-11e9-a5a1-c8f7501047dc', '', '', '94c5b3cf-d170-11e9-b97c-48f17f8d4d88', NULL, 'Valpre still water 440ml', 'New and exciting', '12', '6', '12345678142', '1234586', 198, 50, '2019-09-14 15:05:21', '81de5b36-d170-11e9-b97c-48f17f8d4d88', '2020-01-03 18:44:43', '81de5b36-d170-11e9-b97c-48f17f8d4d88', 1),
('52e5f00a-02e9-11ea-bc5e-363532eb0721', 'c39af95e-02cb-11ea-91af-363532eb0721', '716d5a86-02df-11ea-bc5e-363532eb0721', '0c89e134-02ca-11ea-91af-363532eb0721', NULL, 'Freedom Brew 250g Ground ', ' ', '85', '0', '', 'MAB01-1-1-1', 7, 3, '2019-11-09 14:06:12', '0c8c1818-02ca-11ea-91af-363532eb0721', '2019-11-20 07:04:50', '0c8c1818-02ca-11ea-91af-363532eb0721', 1),
('52f44ac0-e5a5-11e9-bc5d-0050569fd205', '888c5e79-e5a6-11e9-bc5d-0050569fd205', '6fca7387-e51a-11e9-bc5d-0050569fd205', '9b8ea912-e518-11e9-bc5d-0050569fd205', NULL, '18 Audi Machined/Black Wheels Rims', ' Set Of 4 Rims NEW!', '7000', '5000', '111', 'AUD-321-18-MB', 8, 3, '2019-10-03 08:16:23', '41f977a7-e518-11e9-bc5d-0050569fd205', '2019-10-15 23:04:01', '41f977a7-e518-11e9-bc5d-0050569fd205', 1),
('532d9305-f630-11e9-987f-363532eb0721', '', '', '9b8ea912-e518-11e9-bc5d-0050569fd205', NULL, 'ndutest24', ' ', '500', '280', '', 'na', 4, 0, '2019-10-24 09:31:42', '41f977a7-e518-11e9-bc5d-0050569fd205', '2019-10-27 17:29:52', '41f977a7-e518-11e9-bc5d-0050569fd205', 1),
('53696c98-f62b-11e9-987f-363532eb0721', '', '', '9b8ea912-e518-11e9-bc5d-0050569fd205', NULL, 'ndutest24', ' ', '500', '280', '', 'na', 10, 0, '2019-10-24 08:55:55', '41f977a7-e518-11e9-bc5d-0050569fd205', '2019-10-24 08:55:55', '41f977a7-e518-11e9-bc5d-0050569fd205', 1),
('53c2c7c4-fff1-11e9-91af-363532eb0721', 'c8e33adb-fff0-11e9-91af-363532eb0721', 'ab1432f8-fff0-11e9-91af-363532eb0721', '49a75007-fff0-11e9-91af-363532eb0721', NULL, 'Left Insurance', ' ', '1800', '1000', '', 'car-123', 50, 10, '2019-11-05 19:25:56', '49aa0dc7-fff0-11e9-91af-363532eb0721', '2019-11-05 19:25:56', '49aa0dc7-fff0-11e9-91af-363532eb0721', 1),
('572220fa-f631-11e9-987f-363532eb0721', '', '', '9b8ea912-e518-11e9-bc5d-0050569fd205', NULL, 'noou', ' ', '33', '33', '', 'na', 31, NULL, '2019-10-24 09:38:58', '41f977a7-e518-11e9-bc5d-0050569fd205', '2019-10-29 20:17:54', '41f977a7-e518-11e9-bc5d-0050569fd205', 1),
('57703b24-02ea-11ea-bc5e-363532eb0721', 'c39af95e-02cb-11ea-91af-363532eb0721', '549a1ea5-02df-11ea-bc5e-363532eb0721', '0c89e134-02ca-11ea-91af-363532eb0721', NULL, 'Maboneng Brew 250g Bean', ' ', '95', '0', '', 'na', 4, 3, '2019-11-09 14:13:30', '0c8c1818-02ca-11ea-91af-363532eb0721', '2019-11-09 14:13:30', '0c8c1818-02ca-11ea-91af-363532eb0721', 1),
('58f0ab00-f594-11e9-987f-363532eb0721', '4bf57eac-e519-11e9-bc5d-0050569fd205', '72f06087-e519-11e9-bc5d-0050569fd205', '9b8ea912-e518-11e9-bc5d-0050569fd205', NULL, 'Good morning ', ' ', '600', '6000', '', 'na', 66, 10, '2019-10-23 14:55:10', '41f977a7-e518-11e9-bc5d-0050569fd205', '2019-10-23 14:55:10', '41f977a7-e518-11e9-bc5d-0050569fd205', 1),
('5a64f79d-f5c6-11e9-987f-363532eb0721', '3f40c927-e5a8-11e9-bc5d-0050569fd205', '72f06087-e519-11e9-bc5d-0050569fd205', '9b8ea912-e518-11e9-bc5d-0050569fd205', NULL, 'cc2510s', ' ', '11', '1', '', 'na', 1, 1, '2019-10-23 20:53:08', '41f977a7-e518-11e9-bc5d-0050569fd205', '2019-10-23 20:53:08', '41f977a7-e518-11e9-bc5d-0050569fd205', 1),
('5f3ec6db-f63d-11e9-987f-363532eb0721', '54b5877f-e519-11e9-bc5d-0050569fd205', '99558bcf-e519-11e9-bc5d-0050569fd205', '9b8ea912-e518-11e9-bc5d-0050569fd205', NULL, 'Washing bassin', ' ', '888', '0', '', 'na', 60, 6, '2019-10-24 11:05:06', '41f977a7-e518-11e9-bc5d-0050569fd205', '2019-10-29 20:17:54', '41f977a7-e518-11e9-bc5d-0050569fd205', 1),
('601325fb-fede-11e9-91af-363532eb0721', '', '', '9b8ea912-e518-11e9-bc5d-0050569fd205', NULL, 'Keyboard ', ' ', '11', '1', '', 'na', 11, 1, '2019-11-04 10:37:45', '41f977a7-e518-11e9-bc5d-0050569fd205', '2019-11-04 10:39:43', '41f977a7-e518-11e9-bc5d-0050569fd205', 1),
('62bdfb82-d724-11e9-a568-c8f7501047dc', '394a1196-d409-11e9-9f95-48f17f8d4d88', '2f1dd86d-d409-11e9-9f95-48f17f8d4d88', '94c5b3cf-d170-11e9-b97c-48f17f8d4d88', NULL, 'Jacobs Kronung Instant Coffee 100 Gram', 'DSG GTI', '65', '40', '5877469857', '123456789', 50, 10, '2019-09-14 21:18:08', '81de5b36-d170-11e9-b97c-48f17f8d4d88', '2020-01-03 18:35:20', '81de5b36-d170-11e9-b97c-48f17f8d4d88', 1),
('65794968-e512-11e9-bc5d-0050569fd205', '74512919-e457-11e9-bc5d-0050569fd205', '7574508c-e45b-11e9-bc5d-0050569fd205', '23b82588-e370-11e9-bc5d-0050569fd205', NULL, 'Freedom Brew', '  Coffee beans', '70', '50', '101010101', 'FB101', 0, 5, '2019-10-02 14:44:38', 'c57c153d-e36e-11e9-bc5d-0050569fd205', '2019-10-26 16:52:48', 'c57c153d-e36e-11e9-bc5d-0050569fd205', 1),
('696fe4ae-e2e0-11e9-bc5d-0050569fd205', '', '', '2d3aafa8-e2e0-11e9-bc5d-0050569fd205', NULL, 'Beads', ' ', '150', '80', '787878 ', 'B123', 68, 30, '2019-09-29 19:41:48', '5506426f-e2e1-11e9-bc5d-0050569fd205', '2019-10-01 12:59:21', '5506426f-e2e1-11e9-bc5d-0050569fd205', 1),
('69bccc6d-02ef-11ea-bc5e-363532eb0721', 'c39af95e-02cb-11ea-91af-363532eb0721', '716d5a86-02df-11ea-bc5e-363532eb0721', '0c89e134-02ca-11ea-91af-363532eb0721', NULL, 'Soweto Taste 250g Ground ', ' ', '95', '0', '', 'MAB01-1-1-1-1', 0, 3, '2019-11-09 14:49:48', '0c8c1818-02ca-11ea-91af-363532eb0721', '2019-11-18 07:31:23', '0c8c1818-02ca-11ea-91af-363532eb0721', 1),
('6ae05f7d-f5c4-11e9-987f-363532eb0721', '3f40c927-e5a8-11e9-bc5d-0050569fd205', '72f06087-e519-11e9-bc5d-0050569fd205', '9b8ea912-e518-11e9-bc5d-0050569fd205', NULL, 'cc25', ' ', '11', '1', '', 'na', 1, 1, '2019-10-23 20:39:16', '41f977a7-e518-11e9-bc5d-0050569fd205', '2019-10-23 20:39:16', '41f977a7-e518-11e9-bc5d-0050569fd205', 1),
('6ae6f763-d6f4-11e9-a5a1-c8f7501047dc', '', '', '94c5b3cf-d170-11e9-b97c-48f17f8d4d88', NULL, 'Soda can 330ml', 'M-Sport Launch Edition Auto with 11000km', '10', '6', '334578641', '5605464', 148, 50, '2019-09-14 15:34:40', '81de5b36-d170-11e9-b97c-48f17f8d4d88', '2020-01-03 18:44:43', '81de5b36-d170-11e9-b97c-48f17f8d4d88', 1),
('6c34d999-f9cc-11e9-987f-363532eb0721', '25c86184-f9cc-11e9-987f-363532eb0721', '38d9fc30-f9cc-11e9-987f-363532eb0721', '4b1f410b-e523-11e9-bc5d-0050569fd205', NULL, 'Konvikt (White/Black) ', ' ', '250', '125', '', 'kvt-01', 4, 5, '2019-10-28 23:46:39', '1154faf5-e523-11e9-bc5d-0050569fd205', '2019-11-19 18:36:18', '1154faf5-e523-11e9-bc5d-0050569fd205', 1),
('6cc39a01-02e5-11ea-bc5e-363532eb0721', 'c39af95e-02cb-11ea-91af-363532eb0721', '4aaa291d-02df-11ea-bc5e-363532eb0721', '0c89e134-02ca-11ea-91af-363532eb0721', NULL, 'Living the Legacy 1kg Bean', ' ', '300', '0', '', 'MAB02-1', 0, 3, '2019-11-09 13:38:18', '0c8c1818-02ca-11ea-91af-363532eb0721', '2019-11-20 07:04:50', '0c8c1818-02ca-11ea-91af-363532eb0721', 1),
('700131a7-fff1-11e9-91af-363532eb0721', 'db0d891c-fff0-11e9-91af-363532eb0721', 'b6188d56-fff0-11e9-91af-363532eb0721', '49a75007-fff0-11e9-91af-363532eb0721', NULL, 'Fruits Mix', ' ', '50', '25', '', 'fruit-123', 60, 10, '2019-11-05 19:26:44', '49aa0dc7-fff0-11e9-91af-363532eb0721', '2019-11-05 19:26:44', '49aa0dc7-fff0-11e9-91af-363532eb0721', 1),
('71078b38-fdfe-11e9-91af-363532eb0721', 'd01900bd-e5a6-11e9-bc5d-0050569fd205', '72f06087-e519-11e9-bc5d-0050569fd205', '9b8ea912-e518-11e9-bc5d-0050569fd205', NULL, 'ndu', ' ', '500000000', '99999', '', 'na', 0, NULL, '2019-11-03 07:54:47', '41f977a7-e518-11e9-bc5d-0050569fd205', '2019-11-04 16:34:41', '41f977a7-e518-11e9-bc5d-0050569fd205', 1),
('736cbe75-31de-11ea-9819-48f17f8d4d88', '', 'tin', '84e1b6d9-30b8-11ea-8b45-48f17f8d4d88', NULL, 'Koo', '', '12', '8', '', '', 120, 10, '2020-01-08 08:16:47', '84e2fbdb-30b8-11ea-8b45-48f17f8d4d88', '2020-01-08 08:16:47', '84e2fbdb-30b8-11ea-8b45-48f17f8d4d88', 1),
('736ee776-31de-11ea-9819-48f17f8d4d88', '', 'cold meet', '84e1b6d9-30b8-11ea-8b45-48f17f8d4d88', NULL, 'Beef tray', '', '55', '32', '', '', 15, 0, '2020-01-08 08:16:47', '84e2fbdb-30b8-11ea-8b45-48f17f8d4d88', '2020-01-08 08:16:47', '84e2fbdb-30b8-11ea-8b45-48f17f8d4d88', 1),
('736f3def-31de-11ea-9819-48f17f8d4d88', '', 'cold meet', '84e1b6d9-30b8-11ea-8b45-48f17f8d4d88', NULL, 'Fish raw', '', '65', '44', '', '', 15, 0, '2020-01-08 08:16:47', '84e2fbdb-30b8-11ea-8b45-48f17f8d4d88', '2020-01-08 08:16:47', '84e2fbdb-30b8-11ea-8b45-48f17f8d4d88', 1),
('736fb788-31de-11ea-9819-48f17f8d4d88', '', '', '84e1b6d9-30b8-11ea-8b45-48f17f8d4d88', NULL, 'prawn raw 5kg', '', '65', '44', '', '', 15, 0, '2020-01-08 08:16:47', '84e2fbdb-30b8-11ea-8b45-48f17f8d4d88', '2020-01-08 08:16:47', '84e2fbdb-30b8-11ea-8b45-48f17f8d4d88', 1),
('750faf6c-3154-11ea-a404-48f17f8d4d88', '', 'tin', '94c5b3cf-d170-11e9-b97c-48f17f8d4d88', NULL, 'Koo', '', '12', '8', '', '', 120, 10, '2020-01-07 15:48:59', '81de5b36-d170-11e9-b97c-48f17f8d4d88', '2020-01-07 15:48:59', '81de5b36-d170-11e9-b97c-48f17f8d4d88', 1),
('75108eb4-3154-11ea-a404-48f17f8d4d88', '', '', '94c5b3cf-d170-11e9-b97c-48f17f8d4d88', NULL, 'Coke can', '', '18', '12', '', '', 88, 20, '2020-01-07 15:48:59', '81de5b36-d170-11e9-b97c-48f17f8d4d88', '2020-01-07 15:48:59', '81de5b36-d170-11e9-b97c-48f17f8d4d88', 1),
('7922a687-2fb0-11ea-8be9-48f17f8d4d88', '', '', 'ea6c6f96-2faf-11ea-8be9-48f17f8d4d88', NULL, 'Website Design', ' ', '5500', '0', '', 'na', 49, 0, '2020-01-05 13:42:38', 'ea6f3106-2faf-11ea-8be9-48f17f8d4d88', '2020-01-05 14:26:05', 'ea6f3106-2faf-11ea-8be9-48f17f8d4d88', 1),
('7c110674-f631-11e9-987f-363532eb0721', 'fe7cffe5-e5a5-11e9-bc5d-0050569fd205', '99558bcf-e519-11e9-bc5d-0050569fd205', '9b8ea912-e518-11e9-bc5d-0050569fd205', NULL, 'Moseenter ', ' ', '777', '66', '', 'na', 62, 55, '2019-10-24 09:40:00', '41f977a7-e518-11e9-bc5d-0050569fd205', '2019-10-24 23:58:04', '41f977a7-e518-11e9-bc5d-0050569fd205', 1),
('7cd35931-e515-11e9-bc5d-0050569fd205', '4369bfef-e515-11e9-bc5d-0050569fd205', '94faad66-e514-11e9-bc5d-0050569fd205', '23b82588-e370-11e9-bc5d-0050569fd205', NULL, '2014 NIGHT SKY', '  FABLE MOUNTAIN VINEYARDS', '165', '120', '', 'FM101', 30, 10, '2019-10-02 15:06:46', 'c57c153d-e36e-11e9-bc5d-0050569fd205', '2019-12-11 09:07:47', 'c57c153d-e36e-11e9-bc5d-0050569fd205', 1),
('7e6878d4-f5c4-11e9-987f-363532eb0721', '3f40c927-e5a8-11e9-bc5d-0050569fd205', '72f06087-e519-11e9-bc5d-0050569fd205', '9b8ea912-e518-11e9-bc5d-0050569fd205', NULL, 'cc25', ' ', '11', '1', '', 'na', 1, 1, '2019-10-23 20:39:49', '41f977a7-e518-11e9-bc5d-0050569fd205', '2019-10-23 20:39:49', '41f977a7-e518-11e9-bc5d-0050569fd205', 1),
('80083201-02ed-11ea-bc5e-363532eb0721', 'c39af95e-02cb-11ea-91af-363532eb0721', '4aaa291d-02df-11ea-bc5e-363532eb0721', '0c89e134-02ca-11ea-91af-363532eb0721', NULL, 'Loxion Kofi 1kg Bean', ' ', '300', '0', '', 'MAB02-1-1-1-2', 2, 3, '2019-11-09 14:36:06', '0c8c1818-02ca-11ea-91af-363532eb0721', '2019-11-15 11:28:42', '0c8c1818-02ca-11ea-91af-363532eb0721', 1),
('81ccc2d8-d739-11e9-a568-c8f7501047dc', '9f32cf78-d737-11e9-a568-c8f7501047dc', 'd5f42399-d737-11e9-a568-c8f7501047dc', '4523af94-d172-11e9-b97c-48f17f8d4d88', NULL, 'Avengers (black)', 'White logo A - Snap', '600', '400', '2134587651', '245878000', 0, 0, '2019-09-14 23:49:20', 'ba6257ea-d307-11e9-a45b-0050569fd205', '2019-09-14 23:49:20', 'ba6257ea-d307-11e9-a45b-0050569fd205', 1),
('822e8654-f629-11e9-987f-363532eb0721', '', '', '9b8ea912-e518-11e9-bc5d-0050569fd205', NULL, 'ndutest24', ' ', '500', '280', '', 'na', 10, 0, '2019-10-24 08:42:54', '41f977a7-e518-11e9-bc5d-0050569fd205', '2019-10-24 08:42:54', '41f977a7-e518-11e9-bc5d-0050569fd205', 1),
('85315856-f5c5-11e9-987f-363532eb0721', '3f40c927-e5a8-11e9-bc5d-0050569fd205', '72f06087-e519-11e9-bc5d-0050569fd205', '9b8ea912-e518-11e9-bc5d-0050569fd205', NULL, 'cc2510', ' ', '11', '1', '', 'na', 1, 1, '2019-10-23 20:47:10', '41f977a7-e518-11e9-bc5d-0050569fd205', '2019-10-23 20:47:10', '41f977a7-e518-11e9-bc5d-0050569fd205', 1),
('87110bf9-fff1-11e9-91af-363532eb0721', 'db0d891c-fff0-11e9-91af-363532eb0721', 'b6188d56-fff0-11e9-91af-363532eb0721', '49a75007-fff0-11e9-91af-363532eb0721', NULL, 'Vegitables', ' ', '150', '100', '', 'veg-123', 50, 10, '2019-11-05 19:27:22', '49aa0dc7-fff0-11e9-91af-363532eb0721', '2019-11-05 19:27:22', '49aa0dc7-fff0-11e9-91af-363532eb0721', 1),
('883fc2b8-02e9-11ea-bc5e-363532eb0721', 'c39af95e-02cb-11ea-91af-363532eb0721', '549a1ea5-02df-11ea-bc5e-363532eb0721', '0c89e134-02ca-11ea-91af-363532eb0721', NULL, 'Shakas Rock 250g Bean ', ' ', '85', '0', '', 'na', 6, 3, '2019-11-09 14:07:42', '0c8c1818-02ca-11ea-91af-363532eb0721', '2019-11-09 14:07:42', '0c8c1818-02ca-11ea-91af-363532eb0721', 1),
('8aadcceb-d6f7-11e9-a5a1-c8f7501047dc', '', '', '94c5b3cf-d170-11e9-b97c-48f17f8d4d88', NULL, 'Selati - Golden Brown Sugar 2kg', '2019 Compact coupe convertable', '35', '28', '3657894115', '3657894115', 20, 10, '2019-09-14 15:57:01', '81de5b36-d170-11e9-b97c-48f17f8d4d88', '2020-01-03 18:38:43', '81de5b36-d170-11e9-b97c-48f17f8d4d88', 1),
('8abee732-02ef-11ea-bc5e-363532eb0721', 'c39af95e-02cb-11ea-91af-363532eb0721', '4aaa291d-02df-11ea-bc5e-363532eb0721', '0c89e134-02ca-11ea-91af-363532eb0721', NULL, 'Soweto Taste 1kg Bean', ' ', '310', '0', '', 'MAB02-1-1-1-1', -2, 3, '2019-11-09 14:50:43', '0c8c1818-02ca-11ea-91af-363532eb0721', '2019-11-20 07:04:50', '0c8c1818-02ca-11ea-91af-363532eb0721', 1),
('8b7eaa93-e35f-11e9-bc5d-0050569fd205', 'f9587770-e35e-11e9-bc5d-0050569fd205', '0a9c6333-e35f-11e9-bc5d-0050569fd205', 'a8e9befd-e35e-11e9-bc5d-0050569fd205', NULL, 'Yealink T40 P', 'Sip phones', '800', '600', '1232231', 'T40P', 17, 5, '2019-09-30 10:51:51', 'cd3cf692-e35d-11e9-bc5d-0050569fd205', '2019-09-30 10:53:07', 'cd3cf692-e35d-11e9-bc5d-0050569fd205', 1),
('8c08bced-fe02-11e9-91af-363532eb0721', '', '', '9b8ea912-e518-11e9-bc5d-0050569fd205', NULL, 's', ' ', '22', '22', '', 'na', 0, 2, '2019-11-03 08:24:10', '41f977a7-e518-11e9-bc5d-0050569fd205', '2019-11-04 10:05:51', '41f977a7-e518-11e9-bc5d-0050569fd205', 1),
('8d636a0c-02e4-11ea-bc5e-363532eb0721', 'c39af95e-02cb-11ea-91af-363532eb0721', 'bb28d608-02e1-11ea-bc5e-363532eb0721', '0c89e134-02ca-11ea-91af-363532eb0721', NULL, 'Monate Decaf 250g Bean  Non-Flavoured', ' ', '105', '0', '', 'na', 10, 3, '2019-11-09 13:32:03', '0c8c1818-02ca-11ea-91af-363532eb0721', '2019-11-09 13:46:23', '0c8c1818-02ca-11ea-91af-363532eb0721', 1),
('8dec8ac1-02ec-11ea-bc5e-363532eb0721', 'c39af95e-02cb-11ea-91af-363532eb0721', '549a1ea5-02df-11ea-bc5e-363532eb0721', '0c89e134-02ca-11ea-91af-363532eb0721', NULL, 'Loxion Kofi 250g Bean', ' ', '85', '0', '', 'na', 7, 3, '2019-11-09 14:29:20', '0c8c1818-02ca-11ea-91af-363532eb0721', '2019-11-15 11:28:42', '0c8c1818-02ca-11ea-91af-363532eb0721', 1),
('8ede24b8-e6ad-11e9-bc5d-0050569fd205', '', '44c3f2a7-e6d3-11e9-bc5d-0050569fd205', 'dfd5ee69-e6ac-11e9-bc5d-0050569fd205', NULL, 'Noted red and black ', ' ', '350', '300', '', 'Tsh', 47, 5, '2019-10-04 15:47:51', 'bfb9480e-e6ac-11e9-bc5d-0050569fd205', '2019-10-04 20:18:08', 'bfb9480e-e6ac-11e9-bc5d-0050569fd205', 1),
('90ebf58a-2fa9-11ea-8be9-48f17f8d4d88', '47639284-2faf-11ea-8be9-48f17f8d4d88', '', '42be6167-2fa9-11ea-8be9-48f17f8d4d88', NULL, 'Red long dress', ' ', '1200', '750', '', 'na', 1, NULL, '2020-01-05 12:53:11', '42bfaa8a-2fa9-11ea-8be9-48f17f8d4d88', '2020-01-05 13:34:18', '42bfaa8a-2fa9-11ea-8be9-48f17f8d4d88', 1),
('9b4074d1-f62a-11e9-987f-363532eb0721', '', '', '9b8ea912-e518-11e9-bc5d-0050569fd205', NULL, 'ndutest24', ' ', '500', '280', '', 'na', 10, 0, '2019-10-24 08:50:46', '41f977a7-e518-11e9-bc5d-0050569fd205', '2019-10-24 08:50:46', '41f977a7-e518-11e9-bc5d-0050569fd205', 1),
('a5382261-fff1-11e9-91af-363532eb0721', 'e899e373-fff0-11e9-91af-363532eb0721', 'b6188d56-fff0-11e9-91af-363532eb0721', '49a75007-fff0-11e9-91af-363532eb0721', NULL, 'A Grade Meat', ' ', '250', '150', '', 'meats-123', 50, 10, '2019-11-05 19:28:13', '49aa0dc7-fff0-11e9-91af-363532eb0721', '2019-11-05 19:28:19', '49aa0dc7-fff0-11e9-91af-363532eb0721', 1),
('a685d45e-2fb0-11ea-8be9-48f17f8d4d88', '', '', 'ea6c6f96-2faf-11ea-8be9-48f17f8d4d88', NULL, 'Logo Design', ' ', '500', '0', '', 'na', 5, 0, '2020-01-05 13:43:54', 'ea6f3106-2faf-11ea-8be9-48f17f8d4d88', '2020-01-05 14:30:02', 'ea6f3106-2faf-11ea-8be9-48f17f8d4d88', 1),
('a82a8f0b-f5c4-11e9-987f-363532eb0721', '3f40c927-e5a8-11e9-bc5d-0050569fd205', '72f06087-e519-11e9-bc5d-0050569fd205', '9b8ea912-e518-11e9-bc5d-0050569fd205', NULL, 'cc25', ' ', '11', '1', '', 'na', 1, 1, '2019-10-23 20:40:59', '41f977a7-e518-11e9-bc5d-0050569fd205', '2019-10-23 20:40:59', '41f977a7-e518-11e9-bc5d-0050569fd205', 1),
('a994b86a-3290-11ea-b970-48f17f8d4d88', '', '', '47de8a17-3290-11ea-b970-48f17f8d4d88', NULL, 'Plian tshirt', '', '150', '100', '', '', 117, 50, '2020-01-09 05:32:28', '47e43de7-3290-11ea-b970-48f17f8d4d88', '2020-01-09 05:36:52', '47e43de7-3290-11ea-b970-48f17f8d4d88', 1),
('a9952c68-3290-11ea-b970-48f17f8d4d88', '', '', '47de8a17-3290-11ea-b970-48f17f8d4d88', NULL, 'Gold tshirts', '', '250', '150', '', '', 95, 30, '2020-01-09 05:32:29', '47e43de7-3290-11ea-b970-48f17f8d4d88', '2020-01-09 05:36:35', '47e43de7-3290-11ea-b970-48f17f8d4d88', 1),
('a9c4907e-317a-11ea-a404-48f17f8d4d88', '', 'tin', '94c5b3cf-d170-11e9-b97c-48f17f8d4d88', NULL, 'Koo', '', '12', '8', '', '', 120, 10, '2020-01-07 20:22:29', '81de5b36-d170-11e9-b97c-48f17f8d4d88', '2020-01-07 20:22:29', '81de5b36-d170-11e9-b97c-48f17f8d4d88', 1),
('a9c5b055-317a-11ea-a404-48f17f8d4d88', '', 'cold meet', '94c5b3cf-d170-11e9-b97c-48f17f8d4d88', NULL, 'Beef tray', '', '55', '32', '', '', 15, 0, '2020-01-07 20:22:29', '81de5b36-d170-11e9-b97c-48f17f8d4d88', '2020-01-07 20:22:29', '81de5b36-d170-11e9-b97c-48f17f8d4d88', 1),
('a9c62997-317a-11ea-a404-48f17f8d4d88', '', 'cold meet', '94c5b3cf-d170-11e9-b97c-48f17f8d4d88', NULL, 'Fish raw', '', '65', '44', '', '', 15, 0, '2020-01-07 20:22:29', '81de5b36-d170-11e9-b97c-48f17f8d4d88', '2020-01-07 20:22:29', '81de5b36-d170-11e9-b97c-48f17f8d4d88', 1),
('a9c6dcff-317a-11ea-a404-48f17f8d4d88', '', '', '94c5b3cf-d170-11e9-b97c-48f17f8d4d88', NULL, 'prawn raw 5kg', '', '65', '44', '', '', 15, 0, '2020-01-07 20:22:29', '81de5b36-d170-11e9-b97c-48f17f8d4d88', '2020-01-07 20:22:29', '81de5b36-d170-11e9-b97c-48f17f8d4d88', 1),
('aa4825ec-df08-11e9-a724-48f17f8d4d88', '', '', '94c5b3cf-d170-11e9-b97c-48f17f8d4d88', NULL, '60 Eggs', ' 60 Lg Eggs', '75', '45', '', 'EGGZ1', 4, 10, '2019-09-24 22:19:52', '81de5b36-d170-11e9-b97c-48f17f8d4d88', '2020-01-03 18:44:43', '81de5b36-d170-11e9-b97c-48f17f8d4d88', 1),
('b13f68e8-f978-11e9-987f-363532eb0721', '9453ec53-f978-11e9-987f-363532eb0721', '8b7f4671-f978-11e9-987f-363532eb0721', 'n/a', NULL, 'Red Bandeu Bikini', ' ', '300', '90', '', '145', 20, 2, '2019-10-28 13:47:17', '30fbbfbc-f978-11e9-987f-363532eb0721', '2019-10-28 13:47:26', '30fbbfbc-f978-11e9-987f-363532eb0721', 1),
('b2a3853b-008f-11ea-91af-363532eb0721', '', '', '5048f837-f66c-11e9-987f-363532eb0721', NULL, 'Dell laptop ', ' ', '8500', '6200', '', 'na', 50, NULL, '2019-11-06 14:19:36', '504b2c84-f66c-11e9-987f-363532eb0721', '2019-11-07 09:30:04', '504b2c84-f66c-11e9-987f-363532eb0721', 1),
('b3946def-f629-11e9-987f-363532eb0721', '', '', '9b8ea912-e518-11e9-bc5d-0050569fd205', NULL, 'ndutest24', ' ', '500', '280', '', 'na', 10, 0, '2019-10-24 08:44:17', '41f977a7-e518-11e9-bc5d-0050569fd205', '2019-10-24 08:44:17', '41f977a7-e518-11e9-bc5d-0050569fd205', 1),
('b3a83a69-fee9-11e9-91af-363532eb0721', '54b5877f-e519-11e9-bc5d-0050569fd205', '', '9b8ea912-e518-11e9-bc5d-0050569fd205', NULL, 'Test', ' ', '500', '0', '', 'na', 50, 2, '2019-11-04 11:58:50', '41f977a7-e518-11e9-bc5d-0050569fd205', '2019-11-04 11:59:30', '41f977a7-e518-11e9-bc5d-0050569fd205', 1),
('b410ebcc-f9cc-11e9-987f-363532eb0721', '25c86184-f9cc-11e9-987f-363532eb0721', '38d9fc30-f9cc-11e9-987f-363532eb0721', '4b1f410b-e523-11e9-bc5d-0050569fd205', NULL, 'Konvikt (Black) ', ' ', '250', '125', '', 'kvt-02', 4, 5, '2019-10-28 23:48:40', '1154faf5-e523-11e9-bc5d-0050569fd205', '2019-11-19 18:30:36', '1154faf5-e523-11e9-bc5d-0050569fd205', 1),
('b4518105-02e9-11ea-bc5e-363532eb0721', 'c39af95e-02cb-11ea-91af-363532eb0721', '4aaa291d-02df-11ea-bc5e-363532eb0721', '0c89e134-02ca-11ea-91af-363532eb0721', NULL, 'Shakas Rock 1kg Bean ', ' ', '300', '0', '', 'MAB02-1-1', 7, 3, '2019-11-09 14:08:56', '0c8c1818-02ca-11ea-91af-363532eb0721', '2019-11-09 14:08:56', '0c8c1818-02ca-11ea-91af-363532eb0721', 1),
('bb895416-f62a-11e9-987f-363532eb0721', '', '', '9b8ea912-e518-11e9-bc5d-0050569fd205', NULL, 'ndutest24', ' ', '500', '280', '', 'na', 10, 0, '2019-10-24 08:51:40', '41f977a7-e518-11e9-bc5d-0050569fd205', '2019-10-24 08:51:40', '41f977a7-e518-11e9-bc5d-0050569fd205', 1),
('bbc1878e-fed9-11e9-91af-363532eb0721', '', '', '9b8ea912-e518-11e9-bc5d-0050569fd205', NULL, 'Coffee', ' ', '15', '10', '', 'na', 6, NULL, '2019-11-04 10:04:32', '41f977a7-e518-11e9-bc5d-0050569fd205', '2019-11-04 10:05:51', '41f977a7-e518-11e9-bc5d-0050569fd205', 1),
('bdab5ed6-f592-11e9-987f-363532eb0721', '', '', '9b8ea912-e518-11e9-bc5d-0050569fd205', NULL, 'test new', ' ', '5000', '4500', '', 'na', 10, 5, '2019-10-23 14:43:40', '41f977a7-e518-11e9-bc5d-0050569fd205', '2019-10-23 14:43:40', '41f977a7-e518-11e9-bc5d-0050569fd205', 1),
('befcf88e-f62c-11e9-987f-363532eb0721', '', '', '9b8ea912-e518-11e9-bc5d-0050569fd205', NULL, 'ndutest24', ' ', '500', '280', '', 'na', 8, 0, '2019-10-24 09:06:05', '41f977a7-e518-11e9-bc5d-0050569fd205', '2019-10-24 19:54:49', '41f977a7-e518-11e9-bc5d-0050569fd205', 1),
('bfe0152e-e514-11e9-bc5d-0050569fd205', '8b41eba2-e514-11e9-bc5d-0050569fd205', '7574508c-e45b-11e9-bc5d-0050569fd205', '23b82588-e370-11e9-bc5d-0050569fd205', NULL, '2016 RUPERT & ROTHSCHILD CLASSIQUE', ' CLASSIQUE', '190', '100', '', 'RRC101', 44, 10, '2019-10-02 15:01:29', 'c57c153d-e36e-11e9-bc5d-0050569fd205', '2019-10-28 08:08:04', 'c57c153d-e36e-11e9-bc5d-0050569fd205', 1),
('c13b768a-dedd-11e9-a724-48f17f8d4d88', '', '', '94c5b3cf-d170-11e9-b97c-48f17f8d4d88', NULL, 'Baked Bread', 'Bread', '20', '12', ' 3213 332143243243', ' bb123', 20, 5, '2019-09-24 17:12:42', '81de5b36-d170-11e9-b97c-48f17f8d4d88', '2020-01-03 18:44:43', '81de5b36-d170-11e9-b97c-48f17f8d4d88', 1),
('c215ad48-e5a5-11e9-bc5d-0050569fd205', '52c29874-e5a6-11e9-bc5d-0050569fd205', '6fca7387-e51a-11e9-bc5d-0050569fd205', '9b8ea912-e518-11e9-bc5d-0050569fd205', NULL, 'BMW E30 CONCAVE ALLOY MAG 527 TYRE PACK', ' BMW E30 CONCAVE ALLOY MAG 527 TYRE PACK NEW', '7500', '5000', '1111', 'BMWE3001', 0, 4, '2019-10-03 08:19:30', '41f977a7-e518-11e9-bc5d-0050569fd205', '2019-10-15 23:04:01', '41f977a7-e518-11e9-bc5d-0050569fd205', 1),
('c4a2fd7d-fff1-11e9-91af-363532eb0721', 'e899e373-fff0-11e9-91af-363532eb0721', 'b6188d56-fff0-11e9-91af-363532eb0721', '49a75007-fff0-11e9-91af-363532eb0721', NULL, 'Polony Extra', ' ', '250', '100', '', 'polo-123', 120, 10, '2019-11-05 19:29:06', '49aa0dc7-fff0-11e9-91af-363532eb0721', '2019-11-05 19:29:06', '49aa0dc7-fff0-11e9-91af-363532eb0721', 1),
('c54e67a9-dd62-11e9-8ffb-c8f7501047dc', '', '', '94c5b3cf-d170-11e9-b97c-48f17f8d4d88', NULL, 'ROBERTSONS spice', '2020 BMW M3 Competion Pack', '25', '16', '852369741', '963258741', 15, 0, '2019-09-22 19:59:42', '81de5b36-d170-11e9-b97c-48f17f8d4d88', '2020-01-03 18:32:26', '81de5b36-d170-11e9-b97c-48f17f8d4d88', 1),
('c9fbf013-30ce-11ea-8b45-48f17f8d4d88', '', '', 'b565b481-30cd-11ea-8b45-48f17f8d4d88', NULL, 'Cup', '', '50', '8', '', '', -1, 0, '2020-01-06 23:52:09', 'b568016e-30cd-11ea-8b45-48f17f8d4d88', '2020-01-06 23:52:09', 'b568016e-30cd-11ea-8b45-48f17f8d4d88', 1),
('c9fd9f87-30ce-11ea-8b45-48f17f8d4d88', '', '', 'b565b481-30cd-11ea-8b45-48f17f8d4d88', NULL, 'Living the LEGACY 250g Bean', '', '85', '0', '', '', 8, 3, '2020-01-06 23:52:09', 'b568016e-30cd-11ea-8b45-48f17f8d4d88', '2020-01-06 23:52:09', 'b568016e-30cd-11ea-8b45-48f17f8d4d88', 1),
('c9fe255d-30ce-11ea-8b45-48f17f8d4d88', '', '', 'b565b481-30cd-11ea-8b45-48f17f8d4d88', NULL, 'Well Olive Oil 1lt', '', '62', '40', '1234567814', '', 30, 7, '2020-01-06 23:52:09', 'b568016e-30cd-11ea-8b45-48f17f8d4d88', '2020-01-06 23:52:09', 'b568016e-30cd-11ea-8b45-48f17f8d4d88', 1),
('c9feb09a-30ce-11ea-8b45-48f17f8d4d88', '', '', 'b565b481-30cd-11ea-8b45-48f17f8d4d88', NULL, 'Moo', '', '23232', '323', '', '', 30, 33, '2020-01-06 23:52:09', 'b568016e-30cd-11ea-8b45-48f17f8d4d88', '2020-01-06 23:52:09', 'b568016e-30cd-11ea-8b45-48f17f8d4d88', 1),
('c9ff7b0e-30ce-11ea-8b45-48f17f8d4d88', '', 'Service', 'b565b481-30cd-11ea-8b45-48f17f8d4d88', NULL, 'Business cards', '', '500', '0', '', '', 7, 0, '2020-01-06 23:52:09', 'b568016e-30cd-11ea-8b45-48f17f8d4d88', '2020-01-06 23:52:09', 'b568016e-30cd-11ea-8b45-48f17f8d4d88', 1),
('ca002992-30ce-11ea-8b45-48f17f8d4d88', '', '', 'b565b481-30cd-11ea-8b45-48f17f8d4d88', NULL, 'Maboneng Brew', '', '0', '0', '', '', 0, 0, '2020-01-06 23:52:09', 'b568016e-30cd-11ea-8b45-48f17f8d4d88', '2020-01-06 23:52:09', 'b568016e-30cd-11ea-8b45-48f17f8d4d88', 1),
('ca00d557-30ce-11ea-8b45-48f17f8d4d88', '', '', 'b565b481-30cd-11ea-8b45-48f17f8d4d88', NULL, 'Shakas Rock 250 Ground ', '', '0', '0', '', '', 0, 0, '2020-01-06 23:52:09', 'b568016e-30cd-11ea-8b45-48f17f8d4d88', '2020-01-06 23:52:09', 'b568016e-30cd-11ea-8b45-48f17f8d4d88', 1),
('ca018d9a-30ce-11ea-8b45-48f17f8d4d88', '', '', 'b565b481-30cd-11ea-8b45-48f17f8d4d88', NULL, 'Maboneng Brew 1kg Bean', '', '0', '0', '', '', 0, 0, '2020-01-06 23:52:09', 'b568016e-30cd-11ea-8b45-48f17f8d4d88', '2020-01-06 23:52:09', 'b568016e-30cd-11ea-8b45-48f17f8d4d88', 1),
('ca022bcc-30ce-11ea-8b45-48f17f8d4d88', '', '', 'b565b481-30cd-11ea-8b45-48f17f8d4d88', NULL, 'cc2', '', '0', '0', '', '', 0, 0, '2020-01-06 23:52:09', 'b568016e-30cd-11ea-8b45-48f17f8d4d88', '2020-01-06 23:52:09', 'b568016e-30cd-11ea-8b45-48f17f8d4d88', 1),
('ca02c3d6-30ce-11ea-8b45-48f17f8d4d88', '', '', 'b565b481-30cd-11ea-8b45-48f17f8d4d88', NULL, 'Noted t-shirt', '', '0', '0', '', '', 0, 0, '2020-01-06 23:52:09', 'b568016e-30cd-11ea-8b45-48f17f8d4d88', '2020-01-06 23:52:09', 'b568016e-30cd-11ea-8b45-48f17f8d4d88', 1),
('ca035214-30ce-11ea-8b45-48f17f8d4d88', '', '', 'b565b481-30cd-11ea-8b45-48f17f8d4d88', NULL, 'BBS FI-R Wheel - 20x11.5 / 5x112 / 40mm Offset', '', '0', '0', '', '', 0, 0, '2020-01-06 23:52:09', 'b568016e-30cd-11ea-8b45-48f17f8d4d88', '2020-01-06 23:52:09', 'b568016e-30cd-11ea-8b45-48f17f8d4d88', 1),
('ca03f9dc-30ce-11ea-8b45-48f17f8d4d88', '', '', 'b565b481-30cd-11ea-8b45-48f17f8d4d88', NULL, 'Red chair ', '', '0', '0', '', '', 0, 0, '2020-01-06 23:52:09', 'b568016e-30cd-11ea-8b45-48f17f8d4d88', '2020-01-06 23:52:09', 'b568016e-30cd-11ea-8b45-48f17f8d4d88', 1),
('ca049b13-30ce-11ea-8b45-48f17f8d4d88', '', '', 'b565b481-30cd-11ea-8b45-48f17f8d4d88', NULL, 'Marvel logo (Red)', '', '0', '0', '', '', 0, 0, '2020-01-06 23:52:09', 'b568016e-30cd-11ea-8b45-48f17f8d4d88', '2020-01-06 23:52:09', 'b568016e-30cd-11ea-8b45-48f17f8d4d88', 1),
('ca05337a-30ce-11ea-8b45-48f17f8d4d88', '', '', 'b565b481-30cd-11ea-8b45-48f17f8d4d88', NULL, '2l Fanta', '', '0', '0', '', '', 0, 0, '2020-01-06 23:52:09', 'b568016e-30cd-11ea-8b45-48f17f8d4d88', '2020-01-06 23:52:09', 'b568016e-30cd-11ea-8b45-48f17f8d4d88', 1),
('ca05c38a-30ce-11ea-8b45-48f17f8d4d88', '', '', 'b565b481-30cd-11ea-8b45-48f17f8d4d88', NULL, 'Long dress', '', '0', '0', '', '', 0, 0, '2020-01-06 23:52:09', 'b568016e-30cd-11ea-8b45-48f17f8d4d88', '2020-01-06 23:52:09', 'b568016e-30cd-11ea-8b45-48f17f8d4d88', 1),
('ca0659f5-30ce-11ea-8b45-48f17f8d4d88', '', '', 'b565b481-30cd-11ea-8b45-48f17f8d4d88', NULL, 'cc', '', '0', '0', '', '', 0, 0, '2020-01-06 23:52:09', 'b568016e-30cd-11ea-8b45-48f17f8d4d88', '2020-01-06 23:52:09', 'b568016e-30cd-11ea-8b45-48f17f8d4d88', 1),
('ca073ff9-30ce-11ea-8b45-48f17f8d4d88', '', '', 'b565b481-30cd-11ea-8b45-48f17f8d4d88', NULL, 'Freedom Brew 250g Bean', '', '0', '0', '', '', 0, 0, '2020-01-06 23:52:09', 'b568016e-30cd-11ea-8b45-48f17f8d4d88', '2020-01-06 23:52:09', 'b568016e-30cd-11ea-8b45-48f17f8d4d88', 1),
('ca07e482-30ce-11ea-8b45-48f17f8d4d88', '', '', 'b565b481-30cd-11ea-8b45-48f17f8d4d88', NULL, 'Monate Decaf 250g Bean Flavoured', '', '0', '0', '', '', 0, 0, '2020-01-06 23:52:09', 'b568016e-30cd-11ea-8b45-48f17f8d4d88', '2020-01-06 23:52:09', 'b568016e-30cd-11ea-8b45-48f17f8d4d88', 1),
('ca0879cf-30ce-11ea-8b45-48f17f8d4d88', '', '', 'b565b481-30cd-11ea-8b45-48f17f8d4d88', NULL, '1 Family Insurance', '', '0', '0', '', '', 0, 0, '2020-01-06 23:52:09', 'b568016e-30cd-11ea-8b45-48f17f8d4d88', '2020-01-06 23:52:09', 'b568016e-30cd-11ea-8b45-48f17f8d4d88', 1),
('ca090cc9-30ce-11ea-8b45-48f17f8d4d88', '', '', 'b565b481-30cd-11ea-8b45-48f17f8d4d88', NULL, 'Rotray ', '', '0', '0', '', '', 0, 0, '2020-01-06 23:52:09', 'b568016e-30cd-11ea-8b45-48f17f8d4d88', '2020-01-06 23:52:09', 'b568016e-30cd-11ea-8b45-48f17f8d4d88', 1),
('ca09bacc-30ce-11ea-8b45-48f17f8d4d88', '', '', 'b565b481-30cd-11ea-8b45-48f17f8d4d88', NULL, 'Tshirt', '', '0', '0', '', '', 0, 0, '2020-01-06 23:52:09', 'b568016e-30cd-11ea-8b45-48f17f8d4d88', '2020-01-06 23:52:09', 'b568016e-30cd-11ea-8b45-48f17f8d4d88', 1),
('ca0a5cc8-30ce-11ea-8b45-48f17f8d4d88', '', '', 'b565b481-30cd-11ea-8b45-48f17f8d4d88', NULL, 'Dunlop ', '', '0', '0', '', '', 0, 0, '2020-01-06 23:52:09', 'b568016e-30cd-11ea-8b45-48f17f8d4d88', '2020-01-06 23:52:09', 'b568016e-30cd-11ea-8b45-48f17f8d4d88', 1),
('ca0b051e-30ce-11ea-8b45-48f17f8d4d88', '', '', 'b565b481-30cd-11ea-8b45-48f17f8d4d88', NULL, 'ndutest24', '', '0', '0', '', '', 0, 0, '2020-01-06 23:52:09', 'b568016e-30cd-11ea-8b45-48f17f8d4d88', '2020-01-06 23:52:09', 'b568016e-30cd-11ea-8b45-48f17f8d4d88', 1),
('ca0be59a-30ce-11ea-8b45-48f17f8d4d88', '', '', 'b565b481-30cd-11ea-8b45-48f17f8d4d88', NULL, 'LEGACY', '', '0', '0', '', '', 0, 0, '2020-01-06 23:52:09', 'b568016e-30cd-11ea-8b45-48f17f8d4d88', '2020-01-06 23:52:09', 'b568016e-30cd-11ea-8b45-48f17f8d4d88', 1),
('ca0c9cf3-30ce-11ea-8b45-48f17f8d4d88', '', '', 'b565b481-30cd-11ea-8b45-48f17f8d4d88', NULL, 'mayonnaise', '', '0', '0', '', '', 0, 0, '2020-01-06 23:52:09', 'b568016e-30cd-11ea-8b45-48f17f8d4d88', '2020-01-06 23:52:09', 'b568016e-30cd-11ea-8b45-48f17f8d4d88', 1),
('cb435b3c-02ed-11ea-bc5e-363532eb0721', 'c39af95e-02cb-11ea-91af-363532eb0721', '549a1ea5-02df-11ea-bc5e-363532eb0721', '0c89e134-02ca-11ea-91af-363532eb0721', NULL, 'Loxion Kofi 250g Ground ', ' ', '85', '0', '', 'MAB01-1-1-1-2', 7, 3, '2019-11-09 14:38:12', '0c8c1818-02ca-11ea-91af-363532eb0721', '2019-11-18 07:31:23', '0c8c1818-02ca-11ea-91af-363532eb0721', 1),
('cc39e692-2fb0-11ea-8be9-48f17f8d4d88', '', '', 'ea6c6f96-2faf-11ea-8be9-48f17f8d4d88', NULL, 'Dashboard design', ' ', '15000', '0', '', 'na', 8, 0, '2020-01-05 13:44:57', 'ea6f3106-2faf-11ea-8be9-48f17f8d4d88', '2020-01-05 20:34:28', 'ea6f3106-2faf-11ea-8be9-48f17f8d4d88', 1),
('cd71df61-02e5-11ea-bc5e-363532eb0721', 'c39af95e-02cb-11ea-91af-363532eb0721', 'bb28d608-02e1-11ea-bc5e-363532eb0721', '0c89e134-02ca-11ea-91af-363532eb0721', NULL, 'Living The LEGACY 250g Ground', ' ', '85', '0', '', 'MAB01-1', 8, 3, '2019-11-09 13:41:00', '0c8c1818-02ca-11ea-91af-363532eb0721', '2019-11-09 13:41:00', '0c8c1818-02ca-11ea-91af-363532eb0721', 1),
('cdd86351-e366-11e9-bc5d-0050569fd205', '', '', 'c753fd7b-e363-11e9-bc5d-0050569fd205', NULL, 'Coffee beans ', ' Coffee beans', '1', '1', '1233', 'BN123', 20, 5, '2019-09-30 11:43:49', 'b4a32eea-e35b-11e9-bc5d-0050569fd205', '2019-09-30 11:47:40', 'b4a32eea-e35b-11e9-bc5d-0050569fd205', 1),
('d060ca79-02e8-11ea-bc5e-363532eb0721', 'c39af95e-02cb-11ea-91af-363532eb0721', '716d5a86-02df-11ea-bc5e-363532eb0721', '0c89e134-02ca-11ea-91af-363532eb0721', NULL, 'Monate Decaf 250g Ground Non-Flavoured', ' ', '115', '0', '', 'na', 10, 3, '2019-11-09 14:02:33', '0c8c1818-02ca-11ea-91af-363532eb0721', '2019-11-09 14:02:33', '0c8c1818-02ca-11ea-91af-363532eb0721', 1),
('d142a93c-d71b-11e9-a568-c8f7501047dc', 'a0549079-d71b-11e9-a568-c8f7501047dc', 'b3150f0b-d71b-11e9-a568-c8f7501047dc', '94c5b3cf-d170-11e9-b97c-48f17f8d4d88', NULL, 'Clover Fresh Full Cream Milk - 1L', 'Turbo charged twin turbo', '15', '9', '123456785978', '12345784', 100, 10, '2019-09-14 20:16:48', '81de5b36-d170-11e9-b97c-48f17f8d4d88', '2020-01-03 18:36:33', '81de5b36-d170-11e9-b97c-48f17f8d4d88', 1),
('d15128fa-f63c-11e9-987f-363532eb0721', '', '', '9b8ea912-e518-11e9-bc5d-0050569fd205', NULL, '3d Table', ' ', '609', '300', '', 'na', 18, 5, '2019-10-24 11:01:08', '41f977a7-e518-11e9-bc5d-0050569fd205', '2019-10-24 19:54:49', '41f977a7-e518-11e9-bc5d-0050569fd205', 1),
('d34d0b79-f62b-11e9-987f-363532eb0721', '', '', '9b8ea912-e518-11e9-bc5d-0050569fd205', NULL, 'ndutest24', ' ', '500', '280', '', 'na', 8, 0, '2019-10-24 08:59:30', '41f977a7-e518-11e9-bc5d-0050569fd205', '2019-10-29 20:17:54', '41f977a7-e518-11e9-bc5d-0050569fd205', 1),
('d4cd04d5-e46f-11e9-bc5d-0050569fd205', '6983b8cd-e46f-11e9-bc5d-0050569fd205', 'cc54bfc5-e46f-11e9-bc5d-0050569fd205', '12cf03f6-e46f-11e9-bc5d-0050569fd205', NULL, 'RS-X Reinvention Sneakers', ' ', '1800', '1200', '', ' RXS-01', 98, 30, '2019-10-01 19:20:57', 'c3758771-e46e-11e9-bc5d-0050569fd205', '2019-10-01 19:21:53', 'c3758771-e46e-11e9-bc5d-0050569fd205', 1),
('d6b01266-e159-11e9-9302-48f17f8d4d88', 'c57b6b5d-e159-11e9-9302-48f17f8d4d88', 'd06f91a1-e159-11e9-9302-48f17f8d4d88', '94c5b3cf-d170-11e9-b97c-48f17f8d4d88', NULL, 'Vaseline', ' ', '12', '8', '15454 4545 4545', '#v123', 6, 0, '2019-09-27 21:05:58', '81de5b36-d170-11e9-b97c-48f17f8d4d88', '2020-01-03 18:42:23', '81de5b36-d170-11e9-b97c-48f17f8d4d88', 1),
('dd0543c6-e51b-11e9-bc5d-0050569fd205', '5c67df71-e519-11e9-bc5d-0050569fd205', '99558bcf-e519-11e9-bc5d-0050569fd205', '9b8ea912-e518-11e9-bc5d-0050569fd205', NULL, 'CONTINENTAL', ' 205/55R16', '1200', '1000', '1111111', 'CCR16', 2, 5, '2019-10-02 15:52:24', '41f977a7-e518-11e9-bc5d-0050569fd205', '2019-10-15 23:04:01', '41f977a7-e518-11e9-bc5d-0050569fd205', 1),
('e33f137a-e515-11e9-bc5d-0050569fd205', '', '94faad66-e514-11e9-bc5d-0050569fd205', '23b82588-e370-11e9-bc5d-0050569fd205', NULL, 'DLICATE DE TOREN', 'DLICATE-DE TOREN', '130', '55', ' ', 'DDT101', 41, 10, '2019-10-02 15:09:38', 'c57c153d-e36e-11e9-bc5d-0050569fd205', '2019-12-11 08:49:06', 'c57c153d-e36e-11e9-bc5d-0050569fd205', 1),
('e50976e6-f592-11e9-987f-363532eb0721', '', '', '9b8ea912-e518-11e9-bc5d-0050569fd205', NULL, 'test new1', ' ', '5000', '4500', '', 'na', 10, 5, '2019-10-23 14:44:46', '41f977a7-e518-11e9-bc5d-0050569fd205', '2019-10-23 14:44:46', '41f977a7-e518-11e9-bc5d-0050569fd205', 1),
('e7d5a7aa-02e6-11ea-bc5e-363532eb0721', 'c39af95e-02cb-11ea-91af-363532eb0721', '8ce57ffb-02e1-11ea-bc5e-363532eb0721', '0c89e134-02ca-11ea-91af-363532eb0721', NULL, 'Monate Decaf 250g Ground Flavored', ' ', '115', '0', '', 'na', 0, 3, '2019-11-09 13:48:54', '0c8c1818-02ca-11ea-91af-363532eb0721', '2019-11-09 13:48:54', '0c8c1818-02ca-11ea-91af-363532eb0721', 1),
('ebd4e603-f5c5-11e9-987f-363532eb0721', '3f40c927-e5a8-11e9-bc5d-0050569fd205', '72f06087-e519-11e9-bc5d-0050569fd205', '9b8ea912-e518-11e9-bc5d-0050569fd205', NULL, 'cc2510', ' ', '11', '1', '', 'na', 1, 1, '2019-10-23 20:50:02', '41f977a7-e518-11e9-bc5d-0050569fd205', '2019-10-23 20:50:02', '41f977a7-e518-11e9-bc5d-0050569fd205', 1),
('ef6cecb1-f62a-11e9-987f-363532eb0721', '', '', '9b8ea912-e518-11e9-bc5d-0050569fd205', NULL, 'ndutest24', ' ', '500', '280', '', 'na', 10, 0, '2019-10-24 08:53:07', '41f977a7-e518-11e9-bc5d-0050569fd205', '2019-11-04 08:46:44', '41f977a7-e518-11e9-bc5d-0050569fd205', 1),
('efb7a14b-d739-11e9-a568-c8f7501047dc', '9f32cf78-d737-11e9-a568-c8f7501047dc', 'd5f42399-d737-11e9-a568-c8f7501047dc', '4523af94-d172-11e9-b97c-48f17f8d4d88', NULL, 'Spiderman Logo (Red)', 'Homecoming 2018 Merch', '500', '350', '12345678951', '12345678950', 0, 0, '2019-09-14 23:52:24', 'ba6257ea-d307-11e9-a45b-0050569fd205', '2019-09-14 23:52:24', 'ba6257ea-d307-11e9-a45b-0050569fd205', 1),
('f55adf15-e29a-11e9-abbd-48f17f8d4d88', '', '', '94c5b3cf-d170-11e9-b97c-48f17f8d4d88', NULL, '500ml Peri peri source', 'Xtra hot Peri peri source', '32', '50', ' ', 'HSC', 14, 5, '2019-09-29 11:24:38', '81de5b36-d170-11e9-b97c-48f17f8d4d88', '2020-01-05 00:03:09', '81de5b36-d170-11e9-b97c-48f17f8d4d88', 1);
INSERT INTO `product` (`ProductId`, `BrandId`, `CatergoryId`, `CompanyId`, `SupplierId`, `Name`, `Description`, `UnitPrice`, `UnitCost`, `Code`, `SKU`, `Quantity`, `LowStock`, `CreateDate`, `CreateUserId`, `ModifyDate`, `ModifyUserId`, `StatusId`) VALUES
('f74e9fc8-fedb-11e9-91af-363532eb0721', '', '', '9b8ea912-e518-11e9-bc5d-0050569fd205', NULL, 'Love ', ' ', '200', '10', '', 'na', 10, NULL, '2019-11-04 10:20:31', '41f977a7-e518-11e9-bc5d-0050569fd205', '2019-11-04 10:37:59', '41f977a7-e518-11e9-bc5d-0050569fd205', 1),
('f7f77f35-dfbc-11e9-850f-48f17f8d4d88', '', 'd7145d3e-dfbc-11e9-850f-48f17f8d4d88', '94c5b3cf-d170-11e9-b97c-48f17f8d4d88', NULL, '2l coke', ' Swimwear', '25', '18', ' ', '121212', 18, 2, '2019-09-25 19:50:31', '81de5b36-d170-11e9-b97c-48f17f8d4d88', '2020-01-03 18:44:43', '81de5b36-d170-11e9-b97c-48f17f8d4d88', 1),
('f946aa0b-0090-11ea-91af-363532eb0721', '', '', '5048f837-f66c-11e9-987f-363532eb0721', NULL, 'JBL Charge 3 Portable Bluetooth Speaker, 20 W', ' ', '2200', '1600', '', 'na', 10, NULL, '2019-11-06 14:28:44', '504b2c84-f66c-11e9-987f-363532eb0721', '2019-11-06 14:30:25', '504b2c84-f66c-11e9-987f-363532eb0721', 1),
('fce162b2-02ee-11ea-bc5e-363532eb0721', 'c39af95e-02cb-11ea-91af-363532eb0721', '549a1ea5-02df-11ea-bc5e-363532eb0721', '0c89e134-02ca-11ea-91af-363532eb0721', NULL, 'Soweto Taste 250g Bean ', ' ', '95', '0', '', 'na', 3, 3, '2019-11-09 14:46:45', '0c8c1818-02ca-11ea-91af-363532eb0721', '2019-11-18 07:31:23', '0c8c1818-02ca-11ea-91af-363532eb0721', 1),
('ffa1cfe2-e2e1-11e9-bc5d-0050569fd205', '27dd4942-e2e1-11e9-bc5d-0050569fd205', 'f0305162-e2e1-11e9-bc5d-0050569fd205', '2d3aafa8-e2e0-11e9-bc5d-0050569fd205', NULL, 'zulu headband', ' ', '250', '100', '', 'H12', 77, 25, '2019-09-29 19:53:09', '5506426f-e2e1-11e9-bc5d-0050569fd205', '2019-10-01 12:59:21', '5506426f-e2e1-11e9-bc5d-0050569fd205', 1);

-- --------------------------------------------------------

--
-- Table structure for table `product_attribute`
--

CREATE TABLE `product_attribute` (
  `Id` int(10) NOT NULL,
  `ProductId` varchar(225) NOT NULL,
  `AttributeId` varchar(225) NOT NULL,
  `AttributeValue` varchar(200) NOT NULL,
  `CreateDate` datetime NOT NULL DEFAULT current_timestamp(),
  `CreateUserId` varchar(225) NOT NULL,
  `ModifyDate` datetime NOT NULL DEFAULT current_timestamp(),
  `ModifyUserId` varchar(225) NOT NULL,
  `StatusId` int(11) NOT NULL
) ENGINE=InnoDB DEFAULT CHARSET=latin1;

-- --------------------------------------------------------

--
-- Table structure for table `product_item`
--

CREATE TABLE `product_item` (
  `Id` int(10) NOT NULL,
  `ProductId` varchar(225) NOT NULL,
  `Code` varchar(100) NOT NULL,
  `Scanned` int(1) NOT NULL,
  `CreateDate` datetime NOT NULL DEFAULT current_timestamp(),
  `CreateUserId` varchar(225) NOT NULL,
  `ModifyDate` datetime NOT NULL DEFAULT current_timestamp(),
  `ModifyUserId` varchar(225) NOT NULL,
  `StatusId` int(11) NOT NULL
) ENGINE=InnoDB DEFAULT CHARSET=latin1;

-- --------------------------------------------------------

--
-- Table structure for table `quotation`
--

CREATE TABLE `quotation` (
  `QuotationId` varchar(225) NOT NULL,
  `QuoteId` int(10) NOT NULL,
  `CompanyId` varchar(225) NOT NULL,
  `ParntersId` varchar(225) DEFAULT NULL,
  `OrderType` varchar(100) NOT NULL,
  `Total` decimal(10,0) NOT NULL,
  `Paid` decimal(10,0) DEFAULT 0,
  `Due` decimal(10,0) DEFAULT NULL,
  `ExpectedDate` text DEFAULT NULL,
  `CreateDate` datetime NOT NULL DEFAULT current_timestamp(),
  `CreateUserId` varchar(225) NOT NULL,
  `ModifyDate` datetime NOT NULL DEFAULT current_timestamp(),
  `ModifyUserId` varchar(225) NOT NULL,
  `Status` varchar(50) DEFAULT NULL,
  `StatusId` int(11) NOT NULL
) ENGINE=InnoDB DEFAULT CHARSET=latin1;

--
-- Dumping data for table `quotation`
--

INSERT INTO `quotation` (`QuotationId`, `QuoteId`, `CompanyId`, `ParntersId`, `OrderType`, `Total`, `Paid`, `Due`, `ExpectedDate`, `CreateDate`, `CreateUserId`, `ModifyDate`, `ModifyUserId`, `Status`, `StatusId`) VALUES
('d1408e02-337e-11ea-b286-48f17f8d4d88', 1, '94c5b3cf-d170-11e9-b97c-48f17f8d4d88', '8b4ec4bd-18e8-11ea-8276-48f17f8d4d88', 'Sell', '67', '0', '67', NULL, '2020-01-10 09:57:15', '81de5b36-d170-11e9-b97c-48f17f8d4d88', '2020-01-10 09:57:15', '81de5b36-d170-11e9-b97c-48f17f8d4d88', 'new', 1),
('f2195842-337e-11ea-b286-48f17f8d4d88', 2, '94c5b3cf-d170-11e9-b97c-48f17f8d4d88', '', 'Sell', '12', '0', '12', NULL, '2020-01-10 09:58:10', '81de5b36-d170-11e9-b97c-48f17f8d4d88', '2020-01-10 10:08:44', '81de5b36-d170-11e9-b97c-48f17f8d4d88', 'Invoiced', 2);

-- --------------------------------------------------------

--
-- Table structure for table `quotation_products`
--

CREATE TABLE `quotation_products` (
  `Id` varchar(225) NOT NULL,
  `QuotationId` varchar(225) NOT NULL,
  `ProductId` varchar(225) NOT NULL,
  `ProductName` text DEFAULT NULL,
  `UnitPrice` decimal(10,0) DEFAULT NULL,
  `Quantity` varchar(225) NOT NULL,
  `subTotal` decimal(10,0) NOT NULL,
  `CreateDate` datetime NOT NULL DEFAULT current_timestamp(),
  `CreateUserId` varchar(225) NOT NULL,
  `ModifyDate` datetime NOT NULL DEFAULT current_timestamp(),
  `ModifyUserId` varchar(225) NOT NULL,
  `StatusId` int(11) NOT NULL
) ENGINE=InnoDB DEFAULT CHARSET=latin1;

--
-- Dumping data for table `quotation_products`
--

INSERT INTO `quotation_products` (`Id`, `QuotationId`, `ProductId`, `ProductName`, `UnitPrice`, `Quantity`, `subTotal`, `CreateDate`, `CreateUserId`, `ModifyDate`, `ModifyUserId`, `StatusId`) VALUES
('d149b2a2-337e-11ea-b286-48f17f8d4d88', 'd1408e02-337e-11ea-b286-48f17f8d4d88', '05e2e137-31da-11ea-a404-48f17f8d4d88', 'Koo', '12', '1', '12', '2020-01-10 09:57:15', '81de5b36-d170-11e9-b97c-48f17f8d4d88', '2020-01-10 09:57:15', '81de5b36-d170-11e9-b97c-48f17f8d4d88', 1),
('d14a48e8-337e-11ea-b286-48f17f8d4d88', 'd1408e02-337e-11ea-b286-48f17f8d4d88', '05e3b73d-31da-11ea-a404-48f17f8d4d88', 'Beef tray', '55', '1', '55', '2020-01-10 09:57:15', '81de5b36-d170-11e9-b97c-48f17f8d4d88', '2020-01-10 09:57:15', '81de5b36-d170-11e9-b97c-48f17f8d4d88', 1),
('f2271965-337e-11ea-b286-48f17f8d4d88', 'f2195842-337e-11ea-b286-48f17f8d4d88', '05e2e137-31da-11ea-a404-48f17f8d4d88', 'Koo', '12', '1', '12', '2020-01-10 09:58:10', '81de5b36-d170-11e9-b97c-48f17f8d4d88', '2020-01-10 09:58:10', '81de5b36-d170-11e9-b97c-48f17f8d4d88', 1);

-- --------------------------------------------------------

--
-- Table structure for table `roles`
--

CREATE TABLE `roles` (
  `RoleId` int(10) NOT NULL,
  `CompanyId` varchar(225) NOT NULL,
  `Name` varchar(100) NOT NULL,
  `CreateDate` datetime NOT NULL DEFAULT current_timestamp(),
  `CreateUserId` varchar(225) NOT NULL,
  `ModifyDate` datetime NOT NULL DEFAULT current_timestamp(),
  `ModifyUserId` varchar(225) NOT NULL,
  `StatusId` int(11) NOT NULL
) ENGINE=InnoDB DEFAULT CHARSET=latin1;

--
-- Dumping data for table `roles`
--

INSERT INTO `roles` (`RoleId`, `CompanyId`, `Name`, `CreateDate`, `CreateUserId`, `ModifyDate`, `ModifyUserId`, `StatusId`) VALUES
(1, '94c5b3cf-d170-11e9-b97c-48f17f8d4d88', 'Owner', '2019-09-07 15:12:32', 'sys', '2019-09-07 15:12:32', 'sys', 1),
(2, '94c5b3cf-d170-11e9-b97c-48f17f8d4d88', 'Manager', '2019-09-22 19:19:00', 'sys', '2019-09-22 19:19:00', 'sys', 1),
(3, '94c5b3cf-d170-11e9-b97c-48f17f8d4d88', 'Assistant ', '2019-09-24 17:07:22', '81de5b36-d170-11e9-b97c-48f17f8d4d88', '2019-09-24 17:07:22', '81de5b36-d170-11e9-b97c-48f17f8d4d88', 1),
(4, '2d3aafa8-e2e0-11e9-bc5d-0050569fd205', 'Caisher', '2019-10-01 13:01:05', '5506426f-e2e1-11e9-bc5d-0050569fd205', '2019-10-01 13:01:05', '5506426f-e2e1-11e9-bc5d-0050569fd205', 1),
(5, '23b82588-e370-11e9-bc5d-0050569fd205', 'Manager', '2019-10-01 16:28:05', 'c57c153d-e36e-11e9-bc5d-0050569fd205', '2019-10-01 16:28:05', 'c57c153d-e36e-11e9-bc5d-0050569fd205', 1),
(6, '23b82588-e370-11e9-bc5d-0050569fd205', 'Supervisor', '2019-10-01 16:31:32', 'c57c153d-e36e-11e9-bc5d-0050569fd205', '2019-10-01 16:31:32', 'c57c153d-e36e-11e9-bc5d-0050569fd205', 1),
(7, '9b8ea912-e518-11e9-bc5d-0050569fd205', 'Admin', '2019-10-02 15:39:30', '41f977a7-e518-11e9-bc5d-0050569fd205', '2019-10-02 15:39:30', '41f977a7-e518-11e9-bc5d-0050569fd205', 1),
(8, '9b8ea912-e518-11e9-bc5d-0050569fd205', 'Mechanic', '2019-10-02 15:39:50', '41f977a7-e518-11e9-bc5d-0050569fd205', '2019-10-02 15:39:50', '41f977a7-e518-11e9-bc5d-0050569fd205', 1),
(9, '4b1f410b-e523-11e9-bc5d-0050569fd205', 'Staff', '2019-10-02 22:44:45', '1154faf5-e523-11e9-bc5d-0050569fd205', '2019-10-02 22:44:45', '1154faf5-e523-11e9-bc5d-0050569fd205', 1),
(10, '41094864-f668-11e9-987f-363532eb0721', 'Owner', '2019-10-24 16:12:03', 'web', '2019-10-24 16:12:03', 'web', 1),
(11, '5461f5f7-f668-11e9-987f-363532eb0721', 'Owner', '2019-10-24 16:12:36', 'web', '2019-10-24 16:12:36', 'web', 1),
(12, '2a87e487-f66b-11e9-987f-363532eb0721', 'Owner', '2019-10-24 16:32:54', 'web', '2019-10-24 16:32:54', 'web', 1),
(13, '5048f837-f66c-11e9-987f-363532eb0721', 'Owner', '2019-10-24 16:41:07', 'web', '2019-10-24 16:41:07', 'web', 1),
(14, '30f96e3f-f978-11e9-987f-363532eb0721', 'Owner', '2019-10-28 13:43:42', 'web', '2019-10-28 13:43:42', 'web', 1),
(15, '4b1f410b-e523-11e9-bc5d-0050569fd205', 'Manager', '2019-11-01 23:07:04', '1154faf5-e523-11e9-bc5d-0050569fd205', '2019-11-01 23:07:04', '1154faf5-e523-11e9-bc5d-0050569fd205', 1),
(16, '0c852198-ffae-11e9-91af-363532eb0721', 'Owner', '2019-11-05 11:24:21', 'web', '2019-11-05 11:24:21', 'web', 1),
(17, '49a75007-fff0-11e9-91af-363532eb0721', 'Owner', '2019-11-05 19:18:30', 'web', '2019-11-05 19:18:30', 'web', 1),
(18, 'e81ad518-005b-11ea-91af-363532eb0721', 'Owner', '2019-11-06 08:08:52', 'web', '2019-11-06 08:08:52', 'web', 1),
(19, '159fe132-008b-11ea-91af-363532eb0721', 'Owner', '2019-11-06 13:46:35', 'web', '2019-11-06 13:46:35', 'web', 1),
(20, '3a458a6c-008b-11ea-91af-363532eb0721', 'Owner', '2019-11-06 13:47:36', 'web', '2019-11-06 13:47:36', 'web', 1),
(21, '0c89e134-02ca-11ea-91af-363532eb0721', 'Owner', '2019-11-09 10:22:20', 'web', '2019-11-09 10:22:20', 'web', 1),
(22, 'b5fdc28c-05e4-11ea-abc0-4ad9491261dd', 'Owner', '2019-11-13 09:10:45', 'web', '2019-11-13 09:10:45', 'web', 1),
(23, '94c5b3cf-d170-11e9-b97c-48f17f8d4d88', 'Cashier', '2019-12-07 14:27:31', 'ac1fc768-18ea-11ea-8276-48f17f8d4d88', '2019-12-07 14:27:31', 'ac1fc768-18ea-11ea-8276-48f17f8d4d88', 1),
(24, '42be6167-2fa9-11ea-8be9-48f17f8d4d88', 'Owner', '2020-01-05 12:51:00', 'web', '2020-01-05 12:51:00', 'web', 1),
(25, 'ea6c6f96-2faf-11ea-8be9-48f17f8d4d88', 'Owner', '2020-01-05 13:38:38', 'web', '2020-01-05 13:38:38', 'web', 1),
(26, '57c2fda6-2fc4-11ea-8be9-48f17f8d4d88', 'Owner', '2020-01-05 16:04:52', 'web', '2020-01-05 16:04:52', 'web', 1),
(27, '84e1b6d9-30b8-11ea-8b45-48f17f8d4d88', 'Owner', '2020-01-06 21:12:44', 'web', '2020-01-06 21:12:44', 'web', 1),
(28, 'b565b481-30cd-11ea-8b45-48f17f8d4d88', 'Owner', '2020-01-06 23:44:25', 'web', '2020-01-06 23:44:25', 'web', 1),
(29, '47de8a17-3290-11ea-b970-48f17f8d4d88', 'Owner', '2020-01-09 05:29:45', 'web', '2020-01-09 05:29:45', 'web', 1),
(30, 'f019c8c5-3292-11ea-b970-48f17f8d4d88', 'Owner', '2020-01-09 05:48:46', 'web', '2020-01-09 05:48:46', 'web', 1);

-- --------------------------------------------------------

--
-- Table structure for table `role_permission`
--

CREATE TABLE `role_permission` (
  `Id` int(10) NOT NULL,
  `RoleId` int(10) NOT NULL,
  `PermissionId` varchar(225) NOT NULL,
  `CreateDate` datetime NOT NULL DEFAULT current_timestamp(),
  `CreateUserId` varchar(225) NOT NULL,
  `ModifyDate` datetime NOT NULL DEFAULT current_timestamp(),
  `ModifyUserId` varchar(225) NOT NULL,
  `StatusId` int(11) NOT NULL
) ENGINE=InnoDB DEFAULT CHARSET=latin1;

--
-- Dumping data for table `role_permission`
--

INSERT INTO `role_permission` (`Id`, `RoleId`, `PermissionId`, `CreateDate`, `CreateUserId`, `ModifyDate`, `ModifyUserId`, `StatusId`) VALUES
(1, 2, 'df160233-dca7-11e9-9da6-c8f7501047dc', '2019-09-22 19:13:16', 'sys', '2019-09-22 19:13:16', 'sys', 1),
(2, 2, '1265be58-dc8e-11e9-9da6-c8f7501047dc', '2019-09-22 19:21:33', 'sys', '2019-09-22 19:21:33', 'sys', 1),
(3, 2, '60dde6f1-dd5d-11e9-8ffb-c8f7501047dc', '2019-09-22 19:21:53', 'sys', '2019-09-22 19:21:53', 'sys', 1),
(4, 1, 'da59f011-dc8e-11e9-9da6-c8f7501047dc', '2019-09-22 19:22:18', 'sys', '2019-09-22 19:22:18', 'sys', 1),
(5, 1, '60dde6f1-dd5d-11e9-8ffb-c8f7501047dc', '2019-09-22 19:22:37', 'sys', '2019-09-22 19:22:37', 'sys', 1),
(6, 1, '1265be58-dc8e-11e9-9da6-c8f7501047dc', '2019-09-22 19:23:06', 'sys', '2019-09-22 19:23:06', 'sys', 1),
(7, 6, '05c678d6-e45a-11e9-bc5d-0050569fd205', '2019-10-06 17:31:16', 'c57c153d-e36e-11e9-bc5d-0050569fd205', '2019-10-06 17:31:16', 'c57c153d-e36e-11e9-bc5d-0050569fd205', 1),
(8, 5, '05c678d6-e45a-11e9-bc5d-0050569fd205', '2019-10-06 17:31:36', 'c57c153d-e36e-11e9-bc5d-0050569fd205', '2019-10-06 17:31:36', 'c57c153d-e36e-11e9-bc5d-0050569fd205', 1),
(9, 10, '410d2a1f-f668-11e9-987f-363532eb0721', '2019-10-24 16:12:04', 'web', '2019-10-24 16:12:04', 'web', 1),
(10, 11, '5462be21-f668-11e9-987f-363532eb0721', '2019-10-24 16:12:36', 'web', '2019-10-24 16:12:36', 'web', 1),
(11, 12, '2a88d75b-f66b-11e9-987f-363532eb0721', '2019-10-24 16:32:54', 'web', '2019-10-24 16:32:54', 'web', 1),
(12, 13, '504a54ff-f66c-11e9-987f-363532eb0721', '2019-10-24 16:41:07', 'web', '2019-10-24 16:41:07', 'web', 1),
(13, 14, '30fabf3b-f978-11e9-987f-363532eb0721', '2019-10-28 13:43:42', 'web', '2019-10-28 13:43:42', 'web', 1),
(14, 9, '3e892019-e55a-11e9-bc5d-0050569fd205', '2019-10-30 17:32:00', '1154faf5-e523-11e9-bc5d-0050569fd205', '2019-10-30 17:32:00', '1154faf5-e523-11e9-bc5d-0050569fd205', 1),
(15, 16, '0c863c82-ffae-11e9-91af-363532eb0721', '2019-11-05 11:24:21', 'web', '2019-11-05 11:24:21', 'web', 1),
(16, 17, '49a905a4-fff0-11e9-91af-363532eb0721', '2019-11-05 19:18:30', 'web', '2019-11-05 19:18:30', 'web', 1),
(17, 18, 'e81cd0d8-005b-11ea-91af-363532eb0721', '2019-11-06 08:08:52', 'web', '2019-11-06 08:08:52', 'web', 1),
(18, 19, '15a1d446-008b-11ea-91af-363532eb0721', '2019-11-06 13:46:35', 'web', '2019-11-06 13:46:35', 'web', 1),
(19, 20, '3a46a025-008b-11ea-91af-363532eb0721', '2019-11-06 13:47:36', 'web', '2019-11-06 13:47:36', 'web', 1),
(20, 21, '0c8b1873-02ca-11ea-91af-363532eb0721', '2019-11-09 10:22:20', 'web', '2019-11-09 10:22:20', 'web', 1),
(21, 22, 'b5fefde1-05e4-11ea-abc0-4ad9491261dd', '2019-11-13 09:10:45', 'web', '2019-11-13 09:10:45', 'web', 1),
(22, 23, '1265be58-dc8e-11e9-9da6-c8f7501047dc', '2019-12-07 14:27:42', 'ac1fc768-18ea-11ea-8276-48f17f8d4d88', '2019-12-07 14:27:42', 'ac1fc768-18ea-11ea-8276-48f17f8d4d88', 1),
(23, 24, '42bf18b2-2fa9-11ea-8be9-48f17f8d4d88', '2020-01-05 12:51:00', 'web', '2020-01-05 12:51:00', 'web', 1),
(24, 25, 'ea6e102c-2faf-11ea-8be9-48f17f8d4d88', '2020-01-05 13:38:38', 'web', '2020-01-05 13:38:38', 'web', 1),
(25, 26, '57c4dacd-2fc4-11ea-8be9-48f17f8d4d88', '2020-01-05 16:04:52', 'web', '2020-01-05 16:04:52', 'web', 1),
(26, 27, '84e26f8d-30b8-11ea-8b45-48f17f8d4d88', '2020-01-06 21:12:44', 'web', '2020-01-06 21:12:44', 'web', 1),
(27, 28, 'b56702f0-30cd-11ea-8b45-48f17f8d4d88', '2020-01-06 23:44:25', 'web', '2020-01-06 23:44:25', 'web', 1),
(28, 29, '47e357f8-3290-11ea-b970-48f17f8d4d88', '2020-01-09 05:29:45', 'web', '2020-01-09 05:29:45', 'web', 1),
(29, 30, 'f01bb4a2-3292-11ea-b970-48f17f8d4d88', '2020-01-09 05:48:46', 'web', '2020-01-09 05:48:46', 'web', 1);

-- --------------------------------------------------------

--
-- Table structure for table `service`
--

CREATE TABLE `service` (
  `ServiceId` varchar(225) NOT NULL,
  `BrandId` varchar(225) DEFAULT NULL,
  `CatergoryId` varchar(225) DEFAULT NULL,
  `CompanyId` varchar(225) DEFAULT NULL,
  `SupplierId` varchar(225) DEFAULT NULL,
  `Name` varchar(100) NOT NULL,
  `Description` text DEFAULT NULL,
  `UnitPrice` varchar(20) DEFAULT NULL,
  `UnitCost` decimal(10,0) DEFAULT 0,
  `Code` varchar(50) DEFAULT NULL,
  `SKU` varchar(20) DEFAULT NULL,
  `Quantity` int(11) DEFAULT 0,
  `LowStock` int(10) DEFAULT 0,
  `CreateDate` datetime NOT NULL DEFAULT current_timestamp(),
  `CreateUserId` varchar(225) NOT NULL,
  `ModifyDate` datetime NOT NULL DEFAULT current_timestamp(),
  `ModifyUserId` varchar(225) NOT NULL,
  `StatusId` int(11) NOT NULL
) ENGINE=InnoDB DEFAULT CHARSET=latin1;

-- --------------------------------------------------------

--
-- Table structure for table `stores`
--

CREATE TABLE `stores` (
  `StoreId` varchar(225) NOT NULL,
  `Name` varchar(100) NOT NULL,
  `Address` varchar(100) NOT NULL,
  `TelephoneNumber` varchar(20) NOT NULL,
  `CompanyId` varchar(225) NOT NULL,
  `CreateDate` datetime NOT NULL DEFAULT current_timestamp(),
  `CreateUserId` varchar(225) NOT NULL,
  `ModifyDate` datetime NOT NULL DEFAULT current_timestamp(),
  `ModifyUserId` varchar(225) NOT NULL,
  `StatusId` int(11) NOT NULL
) ENGINE=InnoDB DEFAULT CHARSET=latin1;

--
-- Dumping data for table `stores`
--

INSERT INTO `stores` (`StoreId`, `Name`, `Address`, `TelephoneNumber`, `CompanyId`, `CreateDate`, `CreateUserId`, `ModifyDate`, `ModifyUserId`, `StatusId`) VALUES
('9a8252d4-dd5c-11e9-8ffb-c8f7501047dc', 'Ndu Systems Sandton', 'Sandton City, 2500', '011560054', '94c5b3cf-d170-11e9-b97c-48f17f8d4d88', '2019-09-22 19:15:34', 'sys', '2019-09-22 19:18:04', 'sys', 1),
('adb5d410-dd5c-11e9-8ffb-c8f7501047dc', 'Ndu Systems Durban', 'Umhlanga rocks, 3002', '011560054', '94c5b3cf-d170-11e9-b97c-48f17f8d4d88', '2019-09-22 19:16:06', 'sys', '2020-01-04 20:35:33', '81de5b36-d170-11e9-b97c-48f17f8d4d88', 1),
('6976f494-dedb-11e9-adb6-48f17f8d4d88', 'Ndu Systems Four ways mall', 'William Nicol Dr &, Fourways Blvd, Fourways, Johannesburg, 2055', '0444545574', '94c5b3cf-d170-11e9-b97c-48f17f8d4d88', '2019-09-24 16:55:43', '81de5b36-d170-11e9-b97c-48f17f8d4d88', '2020-01-04 20:36:09', '81de5b36-d170-11e9-b97c-48f17f8d4d88', 1),
('72e79cd8-e09b-11e9-993f-48f17f8d4d88', 'AA', 'not set', '12', '94c5b3cf-d170-11e9-b97c-48f17f8d4d88', '2019-09-26 22:23:06', '81de5b36-d170-11e9-b97c-48f17f8d4d88', '2019-09-26 22:23:06', '81de5b36-d170-11e9-b97c-48f17f8d4d88', 1),
('1b91a3a6-e2e1-11e9-bc5d-0050569fd205', 'Tenji Bryanston', ' Main Rd Bryanston', '011887845', '2d3aafa8-e2e0-11e9-bc5d-0050569fd205', '2019-09-29 19:46:46', '97aec45d-e2df-11e9-bc5d-0050569fd205', '2019-09-29 19:46:46', '97aec45d-e2df-11e9-bc5d-0050569fd205', 1),
('f70fd20e-e363-11e9-bc5d-0050569fd205', 'Pivotal Group', 'Silver Point Bryanston', '0873105900', 'c753fd7b-e363-11e9-bc5d-0050569fd205', '2019-09-30 11:23:29', 'b4a32eea-e35b-11e9-bc5d-0050569fd205', '2019-09-30 11:23:29', 'b4a32eea-e35b-11e9-bc5d-0050569fd205', 1),
('3c171f59-e36f-11e9-bc5d-0050569fd205', 'MONATE COFFEE', 'Cedar Square Fourways ', '0115483300', 'n/a', '2019-09-30 12:44:10', 'c57c153d-e36e-11e9-bc5d-0050569fd205', '2019-09-30 12:44:10', 'c57c153d-e36e-11e9-bc5d-0050569fd205', 1),
('6253244a-e46f-11e9-bc5d-0050569fd205', 'Santon Branch', 'not set', '017878746554', '12cf03f6-e46f-11e9-bc5d-0050569fd205', '2019-10-01 19:17:45', 'c3758771-e46e-11e9-bc5d-0050569fd205', '2019-10-01 19:17:45', 'c3758771-e46e-11e9-bc5d-0050569fd205', 1),
('0fac83af-e517-11e9-bc5d-0050569fd205', 'Monate Coffee', 'ShopeNo133 Cedar Square, Cedar Rd, Fourways, Johannesburg, 2068,', '0115483300', '23b82588-e370-11e9-bc5d-0050569fd205', '2019-10-02 15:18:02', 'c57c153d-e36e-11e9-bc5d-0050569fd205', '2019-10-02 15:18:02', 'c57c153d-e36e-11e9-bc5d-0050569fd205', 1),
('25b2c0db-e519-11e9-bc5d-0050569fd205', 'GARDENS MALL BRANCH', 'SHOP177 BraFischer Road Randburg', '0736221118', '9b8ea912-e518-11e9-bc5d-0050569fd205', '2019-10-02 15:32:58', '41f977a7-e518-11e9-bc5d-0050569fd205', '2019-10-02 15:32:58', '41f977a7-e518-11e9-bc5d-0050569fd205', 1),
('3355424b-e555-11e9-bc5d-0050569fd205', 'Konvict Sandton', 'Sandton City, Konvict store', '01155468775', '4b1f410b-e523-11e9-bc5d-0050569fd205', '2019-10-02 22:42:50', '1154faf5-e523-11e9-bc5d-0050569fd205', '2019-10-02 22:42:50', '1154faf5-e523-11e9-bc5d-0050569fd205', 1),
('7edc9b1c-e5be-11e9-bc5d-0050569fd205', 'Power save ', 'not set', 'Not set ', '9b8ea912-e518-11e9-bc5d-0050569fd205', '2019-10-03 11:16:34', '41f977a7-e518-11e9-bc5d-0050569fd205', '2019-10-03 11:16:34', '41f977a7-e518-11e9-bc5d-0050569fd205', 1),
('ebc665ee-e6ac-11e9-bc5d-0050569fd205', 'Bryanston ', 'not set', '011727181', 'dfd5ee69-e6ac-11e9-bc5d-0050569fd205', '2019-10-04 15:43:17', 'bfb9480e-e6ac-11e9-bc5d-0050569fd205', '2019-10-04 15:43:17', 'bfb9480e-e6ac-11e9-bc5d-0050569fd205', 1);

-- --------------------------------------------------------

--
-- Table structure for table `support`
--

CREATE TABLE `support` (
  `SupportId` varchar(225) NOT NULL,
  `CompanyId` varchar(225) NOT NULL,
  `UserId` varchar(225) NOT NULL,
  `Subject` varchar(50) DEFAULT NULL,
  `Message` varchar(100) NOT NULL,
  `CallBack` tinyint(1) DEFAULT NULL,
  `CreateDate` datetime NOT NULL DEFAULT current_timestamp(),
  `CreateUserId` varchar(225) NOT NULL,
  `ModifyDate` datetime NOT NULL DEFAULT current_timestamp(),
  `ModifyUserId` varchar(225) NOT NULL,
  `StatusId` int(11) NOT NULL
) ENGINE=InnoDB DEFAULT CHARSET=latin1;

--
-- Dumping data for table `support`
--

INSERT INTO `support` (`SupportId`, `CompanyId`, `UserId`, `Subject`, `Message`, `CallBack`, `CreateDate`, `CreateUserId`, `ModifyDate`, `ModifyUserId`, `StatusId`) VALUES
('1d02c7d1-0210-11ea-91af-363532eb0721', '94c5b3cf-d170-11e9-b97c-48f17f8d4d88', '81de5b36-d170-11e9-b97c-48f17f8d4d88', 'Wrong info', 'Hi team, I get the wrong count after login.', 1, '2019-11-08 12:11:21', '81de5b36-d170-11e9-b97c-48f17f8d4d88', '2019-11-08 12:11:21', '81de5b36-d170-11e9-b97c-48f17f8d4d88', 1),
('2e763bbb-0212-11ea-91af-363532eb0721', '94c5b3cf-d170-11e9-b97c-48f17f8d4d88', '81de5b36-d170-11e9-b97c-48f17f8d4d88', 'Hey there', 'Hi team, I get the wrong count after login.d', 1, '2019-11-08 12:26:10', '81de5b36-d170-11e9-b97c-48f17f8d4d88', '2019-11-08 12:26:10', '81de5b36-d170-11e9-b97c-48f17f8d4d88', 1),
('5e5c615c-0211-11ea-91af-363532eb0721', '94c5b3cf-d170-11e9-b97c-48f17f8d4d88', '81de5b36-d170-11e9-b97c-48f17f8d4d88', 'e', 'ew', 0, '2019-11-08 12:20:20', '81de5b36-d170-11e9-b97c-48f17f8d4d88', '2019-11-08 12:20:20', '81de5b36-d170-11e9-b97c-48f17f8d4d88', 1),
('6c463f86-0761-11ea-bec8-4ad9491261dd', '0c89e134-02ca-11ea-91af-363532eb0721', '0c8c1818-02ca-11ea-91af-363532eb0721', 'Testing', 'Hellow testing ', 1, '2019-11-15 06:35:59', '0c8c1818-02ca-11ea-91af-363532eb0721', '2019-11-15 06:35:59', '0c8c1818-02ca-11ea-91af-363532eb0721', 1),
('8905b7cf-0307-11ea-bc5e-363532eb0721', '4b1f410b-e523-11e9-bc5d-0050569fd205', '1154faf5-e523-11e9-bc5d-0050569fd205', 'Response form is working ', 'This is a test from my phone', 1, '2019-11-09 17:42:28', '1154faf5-e523-11e9-bc5d-0050569fd205', '2019-11-09 17:42:28', '1154faf5-e523-11e9-bc5d-0050569fd205', 1),
('c44c18b9-0335-11ea-80c4-4ad9491261dd', '4b1f410b-e523-11e9-bc5d-0050569fd205', '1154faf5-e523-11e9-bc5d-0050569fd205', 'Sanity test', 'Sent from Inventory-io for Konvikt,', 1, '2019-11-09 23:13:24', '1154faf5-e523-11e9-bc5d-0050569fd205', '2019-11-09 23:13:24', '1154faf5-e523-11e9-bc5d-0050569fd205', 1);

-- --------------------------------------------------------

--
-- Table structure for table `users`
--

CREATE TABLE `users` (
  `UserId` varchar(225) NOT NULL,
  `Email` varchar(225) NOT NULL,
  `Name` varchar(100) NOT NULL,
  `Surname` varchar(100) NOT NULL,
  `CellphoneNumber` varchar(225) NOT NULL,
  `Password` varchar(25) NOT NULL,
  `CompanyId` varchar(225) DEFAULT NULL,
  `RoleId` int(10) DEFAULT NULL,
  `CreateDate` datetime NOT NULL DEFAULT current_timestamp(),
  `CreateUserId` varchar(225) NOT NULL,
  `ModifyDate` datetime NOT NULL DEFAULT current_timestamp(),
  `ModifyUserId` varchar(225) NOT NULL,
  `StatusId` int(11) NOT NULL
) ENGINE=InnoDB DEFAULT CHARSET=latin1;

--
-- Dumping data for table `users`
--

INSERT INTO `users` (`UserId`, `Email`, `Name`, `Surname`, `CellphoneNumber`, `Password`, `CompanyId`, `RoleId`, `CreateDate`, `CreateUserId`, `ModifyDate`, `ModifyUserId`, `StatusId`) VALUES
('03b5d4e1-2f20-11ea-99b8-48f17f8d4d88', 'mrnnmthembu@gmail.com', 'Mr NN', 'Mthembu', '0842529472', '1111', '94c5b3cf-d170-11e9-b97c-48f17f8d4d88', 2, '2020-01-04 20:28:33', '81de5b36-d170-11e9-b97c-48f17f8d4d88', '2020-01-04 20:28:33', '81de5b36-d170-11e9-b97c-48f17f8d4d88', 1),
('0c874339-ffae-11e9-91af-363532eb0721', 'ndumiso@gmail.com', 'John', '', '084545787', 'ndumiso@gmail.com', '0c852198-ffae-11e9-91af-363532eb0721', 16, '2019-11-05 11:24:21', 'web', '2019-11-05 11:24:21', 'web', 1),
('0c8c1818-02ca-11ea-91af-363532eb0721', 'tumi@monatecoffee.com', 'Tumi', 'Khobane', '0848060892', 'Password', '0c89e134-02ca-11ea-91af-363532eb0721', 21, '2019-11-09 10:22:20', 'web', '2019-11-09 10:22:20', 'web', 1),
('0e497316-e6a7-11e9-bc5d-0050569fd205', 'sthembelmkhize@gmail.com', 'Zamanie', '', '0817177350', 'Zamanie59', '31e21ef1-e6a7-11e9-bc5d-0050569fd205', NULL, '2019-10-04 15:01:18', 'web', '2019-10-04 15:02:18', 'web', 1),
('0e9afaa9-e8d2-11e9-bc5d-0050569fd205', 'tumik@prince.co', 'Tumi', 'Khobane', '0115483300', '1111', '23b82588-e370-11e9-bc5d-0050569fd205', NULL, '2019-10-07 09:14:09', 'c57c153d-e36e-11e9-bc5d-0050569fd205', '2019-10-07 09:14:09', 'c57c153d-e36e-11e9-bc5d-0050569fd205', 1),
('1154faf5-e523-11e9-bc5d-0050569fd205', 'ndu@live.com', 'nduduzo', '', '0746958064', '12345', '4b1f410b-e523-11e9-bc5d-0050569fd205', NULL, '2019-10-02 16:43:58', 'web', '2019-10-02 16:45:36', 'web', 1),
('15a3966e-008b-11ea-91af-363532eb0721', 'themba2@gmail.com', 'Themba', '', '01245545', 'themba2@gmail.com', '159fe132-008b-11ea-91af-363532eb0721', 19, '2019-11-06 13:46:35', 'web', '2019-11-06 13:46:35', 'web', 1),
('17d29327-e486-11e9-bc5d-0050569fd205', 'zamokuhleh4@gmail.com', 'zamokuhle', '', '0633326548', 'title12', '3ff37466-e486-11e9-bc5d-0050569fd205', NULL, '2019-10-01 22:00:18', 'web', '2019-10-01 22:01:26', 'web', 1),
('2a899557-f66b-11e9-987f-363532eb0721', 'free@twitter.co.za', 'Free', 'Khanyile', '0746958064 ', '12345', '2a87e487-f66b-11e9-987f-363532eb0721', 12, '2019-10-24 16:32:54', 'web', '2019-10-24 16:32:54', 'web', 1),
('2a983487-e8c3-11e9-bc5d-0050569fd205', 'lindo@noted.com', 'lindo', 'gabela', 'na', '12345', 'dfd5ee69-e6ac-11e9-bc5d-0050569fd205', NULL, '2019-10-07 07:27:34', 'bfb9480e-e6ac-11e9-bc5d-0050569fd205', '2019-10-07 11:16:32', 'bfb9480e-e6ac-11e9-bc5d-0050569fd205', 1),
('2e065d78-e6b2-11e9-bc5d-0050569fd205', 'lokshinlearning@gmail.com', 'samkelo', 'magoqo', '0826430926', 'Mbongeni281@', '6cf1f3f5-e6b2-11e9-bc5d-0050569fd205', NULL, '2019-10-04 16:20:56', 'web', '2019-10-04 16:22:42', 'web', 1),
('30fbbfbc-f978-11e9-987f-363532eb0721', 'petuniaza1@outlook.com', 'petunia', 'sibuyi', '0614723377', 'Petunia.77', '30f96e3f-f978-11e9-987f-363532eb0721', 14, '2019-10-28 13:43:42', 'web', '2019-10-28 13:43:42', 'web', 1),
('325b02d3-e43c-11e9-bc5d-0050569fd205', 'test@ndu.net', 'Test', '', '124545', 'test@ndu.net', 'ff4fe4de-e44b-11e9-bc5d-0050569fd205', NULL, '2019-10-01 13:11:20', 'web', '2019-10-01 15:04:27', 'web', 1),
('3a479066-008b-11ea-91af-363532eb0721', 'mxolisi@gmail.com', 'Mxolisi', '', '0763395833', '12345', '3a458a6c-008b-11ea-91af-363532eb0721', 20, '2019-11-06 13:47:36', 'web', '2019-11-06 13:47:36', 'web', 1),
('41f977a7-e518-11e9-bc5d-0050569fd205', 'citymag@mail.com', 'City', 'Mag', '0837735895', '12345', '9b8ea912-e518-11e9-bc5d-0050569fd205', NULL, '2019-10-02 15:26:36', 'web', '2019-10-02 15:29:06', 'web', 1),
('42bfaa8a-2fa9-11ea-8be9-48f17f8d4d88', 'info@zalou.co.za', 'Sibahle', '', '011 755 5547', '12345', '42be6167-2fa9-11ea-8be9-48f17f8d4d88', 24, '2020-01-05 12:51:00', 'web', '2020-01-05 12:51:00', 'web', 1),
('47e43de7-3290-11ea-b970-48f17f8d4d88', 'sizwe@sholding.co.za', 'Sizwe', '', '', 'sizwe@sholding.co.za', '47de8a17-3290-11ea-b970-48f17f8d4d88', 29, '2020-01-09 05:29:45', 'web', '2020-01-09 05:29:45', 'web', 1),
('48afb5fb-2f20-11ea-99b8-48f17f8d4d88', 'jau@gmail.com', 'Jabu', 'Khanyile', '075445451', '1111', '94c5b3cf-d170-11e9-b97c-48f17f8d4d88', 23, '2020-01-04 20:30:29', '81de5b36-d170-11e9-b97c-48f17f8d4d88', '2020-01-04 20:30:50', '81de5b36-d170-11e9-b97c-48f17f8d4d88', 1),
('49aa0dc7-fff0-11e9-91af-363532eb0721', 'sky@mail.com', 'Sky', 'Nzuza', '0746958064', '12345', '49a75007-fff0-11e9-91af-363532eb0721', 17, '2019-11-05 19:18:30', 'web', '2019-11-05 19:18:30', 'web', 1),
('4dbb4f45-e555-11e9-bc5d-0050569fd205', 'ndwandwe@gmail.com', 'Mmukeli', 'Ndwandwe', '071458745', '12345', '4b1f410b-e523-11e9-bc5d-0050569fd205', NULL, '2019-10-02 22:43:35', '1154faf5-e523-11e9-bc5d-0050569fd205', '2019-11-19 18:42:13', '1154faf5-e523-11e9-bc5d-0050569fd205', 1),
('504b2c84-f66c-11e9-987f-363532eb0721', 'enquiries.nyokabsup@mail.com', 'Nonkululeko', '', '0729647656', '201000728', '5048f837-f66c-11e9-987f-363532eb0721', 13, '2019-10-24 16:41:07', 'web', '2019-10-24 16:41:07', 'web', 1),
('54641011-f668-11e9-987f-363532eb0721', 'freedom.khanyile2@gmail.com', 'Freedom', 'Khanyile', '0746958064', '12345', '5461f5f7-f668-11e9-987f-363532eb0721', 11, '2019-10-24 16:12:36', 'web', '2019-10-24 16:12:36', 'web', 1),
('5506426f-e2e1-11e9-bc5d-0050569fd205', 'john@thenji.com', 'John ', 'Doe', '0824587874', '12345', '2d3aafa8-e2e0-11e9-bc5d-0050569fd205', NULL, '2019-09-29 19:48:23', '97aec45d-e2df-11e9-bc5d-0050569fd205', '2019-09-29 19:49:25', '97aec45d-e2df-11e9-bc5d-0050569fd205', 1),
('57c5f97d-2fc4-11ea-8be9-48f17f8d4d88', 'ndu@redcube.com', 'Ndumiso', '', '', 'ndu@redcube.com', '57c2fda6-2fc4-11ea-8be9-48f17f8d4d88', 26, '2020-01-05 16:04:52', 'web', '2020-01-05 16:04:52', 'web', 1),
('704bf544-e517-11e9-bc5d-0050569fd205', 'tumi@mail.com', 'Tumi ', 'Khobane', '0115483300', '12345', '23b82588-e370-11e9-bc5d-0050569fd205', NULL, '2019-10-02 15:20:44', 'c57c153d-e36e-11e9-bc5d-0050569fd205', '2019-10-07 13:21:36', 'c57c153d-e36e-11e9-bc5d-0050569fd205', 1),
('70648b1d-e47a-11e9-bc5d-0050569fd205', 'tanyankomontez2@gmail.com', 'Sibahle', '', '0731207109 ', '130796', 'ac9db3c5-e47a-11e9-bc5d-0050569fd205', NULL, '2019-10-01 20:36:53', 'web', '2019-10-01 20:38:34', 'web', 1),
('7667809a-e44d-11e9-bc5d-0050569fd205', 'test@test.test', 'test@test.test', '', 'test@test.test', 'test@test.test', '7e292e79-e44d-11e9-bc5d-0050569fd205', NULL, '2019-10-01 15:14:56', 'web', '2019-10-01 15:15:09', 'web', 1),
('7ecb1941-0788-11ea-bec8-4ad9491261dd', 'ndu@gmail.com', 'ndu', 'mthembu', '084252745', '1111', '0c89e134-02ca-11ea-91af-363532eb0721', 21, '2019-11-15 11:15:41', '0c8c1818-02ca-11ea-91af-363532eb0721', '2019-11-15 11:15:41', '0c8c1818-02ca-11ea-91af-363532eb0721', 1),
('7feffeff-e688-11e9-bc5d-0050569fd205', 'Hello@mulherswimwear.co.za', 'Petunia', 'Sibuyi', '0614723377 ', 'Petunia.77', '9a6037a0-e688-11e9-bc5d-0050569fd205', NULL, '2019-10-04 11:22:34', 'web', '2019-10-04 11:23:19', 'web', 1),
('8064e489-e909-11e9-bc5d-0050569fd205', 'freedom@mail.com', 'Freedom', 'Khanyile', '0746958064', '12345', '94c5b3cf-d170-11e9-b97c-48f17f8d4d88', NULL, '2019-10-07 15:51:02', '81de5b36-d170-11e9-b97c-48f17f8d4d88', '2019-10-07 15:51:51', '81de5b36-d170-11e9-b97c-48f17f8d4d88', 1),
('81de5b36-d170-11e9-b97c-48f17f8d4d88', 'ndu@mail.com', 'Ndumiso', '', '26784545', '12345', '94c5b3cf-d170-11e9-b97c-48f17f8d4d88', 2, '2019-09-07 15:07:58', 'web', '2019-09-27 23:24:09', 'web', 1),
('84e2fbdb-30b8-11ea-8b45-48f17f8d4d88', 'data@data.data', 'Data', '', '', 'data@data.data', '84e1b6d9-30b8-11ea-8b45-48f17f8d4d88', 27, '2020-01-06 21:12:44', 'web', '2020-01-06 21:12:44', 'web', 1),
('97aec45d-e2df-11e9-bc5d-0050569fd205', 'thenji@mail.com', 'Thenjiwe', 'Mlanga', '0785464545', '12345', '2d3aafa8-e2e0-11e9-bc5d-0050569fd205', NULL, '2019-09-29 19:35:56', 'web', '2019-09-29 19:40:07', 'web', 1),
('99ae6f3b-e8d3-11e9-bc5d-0050569fd205', 'mxolisip@gmail.com', 'Mxolisi', 'Ndlangamandla', '0746958064', '12345', '4b1f410b-e523-11e9-bc5d-0050569fd205', NULL, '2019-10-07 09:25:12', '1154faf5-e523-11e9-bc5d-0050569fd205', '2019-10-07 09:25:41', '1154faf5-e523-11e9-bc5d-0050569fd205', 1),
('9f675421-e517-11e9-bc5d-0050569fd205', 'mokati@mail.com', 'Mokati', 'Serobe ', '0115483300', '1111', '23b82588-e370-11e9-bc5d-0050569fd205', NULL, '2019-10-02 15:22:03', 'c57c153d-e36e-11e9-bc5d-0050569fd205', '2019-10-02 15:22:03', 'c57c153d-e36e-11e9-bc5d-0050569fd205', 1),
('abb86234-e8d1-11e9-bc5d-0050569fd205', 'tumik@monatecoffee.co.za', 'Tumi', 'Khobane', '0115483300', '1111', '23b82588-e370-11e9-bc5d-0050569fd205', NULL, '2019-10-07 09:11:23', 'c57c153d-e36e-11e9-bc5d-0050569fd205', '2019-10-07 09:11:23', 'c57c153d-e36e-11e9-bc5d-0050569fd205', 1),
('ac1fc768-18ea-11ea-8276-48f17f8d4d88', 'seddo@mail.com', 'Seddo', 'Jones', '05487878', '111111', '94c5b3cf-d170-11e9-b97c-48f17f8d4d88', 3, '2019-12-07 14:11:17', '81de5b36-d170-11e9-b97c-48f17f8d4d88', '2019-12-07 14:12:03', '81de5b36-d170-11e9-b97c-48f17f8d4d88', 1),
('b4a32eea-e35b-11e9-bc5d-0050569fd205', 'maria@mail.com', 'Maria', '', '0763246678', '12345', 'c753fd7b-e363-11e9-bc5d-0050569fd205', NULL, '2019-09-30 10:24:22', 'web', '2019-09-30 11:22:09', 'web', 1),
('b568016e-30cd-11ea-8b45-48f17f8d4d88', 'import@mail.com', 'import', '', '', 'import@mail.com', 'b565b481-30cd-11ea-8b45-48f17f8d4d88', 28, '2020-01-06 23:44:25', 'web', '2020-01-06 23:44:25', 'web', 1),
('b60027ed-05e4-11ea-abc0-4ad9491261dd', 'isithebeburial612@gmail.com', 'selby', '', '0733268826', '0324592843', 'b5fdc28c-05e4-11ea-abc0-4ad9491261dd', 22, '2019-11-13 09:10:45', 'web', '2019-11-13 09:10:45', 'web', 1),
('ba6257ea-d307-11e9-a45b-0050569fd205', 'freedom.khanyile1@gmail.com', 'Freedom', '', '0746958064', '1111', '4523af94-d172-11e9-b97c-48f17f8d4d88', NULL, '2019-09-09 15:42:55', 'web', '2019-09-09 15:42:55', 'web', 1),
('bfb9480e-e6ac-11e9-bc5d-0050569fd205', 'admin@noted.co.za', 'Admin', '', '084 252 9472 ', '12345', 'dfd5ee69-e6ac-11e9-bc5d-0050569fd205', NULL, '2019-10-04 15:42:03', 'web', '2019-10-04 15:42:58', 'web', 1),
('c3758771-e46e-11e9-bc5d-0050569fd205', 'thabani@mail.com', 'Thabani', '', '0279878781', 'thabani@mail.com', '12cf03f6-e46f-11e9-bc5d-0050569fd205', NULL, '2019-10-01 19:13:18', 'web', '2019-10-01 19:15:32', 'web', 1),
('c57c153d-e36e-11e9-bc5d-0050569fd205', 'prince@mail.com', 'Prince', 'Skhumbuzo', '0720117072', '12345', '23b82588-e370-11e9-bc5d-0050569fd205', NULL, '2019-09-30 12:40:51', 'web', '2019-09-30 12:50:38', 'web', 1),
('cd3cf692-e35d-11e9-bc5d-0050569fd205', 'kbnet@mail.com', 'KBNET', '', '1234577766', '12345', 'a8e9befd-e35e-11e9-bc5d-0050569fd205', NULL, '2019-09-30 10:39:22', 'web', '2019-09-30 10:45:31', 'web', 1),
('dfd1f43d-e44d-11e9-bc5d-0050569fd205', 'sa@sad.cooms', 'Sandile', '', '0245778', 'sa@sad.cooms', '', NULL, '2019-10-01 15:17:53', 'web', '2019-10-01 15:17:53', 'web', 1),
('e81df331-005b-11ea-91af-363532eb0721', 'channel@gmail.com', 'Channel', '', '0215778787', 'channel@gmail.com', 'e81ad518-005b-11ea-91af-363532eb0721', 18, '2019-11-06 08:08:52', 'web', '2019-11-06 08:08:52', 'web', 1),
('ea6f3106-2faf-11ea-8be9-48f17f8d4d88', 'ndumiso@ndu-systems.net', 'Ndumiso', '', '0842529472', 'ndumiso@ndu-systems.net', 'ea6c6f96-2faf-11ea-8be9-48f17f8d4d88', 25, '2020-01-05 13:38:38', 'web', '2020-01-05 13:38:38', 'web', 1),
('f01d15d4-3292-11ea-b970-48f17f8d4d88', 'siya@sholding.co.za', 'Siya', '', '', 'siya@sholding.co.za', 'f019c8c5-3292-11ea-b970-48f17f8d4d88', 30, '2020-01-09 05:48:46', 'web', '2020-01-09 05:48:46', 'web', 1),
('f80e8313-ea6f-11e9-91ab-0050569fd205', 'mxolisipn@gmail.com', 'Mxolisi', '', '0763395833', 'Password', '3743426f-ea70-11e9-91ab-0050569fd205', NULL, '2019-10-09 10:37:03', 'web', '2019-10-09 10:38:49', 'web', 1),
('fc3b79be-e161-11e9-9302-48f17f8d4d88', 'tebaza@mai.com', 'Tebza', '', '787878787', '6666', '', NULL, '2019-09-27 22:04:17', 'web', '2019-09-27 22:04:17', 'web', 1),
('fe045d55-dc80-11e9-84fb-c8f7501047dc', 'ndu.systems@gmail.com', 'Zwide', 'Nxumalo', '27746958064', '12345', NULL, NULL, '2019-09-21 17:03:38', 'web', '2019-09-21 17:03:38', 'web', 1),
('fe806151-e09b-11e9-993f-48f17f8d4d88', 'test@mail', 'Test', 'test', '713821321', '1111', '94c5b3cf-d170-11e9-b97c-48f17f8d4d88', NULL, '2019-09-26 22:27:00', '81de5b36-d170-11e9-b97c-48f17f8d4d88', '2019-09-26 22:27:00', '81de5b36-d170-11e9-b97c-48f17f8d4d88', 1),
('ffc8b900-e519-11e9-bc5d-0050569fd205', 'john@mail.com', 'John', 'Ibiyemi', '0837735895', '1111', '9b8ea912-e518-11e9-bc5d-0050569fd205', NULL, '2019-10-02 15:39:03', '41f977a7-e518-11e9-bc5d-0050569fd205', '2019-10-02 15:39:03', '41f977a7-e518-11e9-bc5d-0050569fd205', 1);

-- --------------------------------------------------------

--
-- Table structure for table `user_roles`
--

CREATE TABLE `user_roles` (
  `Id` int(11) NOT NULL,
  `UserId` varchar(225) NOT NULL,
  `RoleId` int(11) NOT NULL,
  `CreateDate` datetime NOT NULL DEFAULT current_timestamp(),
  `CreateUserId` varchar(225) NOT NULL,
  `ModifyDate` datetime NOT NULL DEFAULT current_timestamp(),
  `ModifyUserId` varchar(225) NOT NULL,
  `StatusId` int(11) NOT NULL
) ENGINE=InnoDB DEFAULT CHARSET=latin1;

--
-- Dumping data for table `user_roles`
--

INSERT INTO `user_roles` (`Id`, `UserId`, `RoleId`, `CreateDate`, `CreateUserId`, `ModifyDate`, `ModifyUserId`, `StatusId`) VALUES
(1, 'ba6257ea-d307-11e9-a45b-0050569fd205', 1, '2019-09-22 19:24:17', 'sys', '2019-09-22 19:24:17', 'sys', 1),
(2, '81de5b36-d170-11e9-b97c-48f17f8d4d88', 1, '2019-09-22 19:25:30', 'sys', '2019-09-22 19:25:30', 'sys', 1),
(3, '81de5b36-d170-11e9-b97c-48f17f8d4d88', 2, '2019-09-22 19:46:26', 'sys', '2019-09-22 19:46:26', 'sys', 1);

-- --------------------------------------------------------

--
-- Table structure for table `user_store`
--

CREATE TABLE `user_store` (
  `Id` int(10) NOT NULL,
  `UserId` varchar(225) NOT NULL,
  `StoreId` varchar(225) NOT NULL,
  `CreateDate` datetime NOT NULL DEFAULT current_timestamp(),
  `CreateUserId` varchar(225) NOT NULL,
  `ModifyDate` datetime NOT NULL DEFAULT current_timestamp(),
  `ModifyUserId` varchar(225) NOT NULL,
  `StatusId` int(11) NOT NULL
) ENGINE=InnoDB DEFAULT CHARSET=latin1;

--
-- Dumping data for table `user_store`
--

INSERT INTO `user_store` (`Id`, `UserId`, `StoreId`, `CreateDate`, `CreateUserId`, `ModifyDate`, `ModifyUserId`, `StatusId`) VALUES
(1, 'ba6257ea-d307-11e9-a45b-0050569fd205', '9a8252d4-dd5c-11e9-8ffb-c8f7501047dc', '2019-09-22 19:29:58', 'sys', '2019-09-22 19:29:58', 'sys', 1),
(2, '81de5b36-d170-11e9-b97c-48f17f8d4d88', '9a8252d4-dd5c-11e9-8ffb-c8f7501047dc', '2019-09-22 19:31:25', 'sys', '2019-09-22 19:31:25', 'sys', 1);

--
-- Indexes for dumped tables
--

--
-- Indexes for table `attribute_item`
--
ALTER TABLE `attribute_item`
  ADD PRIMARY KEY (`Id`);

--
-- Indexes for table `brand`
--
ALTER TABLE `brand`
  ADD PRIMARY KEY (`BrandId`);

--
-- Indexes for table `catergory`
--
ALTER TABLE `catergory`
  ADD PRIMARY KEY (`CatergoryId`);

--
-- Indexes for table `company`
--
ALTER TABLE `company`
  ADD PRIMARY KEY (`CompanyId`);

--
-- Indexes for table `config`
--
ALTER TABLE `config`
  ADD PRIMARY KEY (`ConfigId`);

--
-- Indexes for table `image`
--
ALTER TABLE `image`
  ADD PRIMARY KEY (`ImageId`);

--
-- Indexes for table `orders`
--
ALTER TABLE `orders`
  ADD PRIMARY KEY (`OrderId`);

--
-- Indexes for table `order_products`
--
ALTER TABLE `order_products`
  ADD PRIMARY KEY (`Id`);

--
-- Indexes for table `partner`
--
ALTER TABLE `partner`
  ADD PRIMARY KEY (`PartnerId`);

--
-- Indexes for table `permision_actions`
--
ALTER TABLE `permision_actions`
  ADD PRIMARY KEY (`Id`);

--
-- Indexes for table `permissions`
--
ALTER TABLE `permissions`
  ADD PRIMARY KEY (`PermissionId`);

--
-- Indexes for table `product`
--
ALTER TABLE `product`
  ADD PRIMARY KEY (`ProductId`);

--
-- Indexes for table `product_attribute`
--
ALTER TABLE `product_attribute`
  ADD PRIMARY KEY (`Id`);

--
-- Indexes for table `product_item`
--
ALTER TABLE `product_item`
  ADD PRIMARY KEY (`Id`);

--
-- Indexes for table `quotation`
--
ALTER TABLE `quotation`
  ADD PRIMARY KEY (`QuoteId`);

--
-- Indexes for table `roles`
--
ALTER TABLE `roles`
  ADD PRIMARY KEY (`RoleId`);

--
-- Indexes for table `role_permission`
--
ALTER TABLE `role_permission`
  ADD PRIMARY KEY (`Id`);

--
-- Indexes for table `service`
--
ALTER TABLE `service`
  ADD PRIMARY KEY (`ServiceId`);

--
-- Indexes for table `support`
--
ALTER TABLE `support`
  ADD PRIMARY KEY (`SupportId`);

--
-- Indexes for table `users`
--
ALTER TABLE `users`
  ADD PRIMARY KEY (`UserId`);

--
-- Indexes for table `user_roles`
--
ALTER TABLE `user_roles`
  ADD PRIMARY KEY (`Id`);

--
-- Indexes for table `user_store`
--
ALTER TABLE `user_store`
  ADD PRIMARY KEY (`Id`);

--
-- AUTO_INCREMENT for dumped tables
--

--
-- AUTO_INCREMENT for table `attribute_item`
--
ALTER TABLE `attribute_item`
  MODIFY `Id` int(11) NOT NULL AUTO_INCREMENT;

--
-- AUTO_INCREMENT for table `orders`
--
ALTER TABLE `orders`
  MODIFY `OrderId` int(10) NOT NULL AUTO_INCREMENT, AUTO_INCREMENT=26;

--
-- AUTO_INCREMENT for table `product_attribute`
--
ALTER TABLE `product_attribute`
  MODIFY `Id` int(10) NOT NULL AUTO_INCREMENT;

--
-- AUTO_INCREMENT for table `product_item`
--
ALTER TABLE `product_item`
  MODIFY `Id` int(10) NOT NULL AUTO_INCREMENT;

--
-- AUTO_INCREMENT for table `quotation`
--
ALTER TABLE `quotation`
  MODIFY `QuoteId` int(10) NOT NULL AUTO_INCREMENT, AUTO_INCREMENT=3;

--
-- AUTO_INCREMENT for table `roles`
--
ALTER TABLE `roles`
  MODIFY `RoleId` int(10) NOT NULL AUTO_INCREMENT, AUTO_INCREMENT=31;

--
-- AUTO_INCREMENT for table `role_permission`
--
ALTER TABLE `role_permission`
  MODIFY `Id` int(10) NOT NULL AUTO_INCREMENT, AUTO_INCREMENT=30;

--
-- AUTO_INCREMENT for table `user_roles`
--
ALTER TABLE `user_roles`
  MODIFY `Id` int(11) NOT NULL AUTO_INCREMENT, AUTO_INCREMENT=4;

--
-- AUTO_INCREMENT for table `user_store`
--
ALTER TABLE `user_store`
  MODIFY `Id` int(10) NOT NULL AUTO_INCREMENT, AUTO_INCREMENT=3;
COMMIT;

/*!40101 SET CHARACTER_SET_CLIENT=@OLD_CHARACTER_SET_CLIENT */;
/*!40101 SET CHARACTER_SET_RESULTS=@OLD_CHARACTER_SET_RESULTS */;
/*!40101 SET COLLATION_CONNECTION=@OLD_COLLATION_CONNECTION */;
